Time;Humidity;Atmospheric_Temp;Soil_Temp;Soil_Moisture
2017-06-11 21:00:21+00:00;2.525.236.729.398.150;15.487.149.147.397.100;12,46;63
2017-06-11 22:00:21+00:00;3.330.424.619.156.930;12.115.891.381.266.600;8,51;4
2017-06-11 23:00:21+00:00;2.407.205.065.971.810;1.731.920.324.220.480;11,91;100
2017-06-12 00:00:21+00:00;45.026.218.157.238.400;1.586.580.497.766.420;1,47;65
2017-06-12 01:00:21+00:00;4.149.091.654.837.020;1.384.273.878.368.460;8,50;98
2017-06-12 02:00:21+00:00;56.010.755.760.401.600;118.414.262.876.428;10,87;100
2017-06-12 03:00:21+00:00;3.289.424.129.811.630;1.820.242.899.496.870;15,04;100
2017-06-12 04:00:21+00:00;3.990.837.288.024.970;15.294.172.981.878.200;14,97;100
2017-06-12 05:00:21+00:00;3.996.186.642.023.890;1.233.085.051.457.070;0,89;100
2017-06-12 06:00:21+00:00;41.126.043.608.628.100;1.692.661.264.881.160;10,85;100
2017-06-12 07:00:21+00:00;4.106.834.091.722.460;14.059.523.066.236.100;9,98;65
2017-06-12 08:00:21+00:00;24.517.660.350.563.400;17.186.621.909.618.100;1,37;10
2017-06-12 09:00:21+00:00;38.185.694.088.802.500;11.479.714.482.442.200;11,16;62
2017-06-12 10:00:21+00:00;36.271.710.504.431.100;13.038.799.655.678.100;12,04;73
2017-06-12 11:00:21+00:00;6.257.487.932.948.880;16.877.819.367.489.600;13,07;100
2017-06-12 12:00:21+00:00;1.426.099.207.093.130;11.902.427.264.235.700;9,37;100
2017-06-12 13:00:21+00:00;45.967.685.389.047.400;12.910.175.251.551.300;1,17;74
2017-06-12 14:00:21+00:00;5.792.653.727.712.630;688.326.254.123.711;7,62;9
2017-06-12 15:00:21+00:00;23.548.637.161.246.600;14.525.105.977.001.100;12,27;100
2017-06-12 16:00:21+00:00;6.222.130.745.687.520;16.325.160.214.757.900;13,64;100
2017-06-12 17:00:21+00:00;3.890.312.474.733.640;11.289.969.844.428.800;9,51;100
2017-06-12 18:00:21+00:00;327.321.991.230.999;1.461.090.191.804.710;12,23;19
2017-06-12 19:00:21+00:00;3.758.831.073.998.710;12.212.531.074.804.100;10,31;55
2017-06-12 20:00:21+00:00;39.742.326.074.410.700;9.863.796.675.584.830;5,90;67
2017-06-12 21:00:21+00:00;3.930.672.064.638.800;12.735.807.259.274.900;6,95;75
2017-06-12 22:00:21+00:00;21.344.157.754.446.300;1.213.095.439.411.260;7,95;89
2017-06-12 23:00:21+00:00;41.547.096.558.048.300;13.834.131.387.585.100;10,14;100
2017-06-13 00:00:21+00:00;14.069.226.409.512.700;12.783.082.610.310.200;11,54;100
2017-06-13 01:00:21+00:00;29.124.674.773.695.600;1.676.946.605.885.790;12,87;98
2017-06-13 02:00:21+00:00;31.921.097.027.307.800;12.172.093.563.156.400;10,14;100
2017-06-13 03:00:21+00:00;36.639.249.551.821.600;13.211.160.055.481.700;1,07;100
2017-06-13 04:00:21+00:00;3.457.353.181.328.000;14.106.206.086.645.900;12,28;100
2017-06-13 05:00:21+00:00;3.927.171.170.830.590;1.340.139.992.239.660;9,86;66
2017-06-13 06:00:21+00:00;19.171.974.308.668.900;12.225.895.543.740.200;8,33;7
2017-06-13 07:00:21+00:00;360.391.598.676.616;13.649.638.840.360.400;50,00;60
2017-06-13 08:00:21+00:00;2.375.333.947.049.160;14.797.960.860.032.700;12,50;67
2017-06-13 09:00:21+00:00;3.879.326.718.665.390;1.570.533.352.801.220;6,58;100
2017-06-13 10:00:21+00:00;6.018.857.835.215.310;838.699.652.208.765;7,04;100
2017-06-13 11:00:21+00:00;36.558.429.256.451.500;14.754.130.667.046.900;13,58;89
2017-06-13 12:00:21+00:00;5.638.037.027.689.350;11.888.731.701.268.500;9,21;77
2017-06-13 13:00:21+00:00;3.784.199.999.645.930;16.334.388.956.480.300;13,80;100
2017-06-13 14:00:21+00:00;26.410.954.528.512.900;15.787.004.077.814.500;11,77;34
2017-06-13 15:00:21+00:00;37.683.573.226.231.200;15.770.608.927.171.200;12,61;100
2017-06-13 16:00:21+00:00;9.987.872.282.272.260;12.109.034.511.222.600;0,09;69
2017-06-13 17:00:21+00:00;4.017.437.155.660.530;10.145.808.890.385.200;9,51;37
2017-06-13 18:00:21+00:00;50.640.025.893.088.700;16.608.815.456.975.400;12,72;31
2017-06-13 19:00:21+00:00;21.703.034.810.068.800;16.360.927.558.790.600;10,71;100
2017-06-13 20:00:21+00:00;5.144.705.353.408.230;866.418.337.335.422;7,58;86
2017-06-13 21:00:21+00:00;22.711.864.024.983.100;16.861.190.880.640.100;13,23;44
2017-06-13 22:00:21+00:00;3.350.032.962.038.760;14.386.019.808.950.200;10,11;50
2017-06-13 23:00:21+00:00;2.193.158.174.645.780;13.845.192.686.191.700;12,37;86
2017-06-14 00:00:21+00:00;3.656.101.343.432.410;11.529.826.978.759.700;13,22;8
2017-06-14 01:00:21+00:00;7.270.128.914.659.320;15.985.915.898.278.100;13,73;100
2017-06-14 02:00:21+00:00;28.579.294.209.204.700;12.409.147.864.741.500;1,15;92
2017-06-14 03:00:21+00:00;3.402.622.819.748.130;12.397.858.316.424.100;1,02;100
2017-06-14 04:00:21+00:00;3.793.889.501.301.740;8.342.703.106.226.230;0,95;75
2017-06-14 05:00:21+00:00;3.456.660.165.567.330;11.720.116.114.449.700;10,68;54
2017-06-14 06:00:21+00:00;5.115.729.065.891.580;1.111.855.269.625.990;7,78;100
2017-06-14 07:00:21+00:00;29.636.610.329.808.100;8.486.435.241.185.310;7,98;87
2017-06-14 08:00:21+00:00;3.826.672.940.702.390;17.306.955.917.996.800;1,47;83
2017-06-14 09:00:21+00:00;3.074.867.599.590.510;13.222.369.723.602.800;9,79;100
2017-06-14 10:00:21+00:00;5.753.568.262.914.780;10.066.276.380.864.300;10,54;100
2017-06-14 11:00:21+00:00;3.981.270.251.274.180;11.186.834.502.514.000;0,64;100
2017-06-14 12:00:21+00:00;37.998.077.886.633.900;1.211.598.728.671.410;10,44;74
2017-06-14 13:00:21+00:00;454.064.977.774.256;12.078.438.440.825.800;0,88;100
2017-06-14 14:00:21+00:00;53.416.263.491.813.300;15.467.369.216.585.100;9,16;7
2017-06-14 15:00:21+00:00;4.892.111.373.435.030;12.871.827.592.730.400;10,53;100
2017-06-14 16:00:21+00:00;46.730.888.516.501.700;13.764.301.477.917.200;10,18;100
2017-06-14 17:00:21+00:00;5.195.268.983.231.800;12.882.805.330.448.000;9,14;13
2017-06-14 18:00:21+00:00;3.452.343.283.688.540;16.346.283.132.599.400;10,96;100
2017-06-14 19:00:21+00:00;6.065.823.896.968.020;1.686.729.796.476.190;1,75;100
2017-06-14 20:00:21+00:00;4.655.371.403.821.340;13.200.472.681.364.100;5,64;87
2017-06-14 21:00:21+00:00;4.381.847.483.391.990;1.122.948.452.987.990;4,66;75
2017-06-14 22:00:21+00:00;3.442.084.316.671.610;13.259.345.139.268.400;11,65;53
2017-06-14 23:00:21+00:00;195.488.854.533.443;5.980.075.138.684.230;5,71;100
2017-06-15 00:00:21+00:00;3.625.104.352.190.740;14.285.820.273.306.600;8,65;59
2017-06-15 01:00:21+00:00;25.905.022.907.411.000;10.228.199.241.170.900;6,99;100
2017-06-15 02:00:21+00:00;30.117.603.842.435.200;12.988.887.794.549.800;11,64;46
2017-06-15 03:00:21+00:00;36.807.253.487.106.300;1.466.923.765.514.040;11,18;77
2017-06-15 04:00:21+00:00;5.347.608.246.073.120;12.141.519.975.975.600;11,31;6
2017-06-15 05:00:21+00:00;34.492.482.833.784.800;12.461.390.189.564.500;9,88;16
2017-06-15 06:00:21+00:00;2.285.945.777.353.380;14.150.959.592.002.500;10,28;68
2017-06-15 07:00:21+00:00;17.746.233.329.503.600;12.171.054.178.044.600;6,82;100
2017-06-15 08:00:21+00:00;20.949.476.003.338.600;15.767.651.368.155;12,48;79
2017-06-15 09:00:21+00:00;62.316.782.715.157.300;1.540.018.921.081.530;11,04;4
2017-06-15 10:00:21+00:00;2.779.782.884.984.720;14.901.517.027.573.000;13,91;50
2017-06-15 11:00:21+00:00;13.383.684.161.493.400;11.995.937.951.569.400;11,51;100
2017-06-15 12:00:21+00:00;3.883.795.566.874.140;14.916.339.934.290.200;11,44;54
2017-06-15 13:00:21+00:00;28.591.825.327.848;11.722.646.956.635.100;9,31;75
2017-06-15 14:00:21+00:00;3.542.577.292.703.340;13.313.370.830.120.600;9,91;6
2017-06-15 15:00:21+00:00;49.419.850.853.307.700;7.130.511.950.541.740;4,64;87
2017-06-15 16:00:21+00:00;502.221.810.951.456;16.332.477.946.791.400;10,93;13
2017-06-15 17:00:21+00:00;3.267.063.986.114.610;1.771.452.490.821.050;14,31;100
2017-06-15 18:00:21+00:00;3.971.435.259.719.400;14.070.460.657.938.000;10,68;95
2017-06-15 19:00:21+00:00;53.967.063.918.040.200;9.688.014.799.387.790;10,73;93
2017-06-15 20:00:21+00:00;25.856.107.755.393.300;12.996.987.134.842.700;9,69;29
2017-06-15 21:00:21+00:00;19.347.570.344.191.500;13.697.479.166.335.400;15,77;100
2017-06-15 22:00:21+00:00;4.186.056.344.990.720;1.356.395.276.898.940;14,47;100
2017-06-15 23:00:21+00:00;19.965.934.095.595.700;19.689.661.217.159.100;1,43;60
2017-06-16 00:00:21+00:00;30.245.944.460.512.100;12.931.781.985.121.000;10,19;45
2017-06-16 01:00:21+00:00;36.192.592.360.918.400;1.212.441.025.898.490;50,00;10
2017-06-16 02:00:21+00:00;3.803.540.997.990.890;13.920.473.598.428.900;10,30;15
2017-06-16 03:00:21+00:00;3.201.476.813.109.030;13.178.740.198.154.100;11,29;100
2017-06-16 04:00:21+00:00;4.901.855.462.344.530;11.706.868.304.162.900;9,78;15
2017-06-16 05:00:21+00:00;3.628.082.645.597.470;9.250.994.771.876.680;5,78;57
2017-06-16 06:00:21+00:00;139.471.299.544.084;15.301.812.224.697.900;12,09;100
2017-06-16 07:00:21+00:00;3.932.551.955.092.150;11.428.459.953.324.700;10,14;52
2017-06-16 08:00:21+00:00;38.458.125.290.481.300;11.083.387.335.549.700;8,61;13
2017-06-16 09:00:21+00:00;3.261.369.399.658.830;11.557.427.183.527.600;11,94;100
2017-06-16 10:00:21+00:00;3.389.646.952.086.210;9.978.407.446.681.930;7,80;64
2017-06-16 11:00:21+00:00;2.857.947.304.054.930;15.116.630.620.433.300;8,92;100
2017-06-16 12:00:21+00:00;24.118.319.354.964.300;14.792.590.830.168.700;8,63;51
2017-06-16 13:00:21+00:00;5.462.657.570.079.780;13.985.926.492.791.800;10,44;100
2017-06-16 14:00:21+00:00;42.865.757.741.189.800;1.524.700.701.862.350;9,82;61
2017-06-16 15:00:21+00:00;4.381.869.486.113.100;14.572.247.527.223.100;8,42;100
2017-06-16 16:00:21+00:00;3.218.130.241.455.730;14.951.066.927.680.800;11,11;100
2017-06-16 17:00:21+00:00;2.238.226.610.335.830;17.951.265.147.449.700;15,95;95
2017-06-16 18:00:21+00:00;-4.168.218.290.420.380;15.906.886.364.877.200;11,80;32
2017-06-16 19:00:21+00:00;5.001.126.529.958.260;13.951.394.449.130.900;11,82;12
2017-06-16 20:00:21+00:00;62.868.456.969.816.600;1.125.987.111.566.210;11,88;100
2017-06-16 21:00:21+00:00;1.978.944.288.987.730;9.653.295.840.751.060;0,85;88
2017-06-16 22:00:21+00:00;12.098.400.649.187.000;9.256.576.664.824.510;50,00;100
2017-06-16 23:00:21+00:00;43.013.553.814.074.300;15.820.931.715.196.700;12,61;8
2017-06-17 00:00:21+00:00;590.220.460.618.665;1.217.156.291.903.800;8,86;100
2017-06-17 01:00:21+00:00;2.584.896.956.019.030;13.717.365.841.773.100;11,98;72
2017-06-17 02:00:21+00:00;6.151.217.536.229.030;11.212.976.973.289.300;9,34;16
2017-06-17 03:00:21+00:00;3.971.427.715.248.760;1.887.573.764.685.310;14,54;99
2017-06-17 04:00:21+00:00;5.391.993.620.438.930;916.820.990.673.982;7,49;36
2017-06-17 05:00:21+00:00;5.017.560.280.303.600;13.861.425.905.244.000;10,45;100
2017-06-17 06:00:21+00:00;32.737.118.285.868.700;12.655.090.370.670.700;6,93;100
2017-06-17 07:00:21+00:00;3.387.829.902.382.120;13.569.572.700.440.900;6,98;13
2017-06-17 08:00:21+00:00;3.240.127.377.233.590;12.747.247.290.348.200;11,95;3
2017-06-17 09:00:21+00:00;3.747.322.031.684.210;11.362.478.396.469.200;11,15;51
2017-06-17 10:00:21+00:00;2.570.380.681.244.980;10.812.536.404.824.200;0,90;100
2017-06-17 11:00:21+00:00;18.623.328.399.652.400;1.849.467.894.440.570;16,68;65
2017-06-17 12:00:21+00:00;43.572.188.477.236.200;12.802.418.736.556.900;13,67;72
2017-06-17 13:00:21+00:00;19.602.215.116.540.400;14.355.318.978.641.100;10,58;100
2017-06-17 14:00:21+00:00;2.340.429.908.897.380;9.658.026.896.216.920;50,00;100
2017-06-17 15:00:21+00:00;12.264.453.311.214.500;8.389.206.067.672.400;0,82;48
2017-06-17 16:00:21+00:00;4.820.272.926.951.610;1.188.350.541.628.950;12,30;57
2017-06-17 17:00:21+00:00;6.510.139.374.221.770;15.643.191.595.600.400;11,17;100
2017-06-17 18:00:21+00:00;1.841.150.098.308.390;13.593.775.998.218.400;1,38;83
2017-06-17 19:00:21+00:00;26.733.565.251.160.100;12.215.187.895.115.100;0,90;100
2017-06-17 20:00:21+00:00;34.979.551.540.447.000;14.567.821.937.652.000;12,10;89
2017-06-17 21:00:21+00:00;46.602.803.781.671.100;12.189.941.599.034.200;0,90;66
2017-06-17 22:00:21+00:00;3.328.844.054.572.140;16.864.808.851.481.600;13,99;100
2017-06-17 23:00:21+00:00;5.522.965.626.439.680;16.964.126.524.877.800;11,47;68
2017-06-18 00:00:21+00:00;26.542.293.027.654.700;1.212.462.315.849.160;1,18;100
2017-06-18 01:00:21+00:00;3.636.012.648.389.090;11.640.740.526.286.900;6,04;100
2017-06-18 02:00:21+00:00;3.610.801.249.609.860;1.334.736.585.608.030;8,81;100
2017-06-18 03:00:21+00:00;12.708.237.129.195.800;14.560.204.354.764.100;14,24;40
2017-06-18 04:00:21+00:00;3.420.891.979.476.500;12.860.825.787.414.800;14,81;85
2017-06-18 05:00:21+00:00;38.511.019.542.301.700;16.062.679.375.613.300;0,12;6
2017-06-18 06:00:21+00:00;1.600.600.591.593.620;14.169.252.950.454.000;14,40;100
2017-06-18 07:00:21+00:00;24.971.160.286.348.900;16.165.284.002.493.700;15,52;100
2017-06-18 08:00:21+00:00;5.991.047.886.325.660;10.802.508.128.845.300;9,46;100
2017-06-18 09:00:21+00:00;2.654.911.897.771.290;12.087.345.337.694.800;8,71;65
2017-06-18 10:00:21+00:00;36.645.489.193.113.700;14.818.549.305.814.500;14,66;86
2017-06-18 11:00:21+00:00;31.612.571.409.125.900;13.653.452.582.874.800;10,55;59
2017-06-18 12:00:21+00:00;27.803.574.968.091.900;13.069.821.300.332.200;1,14;79
2017-06-18 13:00:21+00:00;2.073.386.965.109.910;12.265.668.506.864.200;5,49;82
2017-06-18 14:00:21+00:00;4.011.779.444.766.610;13.735.497.099.067.300;10,18;100
2017-06-18 15:00:21+00:00;22.242.026.867.501.800;1.699.006.209.279.700;12,37;100
2017-06-18 16:00:21+00:00;32.240.171.306.089.300;8.650.873.253.028.450;7,17;100
2017-06-18 17:00:21+00:00;51.447.557.844.864.600;13.156.382.170.364.100;9,90;100
2017-06-18 18:00:21+00:00;24.330.179.901.124.500;13.261.962.188.638.700;0,96;79
2017-06-18 19:00:21+00:00;5.127.393.217.839.240;10.886.899.824.978.000;8,70;100
2017-06-18 20:00:21+00:00;29.866.039.878.711.600;13.146.629.191.792.300;8,97;56
2017-06-18 21:00:21+00:00;3.448.094.005.602.730;9.547.746.205.989.170;4,33;100
2017-06-18 22:00:21+00:00;4.203.256.330.472.610;12.107.829.699.723.400;8,79;95
2017-06-18 23:00:21+00:00;17.770.607.922.532.700;12.873.725.023.784.500;9,85;100
2017-06-19 00:00:21+00:00;4.480.044.192.602.090;13.512.473.577.076.400;12,31;100
2017-06-19 01:00:21+00:00;20.987.518.150.424.300;18.074.310.486.062.500;14,05;100
2017-06-19 02:00:21+00:00;38.653.820.566.876.600;11.545.021.383.549.600;10,02;98
2017-06-19 03:00:21+00:00;21.849.063.701.118.900;10.311.629.393.974.900;6,80;89
2017-06-19 04:00:21+00:00;39.279.750.827.494.000;1.593.200.697.463.370;1,27;94
2017-06-19 05:00:21+00:00;2.204.385.512.369.880;2.697.718.556.603.670;0,00;49
2017-06-19 06:00:21+00:00;28.947.495.078.617.600;1.202.323.139.019.420;0,84;100
2017-06-19 07:00:21+00:00;2.883.734.766.585.060;12.734.983.056.485.000;4,74;60
2017-06-19 08:00:21+00:00;4.300.029.824.044.440;11.241.672.003.383.600;6,61;100
2017-06-19 09:00:21+00:00;5.409.703.803.213.520;13.294.865.532.470.200;8,09;53
2017-06-19 10:00:21+00:00;3.025.849.432.333.660;1.195.174.768.172.900;10,79;100
2017-06-19 11:00:21+00:00;3.276.317.181.777.680;9.300.229.809.933.260;0,81;67
2017-06-19 12:00:21+00:00;25.707.816.146.941.200;15.024.608.350.128.200;14,16;100
2017-06-19 13:00:21+00:00;5.489.036.809.691.330;15.118.557.167.532.800;0,95;100
2017-06-19 14:00:21+00:00;32.920.127.799.981.200;1.112.949.007.789.140;1,05;17
2017-06-19 15:00:21+00:00;42.035.450.774.604.100;12.212.102.989.987.400;0,86;100
2017-06-19 16:00:21+00:00;3.856.775.120.624.450;18.027.937.740.850.300;1,80;17
2017-06-19 17:00:21+00:00;2.474.103.635.340.640;14.613.063.508.213.000;11,33;79
2017-06-19 18:00:21+00:00;4.252.372.726.609.210;13.525.559.832.861.700;14,03;70
2017-06-19 19:00:21+00:00;4.983.360.033.684.410;17.449.091.835.911.800;19,71;61
2017-06-19 20:00:21+00:00;31.413.860.418.089.500;9.590.877.037.138.360;8,52;92
2017-06-19 21:00:21+00:00;4.979.047.164.599.750;8.593.148.762.540.690;10,44;87
2017-06-19 22:00:21+00:00;3.901.999.110.466.050;13.929.997.012.469.900;10,48;68
2017-06-19 23:00:21+00:00;1.953.242.394.587.400;1.556.319.499.747.170;15,07;91
2017-06-20 00:00:21+00:00;57.019.826.636.282.500;9.374.844.334.166.180;50,00;100
2017-06-20 01:00:21+00:00;46.469.398.565.153.400;10.372.187.889.652.500;9,43;52
2017-06-20 02:00:21+00:00;1.844.335.709.758.960;15.449.085.371.986.200;13,37;85
2017-06-20 03:00:21+00:00;24.673.258.448.676.900;10.729.593.084.740.900;8,23;91
2017-06-20 04:00:21+00:00;5.229.626.059.825.100;12.903.564.377.423.000;7,36;75
2017-06-20 05:00:21+00:00;22.759.703.471.383.500;14.034.278.977.537.100;8,51;13
2017-06-20 06:00:21+00:00;1.747.519.243.760.180;15.841.604.781.169.700;14,99;59
2017-06-20 07:00:21+00:00;15.770.408.284.794.900;12.781.645.486.018.900;10,60;7
2017-06-20 08:00:21+00:00;26.521.992.820.552.600;14.719.654.591.138.000;13,72;86
2017-06-20 09:00:21+00:00;4.578.427.965.879.030;10.517.924.130.491.800;50,00;12
2017-06-20 10:00:21+00:00;3.821.974.962.331.950;1.495.370.359.202.650;11,27;100
2017-06-20 11:00:21+00:00;20.240.060.639.187.100;11.320.386.696.809.900;8,34;100
2017-06-20 12:00:21+00:00;33.224.371.431.245.400;10.175.553.955.386.900;4,80;92
2017-06-20 13:00:21+00:00;4.155.433.319.104.770;18.535.325.650.747.600;14,14;78
2017-06-20 14:00:21+00:00;2.278.511.363.466.060;17.964.719.756.958.600;13,74;100
2017-06-20 15:00:21+00:00;33.143.459.997.889.400;13.884.441.186.627.600;11,09;100
2017-06-20 16:00:21+00:00;5.614.144.731.813.620;17.278.463.211.057.800;13,32;100
2017-06-20 17:00:21+00:00;3.672.462.196.582.960;1.273.478.308.939.960;12,91;73
2017-06-20 18:00:21+00:00;5.630.231.478.256.700;13.195.085.593.347.100;9,39;14
2017-06-20 19:00:21+00:00;25.694.709.804.468.600;13.096.790.859.722.700;1,22;100
2017-06-20 20:00:21+00:00;31.013.483.685.692.300;11.309.151.608.488.700;0,96;61
2017-06-20 21:00:21+00:00;5.391.854.207.460.740;78.381.372.078.016.700;6,33;9
2017-06-20 22:00:21+00:00;36.629.587.042.613.000;1.277.470.955.743.720;1,17;100
2017-06-20 23:00:21+00:00;18.594.937.269.047.600;16.684.771.855.929.800;12,67;1
2017-06-21 00:00:21+00:00;61.289.655.872.646.200;14.194.226.147.882.500;10,31;100
2017-06-21 01:00:21+00:00;3.833.372.602.426.950;15.501.160.280.024.500;11,68;77
2017-06-21 02:00:21+00:00;5.919.249.273.924.590;14.478.748.441.796.500;12,00;45
2017-06-21 03:00:21+00:00;27.735.370.330.396.000;11.471.281.603.030.800;50,00;99
2017-06-21 04:00:21+00:00;3.309.227.870.771.610;14.127.281.296.282.500;10,97;90
2017-06-21 05:00:21+00:00;44.499.407.140.037.900;12.718.844.092.198.800;11,56;100
2017-06-21 06:00:21+00:00;545.514.464.027.529;10.947.295.482.532.500;8,71;100
2017-06-21 07:00:21+00:00;4.795.239.339.101.910;1.575.597.218.981.910;12,84;74
2017-06-21 08:00:21+00:00;5.995.907.544.104.420;10.358.400.142.463.000;9,21;100
2017-06-21 09:00:21+00:00;2.716.820.005.710.590;1.192.627.641.726.760;9,72;98
2017-06-21 10:00:21+00:00;3.531.302.532.060.280;18.903.559.699.281.800;11,88;43
2017-06-21 11:00:21+00:00;4.463.822.014.485.270;15.226.940.614.546.200;15,10;29
2017-06-21 12:00:21+00:00;30.755.632.650.447.700;14.119.598.349.316.200;1,65;10
2017-06-21 13:00:21+00:00;326.125.091.386.954;8.252.157.426.564.750;9,65;45
2017-06-21 14:00:21+00:00;38.521.222.192.676.300;13.239.017.664.154.400;10,16;90
2017-06-21 15:00:21+00:00;2.559.844.581.094.280;10.699.848.617.291.600;6,79;100
2017-06-21 16:00:21+00:00;27.294.504.787.508.800;13.335.913.972.715.800;1,37;100
2017-06-21 17:00:21+00:00;3.779.204.224.478.800;13.063.268.916.658.100;10,74;7
2017-06-21 18:00:21+00:00;3.588.424.113.791.630;11.446.807.964.124.000;11,02;75
2017-06-21 19:00:21+00:00;19.546.033.397.087.100;16.369.492.188.270.900;11,11;100
2017-06-21 20:00:21+00:00;3.798.052.103.854.090;15.841.630.131.834.000;13,70;39
2017-06-21 21:00:21+00:00;4.196.736.447.497.460;10.793.438.101.667.700;9,41;100
2017-06-21 22:00:21+00:00;5.164.584.252.920.220;17.343.840.857.678.000;16,64;100
2017-06-21 23:00:21+00:00;36.122.359.367.272.000;10.736.016.183.971.000;10,23;100
2017-06-22 00:00:21+00:00;48.462.921.512.343.600;17.562.586.416.853.700;14,38;52
2017-06-22 01:00:21+00:00;9.828.266.058.429.970;1.301.343.726.982.850;1,42;66
2017-06-22 02:00:21+00:00;35.222.699.640.765.200;12.553.471.584.030.400;9,51;29
2017-06-22 03:00:21+00:00;2.771.905.028.485.360;1.713.750.500.438.280;16,78;79
2017-06-22 04:00:21+00:00;2.939.328.149.356.040;13.126.808.433.656.200;11,63;100
2017-06-22 05:00:21+00:00;39.959.380.883.679.900;1.618.790.227.225.670;14,43;100
2017-06-22 06:00:21+00:00;13.456.715.616.890.200;10.368.500.012.908.700;1,42;5
2017-06-22 07:00:21+00:00;13.915.965.985.900.400;13.594.194.968.844.000;6,59;69
2017-06-22 08:00:21+00:00;4.265.970.902.203.850;14.676.328.851.126.300;8,96;23
2017-06-22 09:00:21+00:00;36.812.936.518.781.500;1.642.759.292.151.900;15,49;100
2017-06-22 10:00:21+00:00;2.551.713.707.422.850;1.525.353.694.117.040;14,03;94
2017-06-22 11:00:21+00:00;52.128.913.102.261.400;13.634.073.019.507.800;11,16;14
2017-06-22 12:00:21+00:00;48.190.948.928.396.300;14.674.126.162.586.600;13,98;87
2017-06-22 13:00:21+00:00;4.069.030.628.332.380;11.759.537.744.852.400;7,17;100
2017-06-22 14:00:21+00:00;17.128.571.785.663.500;14.990.567.382.083.300;15,90;13
2017-06-22 15:00:21+00:00;5.222.312.155.827.960;14.683.930.407.723.400;14,52;100
2017-06-22 16:00:21+00:00;12.047.927.096.500.200;11.638.573.841.091.300;12,68;7
2017-06-22 17:00:21+00:00;211.663.664.636.938;13.823.506.151.572.200;0,08;70
2017-06-22 18:00:21+00:00;4.517.736.349.245.540;15.396.001.870.231.100;14,45;49
2017-06-22 19:00:21+00:00;14.060.176.051.055.200;1.945.395.084.309.580;15,57;60
2017-06-22 20:00:21+00:00;5.202.944.463.528.690;16.401.181.165.058.000;17,90;47
2017-06-22 21:00:21+00:00;5.998.631.679.483.830;14.070.952.567.416.000;11,78;53
2017-06-22 22:00:21+00:00;4.342.841.198.660.850;14.215.571.404.103.600;9,60;96
2017-06-22 23:00:21+00:00;26.254.461.521.815.100;13.172.574.900.915.400;11,71;78
2017-06-23 00:00:21+00:00;18.847.895.293.505.500;13.795.315.147.694.500;7,65;14
2017-06-23 01:00:21+00:00;15.319.567.646.563.400;15.408.427.391.665.900;14,44;100
2017-06-23 02:00:21+00:00;3.867.738.582.257.070;15.348.371.638.517.500;11,43;100
2017-06-23 03:00:21+00:00;3.695.229.774.205.320;13.318.353.119.603.300;10,30;91
2017-06-23 04:00:21+00:00;3.920.760.711.926.190;10.858.015.346.768.000;9,18;100
2017-06-23 05:00:21+00:00;5.366.690.103.892.720;13.005.819.295.481.200;9,78;15
2017-06-23 06:00:21+00:00;46.393.639.419.024.100;11.497.417.774.244.800;1,25;11
2017-06-23 07:00:21+00:00;4.062.278.324.661.900;10.576.018.649.846.000;7,90;76
2017-06-23 08:00:21+00:00;36.197.978.157.513.000;15.001.222.231.047.300;0,13;100
2017-06-23 09:00:21+00:00;22.176.044.558.063.200;14.363.216.925.705.500;1,26;100
2017-06-23 10:00:21+00:00;4.279.865.586.762.300;11.295.859.638.327.900;9,12;59
2017-06-23 11:00:21+00:00;3.892.714.384.569.210;12.737.694.887.210.700;8,61;100
2017-06-23 12:00:21+00:00;4.914.167.421.954.560;14.269.305.474.503.300;6,86;45
2017-06-23 13:00:21+00:00;3.876.279.273.252.150;14.149.972.142.505.000;13,53;100
2017-06-23 14:00:21+00:00;6.564.874.677.284.660;14.590.828.815.361.000;0,96;55
2017-06-23 15:00:21+00:00;5.155.608.666.935.160;1.167.591.237.973.430;13,36;83
2017-06-23 16:00:21+00:00;11.562.301.581.743.300;14.393.687.188.003.300;10,28;86
2017-06-23 17:00:21+00:00;3.866.615.639.022.460;13.409.459.210.382.400;13,27;46
2017-06-23 18:00:21+00:00;510.875.275.884.345;15.397.686.646.113.300;12,58;47
2017-06-23 19:00:21+00:00;2.665.083.822.117.520;16.132.683.292.844.400;1,61;12
2017-06-23 20:00:21+00:00;24.367.903.040.674.100;20.874.117.640.037.800;17,46;76
2017-06-23 21:00:21+00:00;5.580.633.554.956.850;16.702.311.343.188.200;14,32;59
2017-06-23 22:00:21+00:00;2.288.051.272.604.800;13.830.813.543.707.500;8,75;97
2017-06-23 23:00:21+00:00;431.685.677.540.243;13.433.394.269.788.400;12,27;100
2017-06-24 00:00:21+00:00;35.129.824.959.249.600;1.125.443.180.533.790;1,09;33
2017-06-24 01:00:21+00:00;4.536.224.786.095.210;1.131.456.198.680.720;9,40;29
2017-06-24 02:00:21+00:00;27.930.849.562.594.800;14.183.873.733.584.400;1,35;7
2017-06-24 03:00:21+00:00;26.747.594.850.204.400;14.259.086.984.661.600;12,23;100
2017-06-24 04:00:21+00:00;4.716.578.237.065.330;20.018.022.275.104.100;18,44;73
2017-06-24 05:00:21+00:00;5.662.633.288.959.840;11.759.628.077.911.300;9,65;10
2017-06-24 06:00:21+00:00;34.079.575.007.905.900;1.150.745.184.979.170;11,43;4
2017-06-24 07:00:21+00:00;4.089.531.547.107.880;14.131.803.223.774.600;11,83;100
2017-06-24 08:00:21+00:00;4.688.074.670.830.790;1.230.286.564.655.270;1,40;100
2017-06-24 09:00:21+00:00;37.702.942.879.009.700;14.469.414.178.220.700;10,90;82
2017-06-24 10:00:21+00:00;4.489.301.030.106.700;12.375.818.202.378.800;0,97;100
2017-06-24 11:00:21+00:00;5.782.903.634.546.030;12.832.705.849.228.100;0,89;100
2017-06-24 12:00:21+00:00;18.310.754.725.017.600;14.567.198.210.745.400;10,88;32
2017-06-24 13:00:21+00:00;4.892.667.839.886.230;12.149.666.545.236.600;8,68;100
2017-06-24 14:00:21+00:00;6.329.324.862.172.490;12.650.445.650.763.300;14,24;100
2017-06-24 15:00:21+00:00;4.872.896.008.762.120;14.807.553.616.323.800;1,60;78
2017-06-24 16:00:21+00:00;19.662.727.893.882.800;1.363.800.776.544.630;10,67;96
2017-06-24 17:00:21+00:00;5.733.282.044.092.300;1.197.302.792.639.710;12,42;67
2017-06-24 18:00:21+00:00;3.581.450.504.284.550;12.355.851.169.807.600;9,56;33
2017-06-24 19:00:21+00:00;42.219.396.487.853.300;1.605.400.656.175.270;13,71;100
2017-06-24 20:00:21+00:00;4.857.035.177.556.650;14.277.926.193.402.000;1,45;76
2017-06-24 21:00:21+00:00;5.461.477.940.991.330;12.648.064.148.193.500;9,65;16
2017-06-24 22:00:21+00:00;24.239.987.383.603.900;15.625.725.512.520.500;1,05;14
2017-06-24 23:00:21+00:00;3.595.183.996.502.510;14.583.274.198.595.200;12,61;100
2017-06-25 00:00:21+00:00;3.791.585.629.554.730;1.681.203.305.142.600;11,83;100
2017-06-25 01:00:21+00:00;2.358.897.887.325.880;15.674.075.138.807.800;12,61;7
2017-06-25 02:00:21+00:00;4.447.636.630.899.000;16.354.991.536.159.900;13,74;100
2017-06-25 03:00:21+00:00;3.259.203.864.845.450;12.699.731.561.721.600;11,52;10
2017-06-25 04:00:21+00:00;3.751.326.412.874.350;11.368.586.688.536.000;1,05;0
2017-06-25 05:00:21+00:00;28.532.565.313.148.300;15.397.589.773.600.200;12,93;61
2017-06-25 06:00:21+00:00;42.232.979.611.365.900;15.420.593.142.858.500;1,41;100
2017-06-25 07:00:21+00:00;28.160.128.373.638.000;13.271.090.778.230.900;13,74;90
2017-06-25 08:00:21+00:00;3.607.481.888.083.180;10.993.652.149.961.700;1,05;3
2017-06-25 09:00:21+00:00;3.540.810.910.717.970;14.269.759.845.207.700;13,53;100
2017-06-25 10:00:21+00:00;28.314.053.612.560.800;14.467.457.494.236.800;9,80;100
2017-06-25 11:00:21+00:00;13.568.741.605.768.500;10.231.137.994.383.500;8,64;11
2017-06-25 12:00:21+00:00;4.396.545.425.373.150;14.433.078.435.726.500;12,39;1
2017-06-25 13:00:21+00:00;34.065.184.135.958.300;16.316.583.071.729.600;17,71;37
2017-06-25 14:00:21+00:00;32.360.572.253.602.200;10.337.606.251.989.600;3,89;100
2017-06-25 15:00:21+00:00;3.464.019.793.034.210;14.808.870.620.083.200;1,36;100
2017-06-25 16:00:21+00:00;45.034.128.004.619.600;1.670.403.356.382.240;14,47;100
2017-06-25 17:00:21+00:00;6.179.877.428.135.160;16.855.677.911.604.800;14,97;41
2017-06-25 18:00:21+00:00;15.402.647.902.379.700;8.977.696.581.921.020;4,47;100
2017-06-25 19:00:21+00:00;3.995.196.054.918.500;16.163.729.513.982.200;13,33;100
2017-06-25 20:00:21+00:00;2.982.658.232.597.300;12.764.387.853.885.300;13,97;30
2017-06-25 21:00:21+00:00;54.266.156.819.532.500;12.482.782.311.393.100;7,69;100
2017-06-25 22:00:21+00:00;1.629.580.699.016.640;1.962.015.697.234.720;17,14;76
2017-06-25 23:00:21+00:00;3.659.117.458.875.840;14.058.562.452.374.200;10,08;8
2017-06-26 00:00:21+00:00;33.927.830.367.175.300;1.259.633.556.418.660;13,44;100
2017-06-26 01:00:21+00:00;20.465.503.974.004.000;15.464.020.589.152.800;1,41;100
2017-06-26 02:00:21+00:00;25.606.188.097.532.700;17.614.540.078.122.500;15,05;97
2017-06-26 03:00:21+00:00;31.464.762.470.724.700;13.945.534.988.377.000;9,67;100
2017-06-26 04:00:21+00:00;3.800.777.819.347.610;12.230.363.521.376.500;9,50;67
2017-06-26 05:00:21+00:00;4.908.831.058.127.040;13.746.420.528.827.400;1,03;14
2017-06-26 06:00:21+00:00;3.088.575.896.792.470;16.171.542.595.322.600;11,19;100
2017-06-26 07:00:21+00:00;4.562.892.422.671.580;12.770.819.305.342.800;9,92;100
2017-06-26 08:00:21+00:00;51.458.190.379.571.400;1.617.386.317.927.810;9,04;79
2017-06-26 09:00:21+00:00;3.974.163.092.863.400;13.184.439.699.255.700;12,00;84
2017-06-26 10:00:21+00:00;4.434.944.771.607.840;9.025.696.091.738.470;6,39;100
2017-06-26 11:00:21+00:00;1.791.296.012.478.780;17.212.450.452.367.100;12,36;100
2017-06-26 12:00:21+00:00;30.898.724.335.944.000;14.338.516.713.990.300;8,60;100
2017-06-26 13:00:21+00:00;186.237.512.519.122;16.082.078.232.346.200;1,37;100
2017-06-26 14:00:21+00:00;32.878.404.941.709.400;14.258.480.897.260.900;15,27;100
2017-06-26 15:00:21+00:00;6.488.561.137.487.060;13.615.302.051.895.800;10,29;100
2017-06-26 16:00:21+00:00;5.353.807.149.156.660;15.312.806.794.365.000;15,00;100
2017-06-26 17:00:21+00:00;45.833.134.759.697.800;13.151.539.056.249.400;11,68;100
2017-06-26 18:00:21+00:00;3.786.275.030.210.400;17.924.402.415.627.300;14,02;100
2017-06-26 19:00:21+00:00;3.237.084.280.678.450;13.451.227.836.432.600;14,65;54
2017-06-26 20:00:21+00:00;4.212.642.228.719.430;1.793.740.297.689.070;10,90;59
2017-06-26 21:00:21+00:00;27.265.277.924.128.800;14.991.976.174.813.000;12,28;44
2017-06-26 22:00:21+00:00;6.557.041.857.491.260;7.748.275.157.717.630;5,49;84
2017-06-26 23:00:21+00:00;4.713.779.935.320.930;1.112.353.550.719.650;9,54;77
2017-06-27 00:00:21+00:00;4.713.094.957.947.920;15.586.391.574.316.300;10,16;12
2017-06-27 01:00:21+00:00;30.137.765.726.246.700;1.129.677.090.777.130;10,65;76
2017-06-27 02:00:21+00:00;3.097.731.692.768.330;10.234.454.380.557.800;4,93;15
2017-06-27 03:00:21+00:00;2.485.106.402.517.670;16.640.374.188.759.300;14,60;100
2017-06-27 04:00:21+00:00;21.112.574.085.565.600;9.671.984.448.203.800;6,73;100
2017-06-27 05:00:21+00:00;5.259.891.405.254.330;15.412.451.025.145.200;13,25;64
2017-06-27 06:00:21+00:00;44.659.400.137.857.000;12.643.711.276.320.300;8,70;100
2017-06-27 07:00:21+00:00;2.958.377.706.886.300;15.228.899.989.308.000;1,05;100
2017-06-27 08:00:21+00:00;275.840.537.374.113;14.171.833.679.737.400;1,45;75
2017-06-27 09:00:21+00:00;56.266.962.405.857.500;8.495.417.884.000.290;10,20;69
2017-06-27 10:00:21+00:00;425.022.790.285.978;12.761.011.484.078.300;7,92;100
2017-06-27 11:00:21+00:00;30.388.316.238.994.200;12.932.703.938.342.400;10,66;75
2017-06-27 12:00:21+00:00;5.002.510.401.925.470;14.517.503.403.975.400;13,16;100
2017-06-27 13:00:21+00:00;5.959.648.452.388.780;14.297.814.752.131.200;1,13;100
2017-06-27 14:00:21+00:00;28.401.765.411.135.500;12.930.297.605.897.800;1,03;100
2017-06-27 15:00:21+00:00;31.309.571.523.096.100;1.077.363.931.198.590;10,06;100
2017-06-27 16:00:21+00:00;3.224.736.800.890.960;14.692.272.404.427.700;1,28;100
2017-06-27 17:00:21+00:00;3.851.001.037.969.300;15.638.544.073.889.200;11,61;43
2017-06-27 18:00:21+00:00;3.479.020.336.171.550;14.327.676.929.857.000;12,52;100
2017-06-27 19:00:21+00:00;17.095.745.129.941.800;12.992.651.925.002.500;9,87;3
2017-06-27 20:00:21+00:00;2.420.629.019.067.380;12.626.372.985.631.300;9,39;75
2017-06-27 21:00:21+00:00;380.755.883.316.223;1.129.861.556.640.420;50,00;49
2017-06-27 22:00:21+00:00;5.462.414.893.174.140;14.127.713.157.647.400;9,84;57
2017-06-27 23:00:21+00:00;3.811.516.499.959.020;13.990.161.493.122.200;11,71;8
2017-06-28 00:00:21+00:00;4.660.845.369.623.160;15.553.754.817.393.200;9,38;23
2017-06-28 01:00:21+00:00;4.053.399.399.166.120;12.013.849.238.787.300;6,49;100
2017-06-28 02:00:21+00:00;3.339.017.005.160.710;13.814.269.813.147.100;10,72;100
2017-06-28 03:00:21+00:00;25.634.070.125.353.300;1.033.215.982.306.840;8,27;66
2017-06-28 04:00:21+00:00;4.067.921.793.495.410;12.701.532.233.249.900;8,06;100
2017-06-28 05:00:21+00:00;5.185.749.037.686.650;12.162.227.163.771.400;13,23;100
2017-06-28 06:00:21+00:00;18.324.742.368.915.300;16.090.945.496.238.900;11,38;100
2017-06-28 07:00:21+00:00;4.121.585.536.989.370;17.664.779.261.450.700;12,82;100
2017-06-28 08:00:21+00:00;29.568.802.758.999.800;10.671.193.521.811.100;7,06;60
2017-06-28 09:00:21+00:00;3.918.183.377.720.000;15.727.132.395.280.200;1,45;71
2017-06-28 10:00:21+00:00;2.541.768.509.883.230;15.176.139.561.085.300;15,53;48
2017-06-28 11:00:21+00:00;3.794.593.488.265.300;12.193.157.148.514.700;7,82;95
2017-06-28 12:00:21+00:00;24.176.239.544.750.100;11.701.274.934.386.100;1,10;92
2017-06-28 13:00:21+00:00;4.870.531.620.393.900;116.705.319.561.676;9,87;38
2017-06-28 14:00:21+00:00;3.662.988.968.013.170;12.609.518.000.506.900;8,56;8
2017-06-28 15:00:21+00:00;58.786.316.680.517.600;12.654.637.555.716.200;10,65;100
2017-06-28 16:00:21+00:00;3.960.738.995.230.360;13.154.274.481.185.900;7,89;65
2017-06-28 17:00:21+00:00;2.327.312.246.847.390;12.287.914.742.680.900;9,33;8
2017-06-28 18:00:21+00:00;14.443.388.446.014.900;15.480.371.447.129.100;10,38;86
2017-06-28 19:00:21+00:00;53.234.565.844.717.800;14.759.414.935.097.900;11,14;100
2017-06-28 20:00:21+00:00;2.807.621.636.065.330;13.104.804.631.314.300;1,06;10
2017-06-28 21:00:21+00:00;2.346.441.297.874.520;12.216.370.861.473.400;12,76;59
2017-06-28 22:00:21+00:00;5.330.295.996.327.940;12.151.602.419.901.800;9,83;57
2017-06-28 23:00:21+00:00;29.565.855.465.510.000;1.458.950.467.531.020;9,68;100
2017-06-29 00:00:21+00:00;4.717.676.194.334.710;13.661.357.576.124.400;10,96;71
2017-06-29 01:00:21+00:00;3.987.466.620.863.890;14.007.245.449.846.600;7,06;1
2017-06-29 02:00:21+00:00;10.224.829.961.322.600;15.607.579.886.333.400;14,20;100
2017-06-29 03:00:21+00:00;43.798.328.945.961.500;13.393.293.344.339.800;9,09;100
2017-06-29 04:00:21+00:00;21.782.217.112.056.300;16.849.179.014.207.400;17,28;99
2017-06-29 05:00:21+00:00;21.722.484.551.119.100;8.667.159.364.978.750;0,88;100
2017-06-29 06:00:21+00:00;847.631.086.144.095;10.334.515.727.441.800;8,48;100
2017-06-29 07:00:21+00:00;19.019.398.750.673.700;17.916.423.246.542.600;13,74;100
2017-06-29 08:00:21+00:00;31.370.431.692.890.600;1.256.012.827.709.910;9,19;100
2017-06-29 09:00:21+00:00;3.628.292.989.097.260;14.243.812.441.427.000;10,67;39
2017-06-29 10:00:21+00:00;3.626.720.429.986.810;1.656.520.264.470.500;0,13;41
2017-06-29 11:00:21+00:00;4.651.844.278.667.790;1.435.781.243.211.340;1,07;100
2017-06-29 12:00:21+00:00;12.909.069.221.579.300;15.740.081.636.317.900;13,70;100
2017-06-29 13:00:21+00:00;8.336.944.758.430.920;15.018.595.886.175.000;14,95;76
2017-06-29 14:00:21+00:00;6.635.022.390.212.490;1.590.968.168.188.340;12,93;100
2017-06-29 15:00:21+00:00;3.434.722.572.622.690;14.721.165.908.289.600;1,40;87
2017-06-29 16:00:21+00:00;41.681.985.455.032.200;15.298.825.078.571.200;0,96;100
2017-06-29 17:00:21+00:00;17.709.249.346.468.400;12.118.130.512.221.700;10,41;100
2017-06-29 18:00:21+00:00;4.377.024.913.478.280;14.794.092.029.570.600;12,01;61
2017-06-29 19:00:21+00:00;4.900.614.510.665.630;13.426.913.072.216.300;7,95;93
2017-06-29 20:00:21+00:00;1.121.494.921.056.520;13.313.876.664.865.400;10,14;88
2017-06-29 21:00:21+00:00;434.294.375.549.504;9.451.313.732.394.120;0,93;100
2017-06-29 22:00:21+00:00;4.197.830.520.887.040;12.502.218.707.056.900;4,62;100
2017-06-29 23:00:21+00:00;37.849.504.341.753.300;13.199.061.732.427.000;10,16;45
2017-06-30 00:00:21+00:00;3.637.952.797.262.040;17.299.180.079.096.400;12,93;73
2017-06-30 01:00:21+00:00;2.748.009.833.316.110;12.847.436.376.427.600;10,82;100
2017-06-30 02:00:21+00:00;4.117.443.193.259.260;14.211.337.266.206.200;13,18;13
2017-06-30 03:00:21+00:00;43.157.418.027.578.400;16.861.705.980.040.500;14,89;100
2017-06-30 04:00:21+00:00;42.752.506.310.129;10.522.434.702.529.200;10,36;100
2017-06-30 05:00:21+00:00;3.200.467.357.815.520;1.259.591.542.281.150;12,44;42
2017-06-30 06:00:21+00:00;2.916.310.462.999.650;15.659.119.772.381.900;1,18;54
2017-06-30 07:00:21+00:00;3.586.686.538.623.860;1.951.570.835.685.050;10,76;84
2017-06-30 08:00:21+00:00;341.739.373.421.729;870.923.683.625.777;8,31;35
2017-06-30 09:00:21+00:00;1.675.343.603.902.040;13.240.502.873.320.100;8,58;37
2017-06-30 10:00:21+00:00;3.742.861.959.120.830;1.504.913.385.181.650;12,60;54
2017-06-30 11:00:21+00:00;32.404.913.879.511.900;1.556.553.087.456.630;9,62;100
2017-06-30 12:00:21+00:00;3.102.092.193.582.630;18.974.240.474.593.800;13,70;100
2017-06-30 13:00:21+00:00;31.614.722.464.901.900;11.959.907.064.061.200;10,73;81
2017-06-30 14:00:21+00:00;33.250.382.251.903.000;12.954.948.952.709.300;9,48;100
2017-06-30 15:00:21+00:00;28.809.863.905.011.800;9.575.261.071.475.140;4,32;78
2017-06-30 16:00:21+00:00;4.639.156.347.658.720;138.358.954.197.878;0,84;8
2017-06-30 17:00:21+00:00;294.815.419.342.477;14.765.145.934.819.500;14,07;15
2017-06-30 18:00:21+00:00;34.548.969.793.710.300;18.600.455.633.037.600;1,42;15
2017-06-30 19:00:21+00:00;2.485.572.031.344.900;17.658.969.987.092.600;13,47;100
2017-06-30 20:00:21+00:00;200.813.730.055.172;1.720.346.960.335.750;12,54;100
2017-06-30 21:00:21+00:00;3.477.435.853.764.590;11.838.233.876.555.900;6,43;54
2017-06-30 22:00:21+00:00;43.795.706.461.538.900;14.559.352.886.021.200;11,11;42
2017-06-30 23:00:21+00:00;4.844.019.271.834.540;14.469.203.575.484.100;14,05;14
2017-07-01 00:00:21+00:00;4.425.199.160.213.210;14.658.301.988.842.100;10,17;96
2017-07-01 01:00:21+00:00;23.514.918.345.390.800;1.342.176.661.968.300;6,96;100
2017-07-01 02:00:21+00:00;35.167.993.033.707.000;1.626.874.568.710.900;14,56;69
2017-07-01 03:00:21+00:00;3.482.768.624.313.890;12.661.625.289.326.600;0,10;40
2017-07-01 04:00:21+00:00;4.454.112.248.151.520;14.324.283.403.279.400;11,84;60
2017-07-01 05:00:21+00:00;406.569.470.957.298;17.050.633.245.591.700;14,40;85
2017-07-01 06:00:21+00:00;25.465.630.883.448.500;18.749.744.998.102.400;1,15;100
2017-07-01 07:00:21+00:00;408.075.144.452.612;11.514.588.705.501.300;0,09;63
2017-07-01 08:00:21+00:00;4.232.930.704.969.260;14.860.899.486.047.300;12,37;39
2017-07-01 09:00:21+00:00;3.932.017.349.710.660;14.627.365.768.047.000;11,62;51
2017-07-01 10:00:21+00:00;3.390.400.323.845.450;16.484.563.455.116.500;1,31;50
2017-07-01 11:00:21+00:00;25.566.894.337.556.600;1.748.823.755.500.170;1,63;97
2017-07-01 12:00:21+00:00;30.737.375.153.056.500;12.716.068.303.804.400;1,11;64
2017-07-01 13:00:21+00:00;6.331.500.903.291.000;13.341.758.766.993.900;11,93;81
2017-07-01 14:00:21+00:00;20.336.387.451.157.800;13.702.724.331.425.400;1,06;49
2017-07-01 15:00:21+00:00;5.916.537.631.961.240;1.468.640.889.622.040;0,66;100
2017-07-01 16:00:21+00:00;5.873.217.147.387.640;15.531.103.905.579.200;11,77;58
2017-07-01 17:00:21+00:00;19.284.784.819.933.200;1.261.456.240.197.860;10,04;100
2017-07-01 18:00:21+00:00;25.792.803.500.037.100;1.803.024.186.972.650;14,04;3
2017-07-01 19:00:21+00:00;3.339.390.198.569.750;9.087.295.318.407.140;7,12;62
2017-07-01 20:00:21+00:00;28.840.254.803.954.800;1.062.784.676.016.400;8,93;36
2017-07-01 21:00:21+00:00;27.216.325.276.386.800;14.999.300.630.010.500;13,90;95
2017-07-01 22:00:21+00:00;4.462.886.574.737.180;13.126.595.042.456.800;8,79;100
2017-07-01 23:00:21+00:00;3.937.660.269.506.420;1.215.186.827.120.040;9,31;88
2017-07-02 00:00:21+00:00;41.660.346.583.871.500;15.852.862.392.681.400;15,76;100
2017-07-02 01:00:21+00:00;3.280.012.657.101.180;1.549.643.344.792.560;9,15;74
2017-07-02 02:00:21+00:00;3.148.617.277.402.470;16.555.663.824.455.900;12,69;50
2017-07-02 03:00:21+00:00;26.980.027.559.994.000;11.012.625.313.538.600;0,44;100
2017-07-02 04:00:21+00:00;4.089.779.848.413.630;15.496.506.584.365.300;11,88;67
2017-07-02 05:00:21+00:00;47.812.617.483.384.600;1.547.107.357.059.530;12,58;100
2017-07-02 06:00:21+00:00;21.854.879.326.565.900;11.080.899.622.594.800;5,23;100
2017-07-02 07:00:21+00:00;4.556.576.701.171.320;13.620.477.185.874.800;11,32;100
2017-07-02 08:00:21+00:00;381.269.458.513.615;15.875.484.546.283.900;1,13;100
2017-07-02 09:00:21+00:00;1.945.700.808.621.980;16.781.257.288.511.600;15,58;100
2017-07-02 10:00:21+00:00;172.410.516.370.107;1.316.888.812.888.550;11,49;57
2017-07-02 11:00:21+00:00;3.308.358.125.269.310;10.859.396.248.351.100;7,60;100
2017-07-02 12:00:21+00:00;27.457.142.855.003.200;1.724.232.331.222.050;13,38;100
2017-07-02 13:00:21+00:00;48.855.057.394.424.000;13.621.578.210.440.600;14,00;8
2017-07-02 14:00:21+00:00;32.380.861.481.033.600;8.942.291.501.729.880;6,92;35
2017-07-02 15:00:21+00:00;28.855.476.234.842.400;1.294.378.517.927.390;7,66;100
2017-07-02 16:00:21+00:00;2.880.041.680.756.410;16.273.338.407.883.000;10,73;67
2017-07-02 17:00:21+00:00;33.731.576.974.145.800;1.056.696.488.070.800;8,08;100
2017-07-02 18:00:21+00:00;390.144.662.366.217;13.809.452.971.494.500;13,30;85
2017-07-02 19:00:21+00:00;49.506.135.102.541.900;12.731.093.633.882.200;9,20;55
2017-07-02 20:00:21+00:00;1.981.726.526.866.110;13.434.159.812.219.300;8,56;10
2017-07-02 21:00:21+00:00;41.049.593.545.988.200;12.466.726.756.104.400;9,99;71
2017-07-02 22:00:21+00:00;17.949.864.249.785.700;14.745.763.356.694.100;1,25;8
2017-07-02 23:00:21+00:00;4.914.825.368.198.500;1.298.500.339.140.970;11,42;26
2017-07-03 00:00:21+00:00;15.027.422.118.603.400;1.511.865.396.731.530;8,69;70
2017-07-03 01:00:21+00:00;5.157.010.210.802.920;12.633.248.783.928.500;10,74;100
2017-07-03 02:00:21+00:00;465.393.292.064.728;1.623.879.813.776.410;13,51;74
2017-07-03 03:00:21+00:00;25.506.216.716.436.000;1.355.649.508.617.670;9,96;100
2017-07-03 04:00:21+00:00;2.989.423.525.654.300;10.596.022.401.166.800;10,75;68
2017-07-03 05:00:21+00:00;12.133.992.486.926.400;11.448.237.176.820.800;10,06;100
2017-07-03 06:00:21+00:00;14.152.355.854.014.500;10.715.928.595.525.900;50,00;98
2017-07-03 07:00:21+00:00;32.793.132.842.948.800;10.853.975.691.230.000;9,62;69
2017-07-03 08:00:21+00:00;3.927.907.372.034.360;10.339.162.017.165.100;4,50;76
2017-07-03 09:00:21+00:00;4.991.362.552.849.680;10.890.346.088.644.300;7,76;100
2017-07-03 10:00:21+00:00;31.954.954.567.523.800;13.511.791.764.278.700;9,99;100
2017-07-03 11:00:21+00:00;3.311.312.612.710.080;15.316.621.970.508.000;13,58;75
2017-07-03 12:00:21+00:00;20.787.599.037.761.000;10.243.560.619.939.700;14,27;100
2017-07-03 13:00:21+00:00;3.445.636.623.635.600;11.573.101.235.877.900;8,67;54
2017-07-03 14:00:21+00:00;3.601.694.163.398.910;15.473.324.545.485.500;1,53;100
2017-07-03 15:00:21+00:00;4.322.298.719.417.430;13.141.904.445.633.400;0,13;60
2017-07-03 16:00:21+00:00;3.661.482.986.845.320;9.374.032.578.938.490;4,84;86
2017-07-03 17:00:21+00:00;4.753.202.820.388.210;13.616.716.594.246.600;13,57;94
2017-07-03 18:00:21+00:00;3.547.752.239.490.750;14.403.380.413.109.400;10,11;73
2017-07-03 19:00:21+00:00;3.352.090.325.455.970;14.287.564.521.862.000;11,45;100
2017-07-03 20:00:21+00:00;4.360.453.704.847.050;18.973.873.547.923.400;19,77;100
2017-07-03 21:00:21+00:00;4.660.678.666.221.800;11.697.829.189.495.400;10,39;36
2017-07-03 22:00:21+00:00;30.367.062.505.487.300;16.194.000.105.401.800;11,67;100
2017-07-03 23:00:21+00:00;58.621.314.573.991.400;13.465.873.394.230.200;11,66;92
2017-07-04 00:00:21+00:00;3.845.340.503.024.040;14.661.258.432.996.600;8,67;64
2017-07-04 01:00:21+00:00;3.763.835.430.227.740;11.944.610.384.894.300;11,68;40
2017-07-04 02:00:21+00:00;3.219.281.980.887.140;11.892.619.980.616.600;8,23;39
2017-07-04 03:00:21+00:00;42.496.101.472.481.000;1.049.043.397.940.700;3,47;3
2017-07-04 04:00:21+00:00;48.128.021.037.044.000;9.963.631.516.507.970;7,25;14
2017-07-04 05:00:21+00:00;3.609.885.068.200.470;15.153.338.298.779.200;11,09;75
2017-07-04 06:00:21+00:00;3.886.116.981.380.150;12.223.786.170.550.400;1,08;83
2017-07-04 07:00:21+00:00;18.785.273.960.102.700;19.699.563.396.452.200;1,35;40
2017-07-04 08:00:21+00:00;25.303.394.971.571.600;12.376.106.527.990.900;10,60;100
2017-07-04 09:00:21+00:00;25.032.907.525.707.900;15.157.135.358.500.500;10,76;43
2017-07-04 10:00:21+00:00;3.866.328.960.108.760;13.658.855.776.220.400;10,79;100
2017-07-04 11:00:21+00:00;22.848.613.153.381.600;9.096.829.896.603.280;0,94;61
2017-07-04 12:00:21+00:00;11.135.501.131.616.000;10.259.667.097.689.400;10,41;100
2017-07-04 13:00:21+00:00;1.914.581.843.810.560;986.050.885.760.876;10,44;100
2017-07-04 14:00:21+00:00;4.094.502.208.044.320;17.088.744.753.253;12,15;55
2017-07-04 15:00:21+00:00;5.573.458.731.869.460;16.675.328.369.225.300;13,93;61
2017-07-04 16:00:21+00:00;45.823.860.811.608.700;18.201.773.271.372.700;1,52;100
2017-07-04 17:00:21+00:00;23.871.322.357.323.300;8.138.228.053.566.180;9,02;49
2017-07-04 18:00:21+00:00;259.220.766.922.654;1.020.297.626.028.020;0,75;100
2017-07-04 19:00:21+00:00;2.691.158.522.279.790;14.992.327.098.034.300;9,02;83
2017-07-04 20:00:21+00:00;16.497.981.367.596.100;1.166.295.600.629.320;1,10;100
2017-07-04 21:00:21+00:00;3.228.338.770.291.560;15.209.359.261.251.900;14,85;38
2017-07-04 22:00:21+00:00;4.181.356.377.360.530;12.444.570.392.359.800;10,59;13
2017-07-04 23:00:21+00:00;2.348.590.385.948.600;1.219.623.118.898.600;7,57;67
2017-07-05 00:00:21+00:00;21.999.673.417.787.700;9.119.538.720.175.920;11,63;100
2017-07-05 01:00:21+00:00;4.607.399.203.509.550;12.125.855.426.796.500;0,99;100
2017-07-05 02:00:21+00:00;2.359.669.732.934.900;1.442.433.495.015.720;10,22;8
2017-07-05 03:00:21+00:00;2.638.589.969.912.090;11.128.231.149.615.000;11,10;98
2017-07-05 04:00:21+00:00;4.845.291.465.886.960;1.369.172.973.739.720;14,28;49
2017-07-05 05:00:21+00:00;483.275.634.390.541;10.985.568.087.006.600;0,56;100
2017-07-05 06:00:21+00:00;53.139.954.533.565.700;11.646.248.890.945.800;10,39;100
2017-07-05 07:00:21+00:00;3.205.713.291.398.210;11.814.731.391.342.700;12,05;8
2017-07-05 08:00:21+00:00;3.426.702.273.569.550;14.652.303.109.820.200;11,51;7
2017-07-05 09:00:21+00:00;40.852.806.628.841.200;15.607.223.606.575.800;1,28;66
2017-07-05 10:00:21+00:00;42.213.914.386.275.200;1.798.445.654.756.650;0,14;18
2017-07-05 11:00:21+00:00;33.769.337.689.892.400;1.541.558.339.104.440;15,40;100
2017-07-05 12:00:21+00:00;2.769.395.867.604.110;14.407.654.779.368.200;9,32;91
2017-07-05 13:00:21+00:00;3.178.431.274.267.220;17.831.052.931.953.200;13,75;5
2017-07-05 14:00:21+00:00;30.331.933.153.297.000;14.191.093.070.644.300;15,65;41
2017-07-05 15:00:21+00:00;3.798.778.527.468.560;1.501.553.993.194.300;10,77;100
2017-07-05 16:00:21+00:00;20.772.554.356.176.600;15.845.422.965.522.500;9,59;100
2017-07-05 17:00:21+00:00;5.031.440.826.667.920;13.946.475.184.592.700;11,14;96
2017-07-05 18:00:21+00:00;60.834.828.655.944.500;13.359.847.441.421.800;12,85;100
2017-07-05 19:00:21+00:00;26.460.766.782.751.800;13.121.102.499.503.700;10,42;24
2017-07-05 20:00:21+00:00;26.075.047.057.313.600;12.135.435.271.204.600;8,74;100
2017-07-05 21:00:21+00:00;25.145.473.730.152.600;12.321.510.682.781.200;10,86;100
2017-07-05 22:00:21+00:00;28.447.010.329.652.200;16.101.604.540.191.300;17,86;93
2017-07-05 23:00:21+00:00;5.891.828.251.280.160;1.086.420.818.196.420;8,18;99
2017-07-06 00:00:21+00:00;28.056.536.821.513.100;1.385.940.978.894.350;1,52;90
2017-07-06 01:00:21+00:00;3.721.525.236.269.070;13.467.508.925.340.700;11,60;10
2017-07-06 02:00:21+00:00;30.936.906.889.582.500;10.067.602.348.391.500;6,32;51
2017-07-06 03:00:21+00:00;8.498.091.965.309.560;15.558.544.238.190.600;15,77;89
2017-07-06 04:00:21+00:00;29.741.301.288.679.100;10.283.105.436.981.800;7,53;55
2017-07-06 05:00:21+00:00;3.567.254.004.981.090;11.717.070.714.956.900;50,00;0
2017-07-06 06:00:21+00:00;5.509.765.863.384.290;13.317.423.456.431.500;11,24;70
2017-07-06 07:00:21+00:00;1.172.339.922.545.540;17.139.798.423.654.800;1,28;59
2017-07-06 08:00:21+00:00;4.712.694.050.013.570;14.788.513.708.229.700;1,55;100
2017-07-06 09:00:21+00:00;3.813.788.684.960.680;14.279.334.745.654.700;12,23;100
2017-07-06 10:00:21+00:00;32.940.589.193.686.200;16.804.264.304.203.100;12,37;86
2017-07-06 11:00:21+00:00;22.433.058.882.342.800;1.288.397.746.750.770;12,05;100
2017-07-06 12:00:21+00:00;4.929.437.990.472.940;18.372.853.386.013.000;14,70;51
2017-07-06 13:00:21+00:00;3.930.309.207.877.480;14.746.776.937.507.700;12,45;100
2017-07-06 14:00:21+00:00;3.480.801.957.793.780;13.849.058.139.144.900;0,63;100
2017-07-06 15:00:21+00:00;3.592.561.508.434.060;9.166.181.318.144.360;5,03;100
2017-07-06 16:00:21+00:00;4.644.823.147.021.470;15.892.826.866.026.400;13,18;100
2017-07-06 17:00:21+00:00;2.399.523.892.461.470;1.482.898.051.783.980;0,09;100
2017-07-06 18:00:21+00:00;5.397.370.692.189.030;12.985.205.043.070.800;9,20;93
2017-07-06 19:00:21+00:00;6.405.572.178.245.060;12.299.950.919.354.300;11,69;99
2017-07-06 20:00:21+00:00;29.625.947.133.497.700;18.409.786.642.683.000;1,58;33
2017-07-06 21:00:21+00:00;5.281.499.924.244.650;11.591.788.603.230.700;11,61;100
2017-07-06 22:00:21+00:00;27.656.824.890.767.200;14.371.396.395.542.000;11,52;75
2017-07-06 23:00:21+00:00;20.947.216.966.290.700;13.609.156.943.904.300;0,95;65
2017-07-07 00:00:21+00:00;27.358.098.534.661.400;15.195.183.668.317.300;14,98;100
2017-07-07 01:00:21+00:00;4.259.886.783.727.340;8.861.321.408.187.630;7,18;100
2017-07-07 02:00:21+00:00;3.174.982.641.241.300;15.156.742.524.522.800;9,99;35
2017-07-07 03:00:21+00:00;3.908.391.369.985.340;17.406.351.134.993.800;17,19;69
2017-07-07 04:00:21+00:00;4.064.222.985.030.930;8.910.219.846.113.290;50,00;100
2017-07-07 05:00:21+00:00;30.909.570.694.237.300;11.224.273.788.570.900;10,94;16
2017-07-07 06:00:21+00:00;19.221.245.230.834.200;14.896.508.747.929.800;12,51;72
2017-07-07 07:00:21+00:00;3.518.220.700.022.750;13.200.362.878.310.300;12,51;55
2017-07-07 08:00:21+00:00;17.200.883.031.311.600;15.173.993.104.386.900;13,43;13
2017-07-07 09:00:21+00:00;3.562.780.271.974.500;15.330.908.883.481.100;11,66;100
2017-07-07 10:00:21+00:00;3.952.270.264.693.560;1.407.133.820.376.160;1,05;77
2017-07-07 11:00:21+00:00;39.549.671.108.357.300;17.801.738.513.777.400;15,67;84
2017-07-07 12:00:21+00:00;50.960.926.995.945.700;15.350.653.960.193.700;12,51;100
2017-07-07 13:00:21+00:00;32.420.866.182.482.900;10.308.910.894.090.500;8,23;93
2017-07-07 14:00:21+00:00;41.312.321.434.882.000;1.522.516.489.788.060;11,31;18
2017-07-07 15:00:21+00:00;27.154.402.313.159.700;13.445.924.152.813.100;1,02;1
2017-07-07 16:00:21+00:00;2.972.609.285.055.390;14.853.469.596.553.300;0,89;72
2017-07-07 17:00:21+00:00;54.885.926.977.027.700;16.358.964.825.671.300;14,11;80
2017-07-07 18:00:21+00:00;16.597.850.736.419.800;17.444.199.156.478.100;12,68;41
2017-07-07 19:00:21+00:00;2.886.498.373.769.590;13.729.504.061.080.900;11,20;10
2017-07-07 20:00:21+00:00;35.317.480.546.462.500;1.555.904.111.792.660;12,32;27
2017-07-07 21:00:21+00:00;4.948.326.498.303.300;10.904.448.021.047.200;9,12;100
2017-07-07 22:00:21+00:00;24.061.794.267.803.900;12.400.304.409.452.400;9,99;86
2017-07-07 23:00:21+00:00;4.643.931.366.396.770;12.160.001.317.938.600;10,64;100
2017-07-08 00:00:21+00:00;18.083.334.777.782.300;1.603.385.676.987.200;11,07;76
2017-07-08 01:00:21+00:00;35.832.636.494.441.500;1.771.545.318.232.440;14,03;72
2017-07-08 02:00:21+00:00;3.674.563.289.334.170;2.126.234.439.349.620;17,07;100
2017-07-08 03:00:21+00:00;4.114.140.372.936.170;15.614.587.472.927.100;10,77;100
2017-07-08 04:00:21+00:00;2.089.201.102.216.750;16.252.420.705.761.300;11,04;45
2017-07-08 05:00:21+00:00;3.924.198.845.154.890;9.326.936.846.682.040;6,33;100
2017-07-08 06:00:21+00:00;2.225.409.987.717.840;9.187.299.184.195.260;7,70;13
2017-07-08 07:00:21+00:00;3.256.659.898.849.860;11.417.316.095.568.400;6,96;45
2017-07-08 08:00:21+00:00;4.783.668.362.360.540;10.482.089.695.546.700;10,27;100
2017-07-08 09:00:21+00:00;24.150.317.755.707.200;14.766.566.183.252.400;10,59;39
2017-07-08 10:00:21+00:00;4.064.298.387.947.380;1.773.662.031.236.440;14,17;78
2017-07-08 11:00:21+00:00;3.453.379.608.702.450;13.554.075.249.781.700;1,22;92
2017-07-08 12:00:21+00:00;45.877.310.467.303.400;11.934.276.419.491.800;50,00;100
2017-07-08 13:00:21+00:00;10.052.389.088.689.300;14.265.860.027.781.800;14,14;1
2017-07-08 14:00:21+00:00;51.297.181.741.656.500;11.780.402.987.074.000;7,66;11
2017-07-08 15:00:21+00:00;12.995.056.255.596.200;1.220.748.889.630.120;12,42;85
2017-07-08 16:00:21+00:00;2.002.038.332.385.240;130.520.002.503.104;1,15;100
2017-07-08 17:00:21+00:00;4.979.590.663.360.340;1.446.639.412.372.070;7,96;34
2017-07-08 18:00:21+00:00;3.619.895.744.124.740;9.481.572.979.063.580;7,28;68
2017-07-08 19:00:21+00:00;31.847.894.344.814.300;8.601.133.056.993.100;5,31;54
2017-07-08 20:00:21+00:00;4.842.830.291.665.630;11.439.821.648.760.900;1,24;47
2017-07-08 21:00:21+00:00;3.339.364.646.612.770;1.479.228.939.095.080;12,25;66
2017-07-08 22:00:21+00:00;240.889.685.900.805;10.455.751.279.806.400;0,45;8
2017-07-08 23:00:21+00:00;4.972.501.447.407.120;17.975.132.971.161.900;1,69;57
2017-07-09 00:00:21+00:00;38.086.931.837.698;1.559.220.901.409.510;13,57;100
2017-07-09 01:00:21+00:00;18.532.237.029.939.800;15.148.808.454.828.400;12,95;97
2017-07-09 02:00:21+00:00;2.486.492.819.155.610;15.599.852.072.299.900;1,25;100
2017-07-09 03:00:21+00:00;2.229.366.381.220.710;1.455.983.521.029.930;8,81;12
2017-07-09 04:00:21+00:00;1.992.051.945.375.230;14.754.970.582.124.600;14,97;95
2017-07-09 05:00:21+00:00;3.261.302.417.970.290;1.653.819.797.498.290;12,75;30
2017-07-09 06:00:21+00:00;3.360.819.762.522.760;15.951.210.512.692.900;15,64;100
2017-07-09 07:00:21+00:00;40.687.209.600.881.000;14.253.922.824.350.800;11,43;69
2017-07-09 08:00:21+00:00;4.084.643.167.029.080;18.191.609.859.489.200;14,17;100
2017-07-09 09:00:21+00:00;4.629.643.199.931.390;13.712.997.666.534.200;50,00;93
2017-07-09 10:00:21+00:00;4.903.261.532.600.630;12.421.216.649.660.600;8,52;57
2017-07-09 11:00:21+00:00;4.321.851.664.611.000;9.926.779.477.785.400;10,59;100
2017-07-09 12:00:21+00:00;4.081.434.946.112.810;11.772.466.012.509.800;10,86;38
2017-07-09 13:00:21+00:00;46.769.263.082.057.800;16.441.978.332.102.200;1,42;100
2017-07-09 14:00:21+00:00;4.087.110.940.446.730;13.442.317.477.662.300;11,94;77
2017-07-09 15:00:21+00:00;2.290.265.934.529.110;14.687.993.017.785.600;11,76;96
2017-07-09 16:00:21+00:00;1.765.821.099.209.970;13.721.127.483.247.500;10,04;75
2017-07-09 17:00:21+00:00;23.602.291.558.313.200;10.606.936.360.956.400;6,89;21
2017-07-09 18:00:21+00:00;3.986.776.001.179.920;12.826.331.647.405.800;9,35;100
2017-07-09 19:00:21+00:00;3.245.307.971.267.170;11.501.597.920.881.600;9,48;100
2017-07-09 20:00:21+00:00;3.888.206.906.917.940;12.469.626.856.649.300;8,43;100
2017-07-09 21:00:21+00:00;3.311.929.351.528.210;11.371.600.565.296.600;9,13;100
2017-07-09 22:00:21+00:00;23.327.541.531.230.500;14.694.389.277.527.600;11,91;52
2017-07-09 23:00:21+00:00;15.970.045.291.736.300;15.496.102.429.287.500;12,03;34
2017-07-10 00:00:21+00:00;1.991.605.925.673.760;13.610.033.997.840.600;7,60;45
2017-07-10 01:00:21+00:00;59.837.986.697.375.600;869.825.256.505.737;48,57;100
2017-07-10 02:00:21+00:00;49.185.053.075.964.700;1.024.340.111.227.960;0,79;97
2017-07-10 03:00:21+00:00;25.349.387.941.833.000;15.092.096.818.519.200;7,80;17
2017-07-10 04:00:21+00:00;29.445.350.802.762.300;11.692.057.306.145.700;1,14;100
2017-07-10 05:00:21+00:00;29.863.755.993.221.500;11.694.595.564.649.300;11,96;100
2017-07-10 06:00:21+00:00;4.943.589.245.063.570;13.692.347.495.435.200;12,66;36
2017-07-10 07:00:21+00:00;4.794.751.410.674.620;11.615.787.876.502.100;0,99;8
2017-07-10 08:00:21+00:00;49.942.078.498.771.900;8.378.312.844.497.900;4,24;100
2017-07-10 09:00:21+00:00;23.495.206.080.297.100;11.282.477.913.064.500;9,64;85
2017-07-10 10:00:21+00:00;5.879.030.124.014.300;12.545.659.762.281.100;12,85;97
2017-07-10 11:00:21+00:00;3.237.631.005.289.210;12.179.065.113.297.700;7,48;10
2017-07-10 12:00:21+00:00;4.559.041.918.278.740;15.226.024.022.548.300;17,29;100
2017-07-10 13:00:21+00:00;3.920.710.524.564.650;13.740.280.238.591.300;12,63;100
2017-07-10 14:00:21+00:00;13.657.575.432.765.400;13.568.506.608.398.800;8,73;100
2017-07-10 15:00:21+00:00;2.784.497.209.035.090;16.331.712.024.192.400;11,05;49
2017-07-10 16:00:21+00:00;36.554.453.017.898.600;9.740.365.493.895.120;0,68;100
2017-07-10 17:00:21+00:00;23.490.968.154.554.500;17.321.025.622.401.400;13,75;8
2017-07-10 18:00:21+00:00;15.013.946.719.057.900;17.531.537.875.410.900;13,27;88
2017-07-10 19:00:21+00:00;2.979.204.661.560.220;13.244.550.097.905.300;4,99;56
2017-07-10 20:00:21+00:00;5.266.333.744.228.750;125.721.111.189.049;7,45;100
2017-07-10 21:00:21+00:00;4.131.184.355.875.120;1.678.260.669.710.540;13,41;100
2017-07-10 22:00:21+00:00;28.710.440.755.605.700;12.884.970.792.225.600;10,69;100
2017-07-10 23:00:21+00:00;38.020.611.658.528.300;14.382.334.682.944.900;13,31;100
2017-07-11 00:00:21+00:00;1.786.748.297.965.330;14.199.977.927.974.000;10,03;39
2017-07-11 01:00:21+00:00;34.782.490.868.263.200;14.711.775.185.603.900;12,07;100
2017-07-11 02:00:21+00:00;11.728.067.516.208.900;1.085.663.280.696.990;8,70;38
2017-07-11 03:00:21+00:00;19.883.099.386.553.700;14.591.950.225.934.500;10,00;9
2017-07-11 04:00:21+00:00;46.564.035.231.626;11.384.978.374.292.100;10,35;95
2017-07-11 05:00:21+00:00;28.374.036.600.125.100;12.072.114.058.165.800;10,62;53
2017-07-11 06:00:21+00:00;28.678.762.508.278.500;15.777.722.694.177.700;17,26;100
2017-07-11 07:00:21+00:00;3.460.617.077.932.150;12.303.860.252.266.800;11,98;100
2017-07-11 08:00:21+00:00;5.573.026.695.838.860;11.977.399.370.265.400;0,65;88
2017-07-11 09:00:21+00:00;6,03705E+15;14.019.497.289.780.400;1,31;100
2017-07-11 10:00:21+00:00;221.352.543.996.528;16.791.875.007.612.900;10,57;92
2017-07-11 11:00:21+00:00;6.338.257.455.899.310;19.359.500.644.570.500;1,84;100
2017-07-11 12:00:21+00:00;4.899.218.681.009.560;16.296.560.562.391.800;12,45;100
2017-07-11 13:00:21+00:00;4.079.892.340.114.390;1.626.447.116.652.730;13,65;100
2017-07-11 14:00:21+00:00;3.859.263.194.366.420;13.467.101.988.225.900;13,40;100
2017-07-11 15:00:21+00:00;29.527.906.446.070.300;19.734.582.161.152.200;16,73;100
2017-07-11 16:00:21+00:00;174.346.551.337.109;14.006.944.431.011.200;1,28;7
2017-07-11 17:00:21+00:00;2.983.481.199.283.580;13.438.621.110.695.800;9,45;58
2017-07-11 18:00:21+00:00;3.324.866.270.171.740;14.453.465.947.908.200;9,70;100
2017-07-11 19:00:21+00:00;4.957.229.865.740.790;14.166.614.458.115.600;11,39;100
2017-07-11 20:00:21+00:00;4.092.311.713.173.930;10.337.747.679.988.100;9,59;100
2017-07-11 21:00:21+00:00;3.668.746.758.383.360;11.833.756.521.186.300;9,26;100
2017-07-11 22:00:21+00:00;26.435.470.893.180.000;14.448.365.943.626.500;14,84;95
2017-07-11 23:00:21+00:00;29.917.140.530.938.900;11.610.026.553.366.200;10,42;14
2017-07-12 00:00:21+00:00;12.219.580.882.906.800;15.096.289.361.948.500;11,47;100
2017-07-12 01:00:21+00:00;3.807.012.664.758.900;1.361.256.349.114.080;10,58;100
2017-07-12 02:00:21+00:00;18.388.673.593.033.400;15.797.648.628.611.400;11,54;11
2017-07-12 03:00:21+00:00;3.083.280.791.070.990;13.224.874.382.560.500;11,53;100
2017-07-12 04:00:21+00:00;4.781.697.389.434.040;14.693.707.279.600.000;1,10;100
2017-07-12 05:00:21+00:00;4.030.406.871.380.080;9.129.688.431.645.870;7,70;100
2017-07-12 06:00:21+00:00;4.101.287.729.152.050;9.620.609.390.108.410;1,08;15
2017-07-12 07:00:21+00:00;5.164.286.106.499.210;11.576.208.042.638.100;10,17;100
2017-07-12 08:00:21+00:00;4.362.741.889.187.280;14.279.365.505.732.900;11,32;48
2017-07-12 09:00:21+00:00;3.423.845.563.558.590;11.629.831.411.901.400;8,86;100
2017-07-12 10:00:21+00:00;8.936.803.079.240.220;15.291.230.951.779.800;14,87;10
2017-07-12 11:00:21+00:00;2.947.473.834.266.970;14.463.312.287.752.500;1,24;100
2017-07-12 12:00:21+00:00;3.457.080.683.842.160;12.412.081.580.257.300;1,14;100
2017-07-12 13:00:21+00:00;3.507.834.708.043.330;14.068.165.016.937.500;10,09;75
2017-07-12 14:00:21+00:00;1.497.115.602.979.220;12.447.834.713.429.000;7,30;73
2017-07-12 15:00:21+00:00;37.323.724.850.048.000;14.289.533.077.023.600;14,00;78
2017-07-12 16:00:21+00:00;4.514.371.027.821.680;12.286.785.301.540.100;1,20;90
2017-07-12 17:00:21+00:00;3.008.500.407.157.130;14.486.977.064.754.600;9,47;99
2017-07-12 18:00:21+00:00;39.626.506.945.788.600;16.825.993.312.537.800;15,14;79
2017-07-12 19:00:21+00:00;2.784.376.853.063.450;1.052.683.977.468.930;1,12;100
2017-07-12 20:00:21+00:00;38.941.662.990.175.000;11.840.621.966.862.300;8,69;100
2017-07-12 21:00:21+00:00;59.817.840.136.476.700;11.941.080.687.634.200;9,46;100
2017-07-12 22:00:21+00:00;2.958.843.620.121.690;14.279.914.109.910.200;15,25;100
2017-07-12 23:00:21+00:00;19.681.235.185.864.300;15.557.268.810.046.600;14,97;100
2017-07-13 00:00:21+00:00;4.635.843.211.503.620;930.485.316.854.783;5,98;6
2017-07-13 01:00:21+00:00;31.885.446.402.344.500;13.079.978.388.196.800;9,18;70
2017-07-13 02:00:21+00:00;251.719.028.257.892;13.593.584.045.285.500;10,41;71
2017-07-13 03:00:21+00:00;24.738.786.931.442.600;15.664.640.008.853.200;1,31;75
2017-07-13 04:00:21+00:00;39.104.950.985.840.500;1.135.175.326.570.350;10,14;85
2017-07-13 05:00:21+00:00;3.503.264.147.013.760;15.295.603.708.879.600;9,73;76
2017-07-13 06:00:21+00:00;51.330.342.363.036.600;14.235.908.056.365.900;10,17;100
2017-07-13 07:00:21+00:00;3.880.142.896.770.690;1.782.907.418.787.280;10,52;100
2017-07-13 08:00:21+00:00;4.534.542.152.920.200;1.884.763.706.697.510;16,60;100
2017-07-13 09:00:21+00:00;3.467.812.057.896.420;15.455.796.235.941.900;12,47;100
2017-07-13 10:00:21+00:00;4.169.640.904.102.640;12.893.249.238.872.700;9,87;40
2017-07-13 11:00:21+00:00;34.079.902.199.556.000;14.715.470.914.342.500;10,92;100
2017-07-13 12:00:21+00:00;5.777.462.144.815.480;14.935.800.984.931.700;11,63;93
2017-07-13 13:00:21+00:00;4.066.152.678.617.280;14.802.914.700.914.400;12,66;100
2017-07-13 14:00:21+00:00;16.211.400.191.072.300;14.544.909.428.418.800;0,93;100
2017-07-13 15:00:21+00:00;322.698.604.006.444;14.820.909.783.264.700;10,39;100
2017-07-13 16:00:21+00:00;3.710.985.229.948.740;16.071.567.931.328.300;1,08;65
2017-07-13 17:00:21+00:00;3.290.179.528.608.480;1.885.752.639.209.670;9,94;67
2017-07-13 18:00:21+00:00;47.632.755.736.784.000;9.135.519.673.088.250;10,87;60
2017-07-13 19:00:21+00:00;2.779.850.493.119.620;16.678.292.814.102.000;14,70;11
2017-07-13 20:00:21+00:00;3.547.653.983.789.430;1.386.855.778.337.820;9,47;100
2017-07-13 21:00:21+00:00;47.734.158.851.468.300;11.608.866.377.807.500;9,76;100
2017-07-13 22:00:21+00:00;18.736.797.741.026.700;10.247.983.207.816.100;5,87;10
2017-07-13 23:00:21+00:00;22.815.418.160.671.100;14.266.258.579.923.100;12,41;58
2017-07-14 00:00:21+00:00;5.992.358.014.396.470;13.612.460.245.991.000;15,69;100
2017-07-14 01:00:21+00:00;31.757.910.434.168.700;10.908.066.786.524.600;10,63;97
2017-07-14 02:00:21+00:00;462.744.781.012.502;13.450.632.013.163.600;6,80;100
2017-07-14 03:00:21+00:00;4.825.807.465.679.510;1.604.043.844.842.410;9,76;59
2017-07-14 04:00:21+00:00;17.449.790.938.814.300;17.289.088.648.234.400;10,86;100
2017-07-14 05:00:21+00:00;2.442.795.717.990.790;13.834.180.861.389.400;10,23;36
2017-07-14 06:00:21+00:00;3.555.135.579.968.640;13.826.961.977.751.000;10,93;36
2017-07-14 07:00:21+00:00;26.306.213.274.866.800;15.036.242.651.039.200;14,85;100
2017-07-14 08:00:21+00:00;39.569.192.714.005.800;16.351.605.564.907.600;10,37;100
2017-07-14 09:00:21+00:00;4.212.048.803.498.040;13.970.231.603.837.300;11,22;100
2017-07-14 10:00:21+00:00;3.783.278.582.935.170;1.437.483.620.077.640;6,22;76
2017-07-14 11:00:21+00:00;3.530.629.863.113.060;12.556.498.378.852.400;7,99;80
2017-07-14 12:00:21+00:00;4.307.325.644.174.350;13.142.464.536.613.100;7,83;100
2017-07-14 13:00:21+00:00;51.436.247.837.151.800;11.982.251.751.720.800;5,30;86
2017-07-14 14:00:21+00:00;53.211.470.303.195.700;11.014.982.523.324.100;10,33;28
2017-07-14 15:00:21+00:00;4.017.307.889.134.140;10.601.846.447.528.400;7,17;9
2017-07-14 16:00:21+00:00;2.517.718.872.685.850;11.433.541.108.561.800;0,95;49
2017-07-14 17:00:21+00:00;3.421.450.311.759.720;11.266.540.427.169.100;6,25;66
2017-07-14 18:00:21+00:00;4.392.500.686.834.410;142.498.259.108.957;13,75;93
2017-07-14 19:00:21+00:00;4.917.641.102.245.500;1.461.185.723.559.830;9,78;100
2017-07-14 20:00:21+00:00;49.605.465.143.174.700;12.504.699.701.425.800;12,23;100
2017-07-14 21:00:21+00:00;34.114.024.989.418.700;11.489.396.826.980.900;0,01;85
2017-07-14 22:00:21+00:00;3.635.025.715.799.610;1.874.543.569.238.350;15,51;100
2017-07-14 23:00:21+00:00;4.263.384.255.810.680;12.455.110.346.643.300;10,67;99
2017-07-15 00:00:21+00:00;5.481.985.163.901.110;12.085.794.489.038.700;7,65;100
2017-07-15 01:00:21+00:00;27.417.797.272.467.700;9.708.897.319.441.990;0,45;100
2017-07-15 02:00:21+00:00;4.093.613.244.312.040;14.779.370.175.223.100;12,21;100
2017-07-15 03:00:21+00:00;27.208.790.887.639.500;17.938.392.420.740.500;14,78;100
2017-07-15 04:00:21+00:00;5.068.339.348.418.280;13.072.209.456.790.400;9,71;54
2017-07-15 05:00:21+00:00;3.547.439.808.784.620;1.268.335.326.044.210;8,50;10
2017-07-15 06:00:21+00:00;3.833.621.947.898.090;1.419.633.216.541.390;0,96;100
2017-07-15 07:00:21+00:00;24.540.061.713.218.900;14.271.132.976.446.100;8,46;40
2017-07-15 08:00:21+00:00;3.250.435.120.986.450;7.470.610.983.361.030;7,89;100
2017-07-15 09:00:21+00:00;6.031.435.410.543.220;15.096.025.888.302.900;10,68;16
2017-07-15 10:00:21+00:00;4.160.631.661.264.050;18.074.096.385.356.000;12,57;74
2017-07-15 11:00:21+00:00;3.789.135.756.421.910;13.660.704.939.573.000;12,19;8
2017-07-15 12:00:21+00:00;53.203.032.192.984.100;1.326.144.406.292.300;9,56;62
2017-07-15 13:00:21+00:00;54.086.248.087.053.000;15.452.966.428.390.900;11,17;91
2017-07-15 14:00:21+00:00;34.388.389.870.438.400;15.164.907.353.189.400;14,39;100
2017-07-15 15:00:21+00:00;25.620.647.548.394.600;13.944.904.586.162.500;0,89;85
2017-07-15 16:00:21+00:00;3.285.696.647.358.990;15.400.484.726.582.500;10,13;100
2017-07-15 17:00:21+00:00;3.014.309.467.754.240;15.515.640.698.445.700;8,63;100
2017-07-15 18:00:21+00:00;3.799.124.762.675.600;10.678.905.717.915.100;0,08;37
2017-07-15 19:00:21+00:00;4.015.268.573.693.120;10.738.425.045.235.800;7,41;100
2017-07-15 20:00:21+00:00;6.907.721.177.946.580;10.392.045.566.223.600;12,04;59
2017-07-15 21:00:21+00:00;23.735.085.738.092.900;98.530.788.952.933;0,67;2
2017-07-15 22:00:21+00:00;18.033.640.567.831.500;15.491.390.901.050.700;13,69;14
2017-07-15 23:00:21+00:00;27.242.415.960.302.300;1.549.717.088.169.400;10,66;100
2017-07-16 00:00:21+00:00;-3.700.322.668.557.480;14.611.360.693.613.200;13,32;90
2017-07-16 01:00:21+00:00;973.832.657.200.686;1.755.698.533.117.800;16,95;92
2017-07-16 02:00:21+00:00;18.895.155.524.024.100;1.277.702.559.489.750;9,17;48
2017-07-16 03:00:21+00:00;5.072.207.965.987.140;11.851.137.205.570.700;9,14;100
2017-07-16 04:00:21+00:00;181.455.420.949.908;13.822.600.719.818.200;10,63;100
2017-07-16 05:00:21+00:00;12.737.407.489.776.700;16.295.866.868.081.400;1,36;97
2017-07-16 06:00:21+00:00;25.331.125.125.260.600;12.091.690.184.488.800;1,17;100
2017-07-16 07:00:21+00:00;3.878.339.274.948.950;18.236.523.711.901.100;13,34;100
2017-07-16 08:00:21+00:00;29.069.226.397.429.600;13.351.103.175.730.900;12,78;49
2017-07-16 09:00:21+00:00;3.068.806.317.171.790;14.769.579.530.207.600;12,22;67
2017-07-16 10:00:21+00:00;28.054.607.012.306.800;1.391.952.213.967.830;14,29;77
2017-07-16 11:00:21+00:00;1.900.318.528.214.580;12.561.965.381.030.200;10,73;90
2017-07-16 12:00:21+00:00;22.850.785.951.328.100;15.733.477.474.094.600;9,78;73
2017-07-16 13:00:21+00:00;28.468.932.317.473.400;5.094.482.532.129.500;5,50;64
2017-07-16 14:00:21+00:00;4.399.258.725.019.510;1.270.358.734.436.690;10,18;23
2017-07-16 15:00:21+00:00;2.045.586.226.540.590;15.454.318.759.268.100;1,18;100
2017-07-16 16:00:21+00:00;500.154.120.864.481;10.002.971.597.542.000;9,04;100
2017-07-16 17:00:21+00:00;44.980.161.553.454.800;11.824.737.088.067.500;50,00;100
2017-07-16 18:00:21+00:00;16.024.811.431.139.100;12.328.691.527.107.700;0,95;100
2017-07-16 19:00:21+00:00;40.812.559.639.411.300;1.272.433.648.357.650;9,14;89
2017-07-16 20:00:21+00:00;3.685.041.642.610.080;12.063.736.848.886.600;1,10;100
2017-07-16 21:00:21+00:00;539.495.115.673.281;11.053.860.296.436.600;8,19;3
2017-07-16 22:00:21+00:00;2.516.617.041.290.830;13.352.878.579.428.800;1,10;44
2017-07-16 23:00:21+00:00;4.314.154.346.125.450;1.547.942.341.600.770;1,27;100
2017-07-17 00:00:21+00:00;4.536.765.753.834.980;14.453.011.303.340.600;12,55;47
2017-07-17 01:00:21+00:00;12.235.648.852.847.400;16.016.134.836.756.500;1,19;100
2017-07-17 02:00:21+00:00;5.249.744.945.727.530;13.038.459.590.226.500;12,84;100
2017-07-17 03:00:21+00:00;24.938.011.766.786.300;16.579.907.520.966.300;15,34;9
2017-07-17 04:00:21+00:00;4.279.396.597.849.700;1.043.014.448.383.310;1,21;100
2017-07-17 05:00:21+00:00;31.460.416.303.315.500;1.670.619.076.148.630;1,16;13
2017-07-17 06:00:21+00:00;3.204.705.155.512.960;16.174.785.571.546.100;13,30;100
2017-07-17 07:00:21+00:00;2.678.261.798.564.530;9.697.678.723.229.170;4,59;100
2017-07-17 08:00:21+00:00;27.510.932.182.818.300;14.660.788.151.736.400;9,48;100
2017-07-17 09:00:21+00:00;41.429.356.853.308.800;13.218.780.657.089.100;12,06;35
2017-07-17 10:00:21+00:00;53.789.986.514.374.700;13.267.400.162.005.600;10,38;10
2017-07-17 11:00:21+00:00;19.914.845.372.492.800;13.685.254.728.583.600;9,02;95
2017-07-17 12:00:21+00:00;29.358.065.190.472.300;1.202.264.876.542.750;1,12;74
2017-07-17 13:00:21+00:00;3.798.896.418.505.030;15.802.632.751.911.800;13,31;100
2017-07-17 14:00:21+00:00;3.821.758.966.379.820;13.534.993.806.570.200;6,04;100
2017-07-17 15:00:21+00:00;4.305.542.358.180.690;10.796.627.409.021.500;10,85;100
2017-07-17 16:00:21+00:00;5.044.859.939.225.640;134.337.543.826.606;10,87;94
2017-07-17 17:00:21+00:00;140.807.882.324.438;12.374.627.005.956.200;0,88;88
2017-07-17 18:00:21+00:00;2.765.350.103.334.170;15.019.265.039.787.500;0,93;95
2017-07-17 19:00:21+00:00;5.019.140.901.792.220;10.334.225.569.493.400;9,19;71
2017-07-17 20:00:21+00:00;3.132.227.507.482.590;18.383.849.618.222.700;1,37;92
2017-07-17 21:00:21+00:00;20.726.807.790.225.300;13.817.480.121.624.600;10,76;13
2017-07-17 22:00:21+00:00;2.056.899.138.702.070;10.525.883.188.514.200;8,53;100
2017-07-17 23:00:21+00:00;3.559.064.619.400.490;13.035.236.043.845.400;0,11;68
2017-07-18 00:00:21+00:00;30.734.367.772.405.000;1.235.424.697.937.180;10,46;53
2017-07-18 01:00:21+00:00;63.921.482.961.872.600;11.596.284.366.243.000;1,23;37
2017-07-18 02:00:21+00:00;3.313.551.875.403.330;14.556.270.656.111.100;8,09;100
2017-07-18 03:00:21+00:00;23.621.352.008.445.900;18.936.261.165.680.600;1,40;16
2017-07-18 04:00:21+00:00;49.712.865.470.350.200;1.806.028.314.634.020;1,66;93
2017-07-18 05:00:21+00:00;3.434.818.256.847.170;1.401.343.071.153.170;15,33;24
2017-07-18 06:00:21+00:00;4.622.515.758.028.950;11.631.260.785.566.100;11,64;72
2017-07-18 07:00:21+00:00;5.935.945.768.803.040;14.204.126.823.780.400;12,38;83
2017-07-18 08:00:21+00:00;5.374.408.040.556.210;15.315.694.050.443.500;14,01;56
2017-07-18 09:00:21+00:00;40.125.555.229.897.800;14.019.079.016.025.500;12,91;11
2017-07-18 10:00:21+00:00;4.413.656.294.405.250;15.332.681.504.267.000;0,11;100
2017-07-18 11:00:21+00:00;52.352.314.832.934.400;14.601.968.448.417.100;12,90;9
2017-07-18 12:00:21+00:00;23.045.575.657.774.300;14.215.733.897.913.200;0,94;100
2017-07-18 13:00:21+00:00;2.003.448.038.907.570;1.057.449.188.491.290;8,73;100
2017-07-18 14:00:21+00:00;614.422.152.515.808;1.320.885.946.154.340;0,96;74
2017-07-18 15:00:21+00:00;176.944.338.259.299;1.816.083.840.778.360;15,48;58
2017-07-18 16:00:21+00:00;6.409.680.613.702.580;14.713.122.088.167.100;1,07;15
2017-07-18 17:00:21+00:00;2.553.431.945.334.060;16.359.574.921.420.000;13,24;68
2017-07-18 18:00:21+00:00;22.053.527.180.479.900;18.404.639.717.278.400;12,72;97
2017-07-18 19:00:21+00:00;4.685.250.368.116.210;10.664.189.305.799.300;7,80;15
2017-07-18 20:00:21+00:00;12.492.575.809.615.800;1.983.054.527.535.470;18,19;71
2017-07-18 21:00:21+00:00;6.750.778.446.153.820;15.885.881.222.293.100;0,90;92
2017-07-18 22:00:21+00:00;5.904.028.747.188.500;16.344.327.564.603.800;13,20;95
2017-07-18 23:00:21+00:00;55.905.388.584.750.800;11.899.326.793.314.100;12,33;100
2017-07-19 00:00:21+00:00;15.339.172.551.453.500;15.282.024.637.530.400;14,01;100
2017-07-19 01:00:21+00:00;52.897.322.778.702.600;11.581.214.061.368.800;9,44;90
2017-07-19 02:00:21+00:00;506.248.608.940.949;13.888.063.553.255.800;1,26;100
2017-07-19 03:00:21+00:00;3.735.501.572.868.520;14.342.254.525.672.000;10,00;13
2017-07-19 04:00:21+00:00;4.654.826.761.455.460;12.945.709.325.056.100;11,83;100
2017-07-19 05:00:21+00:00;4.233.764.081.576.210;16.316.468.400.059.900;1,55;100
2017-07-19 06:00:21+00:00;2.056.477.016.253.010;1.226.384.419.314.340;10,28;76
2017-07-19 07:00:21+00:00;31.918.597.430.208.400;864.346.705.999.381;8,92;100
2017-07-19 08:00:21+00:00;3.193.494.218.570.430;12.933.685.819.816.300;8,32;100
2017-07-19 09:00:21+00:00;1.493.387.878.948.320;16.566.189.059.135.300;10,93;100
2017-07-19 10:00:21+00:00;42.812.851.913.815.500;1.948.319.255.200.630;17,15;14
2017-07-19 11:00:21+00:00;4.872.668.534.203.780;16.717.030.162.057.600;1,83;40
2017-07-19 12:00:21+00:00;4.031.396.634.937.620;1.611.334.900.567.650;13,07;100
2017-07-19 13:00:21+00:00;5.989.076.126.336.020;12.606.426.477.929.100;1,19;40
2017-07-19 14:00:21+00:00;3.777.601.071.154.750;19.113.343.377.031.700;9,42;12
2017-07-19 15:00:21+00:00;3.515.810.290.011.370;15.185.222.151.352.200;1,34;100
2017-07-19 16:00:21+00:00;27.790.663.875.176.100;15.279.883.187.742.100;11,24;11
2017-07-19 17:00:21+00:00;38.480.296.684.872.400;15.049.161.703.108.300;1,60;100
2017-07-19 18:00:21+00:00;22.032.218.712.696.700;10.715.091.406.448.300;10,12;99
2017-07-19 19:00:21+00:00;57.740.450.469.489.900;1.445.640.425.730.020;11,73;91
2017-07-19 20:00:21+00:00;41.984.987.304.937.000;9.995.975.950.098.850;0,07;100
2017-07-19 21:00:21+00:00;492.545.489.763.093;15.531.364.630.680.100;14,99;100
2017-07-19 22:00:21+00:00;4.989.213.754.150.340;14.340.709.526.864.700;1,41;100
2017-07-19 23:00:21+00:00;455.894.430.063.804;1.199.180.896.824.350;7,98;86
2017-07-20 00:00:21+00:00;21.400.417.037.529.100;1.625.734.351.851.510;15,35;93
2017-07-20 01:00:21+00:00;-30.400.943.004.121.000;12.655.584.332.412.700;12,16;100
2017-07-20 02:00:21+00:00;6.380.383.396.024.370;12.714.144.922.716.100;10,72;77
2017-07-20 03:00:21+00:00;3.527.015.279.708.130;14.820.510.262.078.000;13,52;100
2017-07-20 04:00:21+00:00;3.124.684.419.433.650;13.486.651.430.898.400;11,92;87
2017-07-20 05:00:21+00:00;3.195.498.199.752.210;1.409.132.190.938.950;9,20;67
2017-07-20 06:00:21+00:00;2.864.855.438.998.840;16.029.569.614.361.000;13,54;100
2017-07-20 07:00:21+00:00;3.607.747.468.730.380;11.733.772.501.301.900;0,91;100
2017-07-20 08:00:21+00:00;35.393.065.828.252.200;11.528.280.609.381.500;7,05;100
2017-07-20 09:00:21+00:00;3.727.619.958.360.860;12.960.350.425.305.700;0,88;48
2017-07-20 10:00:21+00:00;3.250.844.625.118.130;13.372.382.577.113.200;7,38;26
2017-07-20 11:00:21+00:00;4.630.053.076.662.170;15.082.856.186.648.800;8,59;89
2017-07-20 12:00:21+00:00;42.965.124.231.926.700;182.358.898.447.995;1,34;100
2017-07-20 13:00:21+00:00;2.875.967.341.743.480;134.212.405.031.971;12,95;69
2017-07-20 14:00:21+00:00;3.800.256.724.154.980;1.361.291.411.266.940;8,31;55
2017-07-20 15:00:21+00:00;21.294.699.363.340.600;11.944.470.759.380.000;0,72;45
2017-07-20 16:00:21+00:00;4.428.374.858.309.090;11.650.034.116.063.000;13,15;100
2017-07-20 17:00:21+00:00;5.651.207.275.110.410;15.168.214.806.923.600;10,23;100
2017-07-20 18:00:21+00:00;4.681.925.251.636.320;13.619.784.788.897.300;10,96;91
2017-07-20 19:00:21+00:00;33.302.012.710.191.800;16.550.443.907.966.600;1,42;75
2017-07-20 20:00:21+00:00;2.208.892.931.836.550;16.286.335.849.849.500;12,63;12
2017-07-20 21:00:21+00:00;4.347.025.470.605.230;15.634.392.602.364.700;12,42;90
2017-07-20 22:00:21+00:00;29.370.695.786.654.800;9.980.715.894.212.400;50,00;83
2017-07-20 23:00:21+00:00;35.259.128.775.197.100;15.182.802.791.919.700;10,85;100
2017-07-21 00:00:21+00:00;46.270.424.842.714.500;11.257.316.076.742.500;9,65;92
2017-07-21 01:00:21+00:00;27.113.704.256.875.600;8.954.610.364.979.260;4,76;65
2017-07-21 02:00:21+00:00;3.668.069.511.654.400;14.061.107.733.369.700;14,11;66
2017-07-21 03:00:21+00:00;20.960.851.986.616.100;1.681.955.552.551.260;9,87;100
2017-07-21 04:00:21+00:00;30.725.457.712.352.500;152.517.638.916.232;1,26;76
2017-07-21 05:00:21+00:00;3.069.337.026.513.940;11.385.913.841.062.100;0,70;100
2017-07-21 06:00:21+00:00;4.852.172.162.066.110;20.309.444.847.754.300;17,19;100
2017-07-21 07:00:21+00:00;3.753.938.618.342.300;15.506.362.756.901.900;1,05;61
2017-07-21 08:00:21+00:00;2.790.828.922.235.180;11.482.961.091.158.000;1,04;100
2017-07-21 09:00:21+00:00;32.300.617.105.962.200;8.562.245.432.609.620;0,85;95
2017-07-21 10:00:21+00:00;4.889.629.814.702.490;13.028.786.892.368.200;12,23;63
2017-07-21 11:00:21+00:00;17.505.964.995.946.900;8.760.382.436.852.370;6,03;100
2017-07-21 12:00:21+00:00;26.285.128.461.173.100;11.026.798.276.004.500;11,83;100
2017-07-21 13:00:21+00:00;2.391.921.840.087.590;9.403.218.448.390.570;7,63;7
2017-07-21 14:00:21+00:00;3.854.261.907.426.720;11.696.722.155.339.000;9,27;100
2017-07-21 15:00:21+00:00;3.780.172.457.630.720;12.230.655.080.599.100;10,89;100
2017-07-21 16:00:21+00:00;3.461.006.858.556.540;11.405.397.294.428.700;50,00;100
2017-07-21 17:00:21+00:00;32.429.807.120.168.600;19.105.480.262.277.900;14,83;41
2017-07-21 18:00:21+00:00;1.868.717.164.306.710;13.072.116.072.126.000;11,18;17
2017-07-21 19:00:21+00:00;2.242.235.697.153.360;16.747.171.607.379.800;12,23;8
2017-07-21 20:00:21+00:00;4.258.210.839.416.220;14.906.115.518.114.200;11,85;100
2017-07-21 21:00:21+00:00;17.181.373.992.692.900;13.022.801.179.876.900;1,38;74
2017-07-21 22:00:21+00:00;3.271.537.055.081.950;12.365.109.192.362.000;8,29;8
2017-07-21 23:00:21+00:00;46.611.985.082.979.800;16.802.674.051.916.700;15,05;11
2017-07-22 00:00:21+00:00;3.938.103.094.602.560;11.011.317.952.188.600;50,00;79
2017-07-22 01:00:21+00:00;27.517.496.808.614.500;12.004.305.250.603.700;9,77;49
2017-07-22 02:00:21+00:00;4.545.535.569.337.520;11.968.109.048.582.100;10,64;100
2017-07-22 03:00:21+00:00;26.330.547.510.442.100;13.706.409.523.711.800;12,61;100
2017-07-22 04:00:21+00:00;37.218.861.679.487.300;11.320.417.313.664.300;0,01;100
2017-07-22 05:00:21+00:00;2.478.238.936.251.990;15.797.632.813.246.200;14,13;100
2017-07-22 06:00:21+00:00;1.557.841.133.955.840;16.132.384.461.338.800;12,55;84
2017-07-22 07:00:21+00:00;3.478.660.075.866.900;11.783.680.961.149.200;8,57;100
2017-07-22 08:00:21+00:00;5.056.724.926.878.210;1.480.464.271.674.770;13,91;100
2017-07-22 09:00:21+00:00;5.101.974.507.962.560;11.486.957.717.524.700;5,51;100
2017-07-22 10:00:21+00:00;4.483.508.803.750.630;13.958.857.009.654.400;10,36;87
2017-07-22 11:00:21+00:00;4.364.146.579.296.690;16.363.765.031.376.700;12,59;100
2017-07-22 12:00:21+00:00;4.521.480.799.561.340;13.775.624.380.552.100;11,38;100
2017-07-22 13:00:21+00:00;3.310.661.568.593.100;13.270.190.670.756.000;12,42;92
2017-07-22 14:00:21+00:00;1.744.414.592.052.780;19.075.046.675.935.700;15,67;38
2017-07-22 15:00:21+00:00;3.736.805.523.289.540;1.439.915.066.655.900;11,08;76
2017-07-22 16:00:21+00:00;4.842.082.500.458.850;11.479.647.350.765.900;10,85;97
2017-07-22 17:00:21+00:00;4.750.881.515.360.490;11.291.001.575.116.900;9,60;13
2017-07-22 18:00:21+00:00;36.366.370.629.713.900;1.905.478.701.530.740;15,50;100
2017-07-22 19:00:21+00:00;4.062.457.722.347.450;1.172.830.547.454.430;12,59;10
2017-07-22 20:00:21+00:00;18.350.533.035.266.900;11.823.472.956.174.500;11,40;93
2017-07-22 21:00:21+00:00;55.487.917.615.840.700;13.590.062.383.257.400;16,18;85
2017-07-22 22:00:21+00:00;33.392.131.657.741.700;15.300.599.458.064.800;8,33;77
2017-07-22 23:00:21+00:00;9.800.111.767.249.110;10.515.421.302.223.700;11,00;100
2017-07-23 00:00:21+00:00;3.407.578.823.333.520;1.284.939.184.478.910;13,25;100
2017-07-23 01:00:21+00:00;3.787.910.467.868.260;10.270.817.774.822.400;6,85;100
2017-07-23 02:00:21+00:00;42.571.193.055.159.200;13.154.240.085.066.900;10,29;36
2017-07-23 03:00:21+00:00;33.833.408.447.523.700;15.518.146.743.541.300;12,59;49
2017-07-23 04:00:21+00:00;2.841.632.959.771.990;12.915.847.264.402.500;9,44;100
2017-07-23 05:00:21+00:00;2.687.115.979.036.220;1.830.282.021.402.590;13,96;94
2017-07-23 06:00:21+00:00;36.399.892.542.371.900;11.470.861.616.302.100;15,79;27
2017-07-23 07:00:21+00:00;3.300.707.116.324.440;14.053.410.713.089.000;1,12;100
2017-07-23 08:00:21+00:00;597.839.154.078.944;1.669.696.057.976.150;14,54;100
2017-07-23 09:00:21+00:00;30.390.734.899.038.600;15.972.716.009.480.900;13,53;42
2017-07-23 10:00:21+00:00;2.315.558.039.036.800;1.993.617.652.699.160;1,61;95
2017-07-23 11:00:21+00:00;4.912.769.014.956.150;14.310.575.332.013.700;0,09;100
2017-07-23 12:00:21+00:00;3.644.973.725.925.230;11.354.123.435.755.400;11,01;100
2017-07-23 13:00:21+00:00;4.712.400.254.443.450;1.372.849.673.202.060;10,89;100
2017-07-23 14:00:21+00:00;3.525.351.008.474.740;11.491.705.998.939.100;6,08;100
2017-07-23 15:00:21+00:00;4.460.796.850.803.700;13.817.511.394.063.200;11,38;100
2017-07-23 16:00:21+00:00;5.050.880.075.184.850;16.517.618.833.492.300;13,83;100
2017-07-23 17:00:21+00:00;5.313.043.544.347.880;15.215.181.127.667.400;14,49;17
2017-07-23 18:00:21+00:00;45.397.676.395.370.500;13.271.784.466.650.400;0,79;23
2017-07-23 19:00:21+00:00;9.675.129.350.331.820;11.858.580.372.633.000;9,25;100
2017-07-23 20:00:21+00:00;15.878.838.771.971.700;1.431.380.645.853.830;10,09;91
2017-07-23 21:00:21+00:00;3.889.891.077.619.050;14.810.314.351.163.400;10,18;100
2017-07-23 22:00:21+00:00;18.115.994.373.648.100;1.048.283.906.952.770;8,84;25
2017-07-23 23:00:21+00:00;22.669.994.931.223.700;11.052.686.619.126.600;7,95;100
2017-07-24 00:00:21+00:00;4.733.850.009.149.910;12.822.434.294.717.700;11,27;100
2017-07-24 01:00:21+00:00;28.354.960.340.963.100;10.294.736.534.638.400;6,45;100
2017-07-24 02:00:21+00:00;30.041.785.340.625.800;9.131.729.176.964.310;7,02;100
2017-07-24 03:00:21+00:00;3.149.835.635.869.220;11.024.730.024.871.900;9,39;100
2017-07-24 04:00:21+00:00;50.705.857.137.633.800;1.445.327.625.571.270;12,40;100
2017-07-24 05:00:21+00:00;51.608.263.089.946.800;137.723.116.786.755;11,39;100
2017-07-24 06:00:21+00:00;6.588.077.018.312.370;1.244.588.272.953.170;9,87;100
2017-07-24 07:00:21+00:00;4.741.563.580.862.550;1.125.382.340.505.830;0,78;96
2017-07-24 08:00:21+00:00;5.538.125.561.609.930;14.419.784.161.416.700;14,71;82
2017-07-24 09:00:21+00:00;26.234.106.602.373.000;14.292.709.477.262.600;11,86;0
2017-07-24 10:00:21+00:00;16.331.613.770.158.700;16.540.354.505.747.700;10,96;100
2017-07-24 11:00:21+00:00;4.573.874.349.475.680;7.432.532.559.920.480;20,18;67
2017-07-24 12:00:21+00:00;3.479.353.397.279.800;9.289.202.768.609.500;9,83;92
2017-07-24 13:00:21+00:00;5.598.727.943.036.930;15.801.021.706.175.700;1,01;28
2017-07-24 14:00:21+00:00;30.192.141.125.596.500;1.467.381.995.249.620;12,11;100
2017-07-24 15:00:21+00:00;26.812.129.796.391.000;15.791.363.494.546.900;10,24;14
2017-07-24 16:00:21+00:00;3.263.471.579.922.260;11.360.697.224.028.600;9,38;75
2017-07-24 17:00:21+00:00;35.392.937.884.419.200;12.580.988.873.722.800;10,69;43
2017-07-24 18:00:21+00:00;37.211.255.863.535.800;1.042.545.891.025.870;0,99;92
2017-07-24 19:00:21+00:00;39.744.944.510.150.800;7.859.843.441.774.990;6,10;64
2017-07-24 20:00:21+00:00;52.647.347.969.801.500;13.863.652.294.597.300;10,92;74
2017-07-24 21:00:21+00:00;19.453.600.058.789.500;16.959.540.695.539.100;11,43;100
2017-07-24 22:00:21+00:00;4.704.003.552.886.690;13.118.524.701.422.300;9,99;97
2017-07-24 23:00:21+00:00;45.195.408.308.630.700;11.787.236.546.631.900;9,51;100
2017-07-25 00:00:21+00:00;4.071.972.211.698.000;108.088.618.568.021;8,73;94
2017-07-25 01:00:21+00:00;4.021.302.616.439.510;1.622.733.050.448.750;12,65;55
2017-07-25 02:00:21+00:00;29.744.186.505.470.800;13.721.792.353.651.700;0,88;78
2017-07-25 03:00:21+00:00;17.627.086.965.773.300;13.819.263.394.647.200;8,46;100
2017-07-25 04:00:21+00:00;4.184.657.490.033.330;10.022.039.935.710.100;11,03;43
2017-07-25 05:00:21+00:00;30.354.525.146.325.500;11.300.818.513.370.000;10,22;7
2017-07-25 06:00:21+00:00;4.227.142.616.314.500;1.530.783.914.627.280;1,70;9
2017-07-25 07:00:21+00:00;31.975.738.379.156.300;1.224.829.010.069.580;10,60;100
2017-07-25 08:00:21+00:00;4.711.120.130.823.830;11.944.448.193.036.200;10,89;100
2017-07-25 09:00:21+00:00;4.668.786.394.375.520;19.613.343.954.289.900;13,88;100
2017-07-25 10:00:21+00:00;4.729.939.316.171.800;13.693.817.228.026.500;13,89;100
2017-07-25 11:00:21+00:00;51.751.222.133.995.100;13.107.012.835.199.600;6,79;63
2017-07-25 12:00:21+00:00;355.132.100.710.048;13.195.667.431.520.100;11,85;20
2017-07-25 13:00:21+00:00;4.902.007.468.826.880;1.188.012.379.447.530;9,73;8
2017-07-25 14:00:21+00:00;30.898.496.410.518.500;13.349.152.383.512.800;13,60;7
2017-07-25 15:00:21+00:00;26.702.572.504.826.100;1.823.185.719.045.310;14,32;56
2017-07-25 16:00:21+00:00;3.621.628.562.737.050;14.527.219.351.162.800;11,70;100
2017-07-25 17:00:21+00:00;53.889.357.454.584.700;9.654.631.328.539.510;3,86;53
2017-07-25 18:00:21+00:00;3.338.783.851.026.380;1.246.415.610.328.200;6,19;72
2017-07-25 19:00:21+00:00;47.011.620.162.348.900;13.778.005.770.722.900;11,76;100
2017-07-25 20:00:21+00:00;24.213.934.334.267.200;987.067.467.932.095;10,17;95
2017-07-25 21:00:21+00:00;12.025.452.288.377.400;12.390.024.920.792.900;10,49;100
2017-07-25 22:00:21+00:00;30.296.698.835.179.700;11.193.586.604.696.500;8,68;100
2017-07-25 23:00:21+00:00;3.528.374.427.535.930;12.563.923.199.100.100;10,67;88
2017-07-26 00:00:21+00:00;48.226.807.841.648.600;13.694.952.016.272.100;11,35;82
2017-07-26 01:00:21+00:00;31.921.886.173.096.400;15.220.102.944.655.800;13,50;72
2017-07-26 02:00:21+00:00;5.733.238.835.412.620;10.725.760.788.423.100;6,66;100
2017-07-26 03:00:21+00:00;4.205.415.357.146.930;13.317.242.822.188.500;11,17;13
2017-07-26 04:00:21+00:00;32.895.590.118.073.700;12.731.039.581.085.900;8,16;16
2017-07-26 05:00:21+00:00;3.875.026.271.977.540;12.990.818.977.451.300;1,26;100
2017-07-26 06:00:21+00:00;2.286.009.494.500.050;11.537.231.119.052.100;7,04;67
2017-07-26 07:00:21+00:00;32.705.651.466.020.800;13.409.936.551.737.300;0,10;100
2017-07-26 08:00:21+00:00;3.279.358.069.655.130;14.722.776.092.506.500;1,30;6
2017-07-26 09:00:21+00:00;39.378.376.896.475.600;10.148.434.963.979.400;5,48;82
2017-07-26 10:00:21+00:00;3.013.760.497.415.400;17.718.256.301.623.200;12,55;100
2017-07-26 11:00:21+00:00;4.060.589.457.439.730;15.809.503.951.335.900;1,71;45
2017-07-26 12:00:21+00:00;16.519.511.308.070.100;9.705.047.137.391.830;9,65;95
2017-07-26 13:00:21+00:00;48.282.880.257.937.800;1.703.517.367.923.760;14,30;14
2017-07-26 14:00:21+00:00;3.380.521.413.404.420;17.199.475.645.352.900;15,05;65
2017-07-26 15:00:21+00:00;4.581.228.641.197.120;12.305.245.248.934.700;6,44;74
2017-07-26 16:00:21+00:00;48.675.591.525.860.300;14.024.042.670.040.100;12,48;100
2017-07-26 17:00:21+00:00;378.289.662.255.602;13.744.586.314.390.800;14,91;78
2017-07-26 18:00:21+00:00;4.798.460.499.457.620;10.183.208.918.682.200;7,16;7
2017-07-26 19:00:21+00:00;3.915.736.642.412.890;16.016.554.682.653.200;16,46;100
2017-07-26 20:00:21+00:00;4.144.506.616.364.430;89.620.182.428.718;0,62;56
2017-07-26 21:00:21+00:00;29.022.679.137.188.800;1.422.714.409.814.830;11,62;67
2017-07-26 22:00:21+00:00;49.487.545.178.449.800;17.329.107.687.749.300;11,18;52
2017-07-26 23:00:21+00:00;3.859.245.877.846.730;942.809.842.662.513;8,41;100
2017-07-27 00:00:21+00:00;5.368.419.355.201.500;12.814.002.422.791.800;10,55;61
2017-07-27 01:00:21+00:00;20.173.591.431.145.500;1.629.038.852.172.900;12,59;15
2017-07-27 02:00:21+00:00;2.757.285.006.291.810;14.501.085.517.067.000;9,88;100
2017-07-27 03:00:21+00:00;20.644.919.802.954.700;15.547.168.617.757.000;12,89;100
2017-07-27 04:00:21+00:00;5.013.270.028.040.190;11.857.657.222.525.300;8,23;71
2017-07-27 05:00:21+00:00;4.410.567.347.569.810;11.242.856.926.673.800;11,21;100
2017-07-27 06:00:21+00:00;1.608.109.942.632.400;13.040.616.131.890.900;10,95;98
2017-07-27 07:00:21+00:00;24.502.692.899.362.800;14.168.794.168.716.900;10,36;77
2017-07-27 08:00:21+00:00;20.469.503.179.457.500;14.980.376.956.772.900;1,40;83
2017-07-27 09:00:21+00:00;48.269.335.361.414.600;14.603.706.634.435.000;10,82;14
2017-07-27 10:00:21+00:00;5.005.618.782.481.880;15.899.537.507.566.500;1,47;100
2017-07-27 11:00:21+00:00;29.450.200.882.135.200;13.806.052.364.277;1,13;74
2017-07-27 12:00:21+00:00;10.106.986.368.029.100;10.983.610.317.929.000;4,97;65
2017-07-27 13:00:21+00:00;11.531.734.304.890.700;10.237.602.057.111.700;9,37;8
2017-07-27 14:00:21+00:00;5.158.512.080.890.790;15.364.824.682.036.000;12,19;100
2017-07-27 15:00:21+00:00;50.382.732.464.830.300;15.965.310.545.982.100;1,39;19
2017-07-27 16:00:21+00:00;5.357.028.265.021.540;18.307.645.912.637.500;15,08;80
2017-07-27 17:00:21+00:00;316.082.786.718.658;1.940.469.116.961.440;15,97;100
2017-07-27 18:00:21+00:00;8.303.359.926.478.580;15.884.116.739.369.800;0,13;29
2017-07-27 19:00:21+00:00;4.147.710.690.760.360;14.414.421.590.616.800;17,30;89
2017-07-27 20:00:21+00:00;29.719.796.215.824.500;12.504.998.756.668.800;1,11;100
2017-07-27 21:00:21+00:00;59.059.605.005.605.500;1.140.529.349.514.480;5,59;99
2017-07-27 22:00:21+00:00;4.426.523.875.450.900;13.687.215.967.302.100;7,93;100
2017-07-27 23:00:21+00:00;3.820.977.558.412.920;13.270.501.532.673.700;11,48;63
2017-07-28 00:00:21+00:00;28.640.606.319.190.400;1.814.715.744.332.020;13,37;87
2017-07-28 01:00:21+00:00;521.620.618.597.684;14.946.773.160.992.900;14,10;100
2017-07-28 02:00:21+00:00;26.621.913.903.114.900;12.967.499.876.068.100;11,02;100
2017-07-28 03:00:21+00:00;18.675.019.534.182.000;11.385.993.262.193.200;9,86;26
2017-07-28 04:00:21+00:00;3.607.368.352.668.500;14.820.977.897.308.000;10,02;84
2017-07-28 05:00:21+00:00;493.476.196.621.977;13.859.882.907.432.400;12,24;100
2017-07-28 06:00:21+00:00;5.699.276.545.923.260;12.429.725.026.132.100;10,29;100
2017-07-28 07:00:21+00:00;16.074.503.009.412.300;11.859.614.748.003.700;7,61;52
2017-07-28 08:00:21+00:00;5.128.992.373.765.610;14.857.296.834.649.400;1,00;53
2017-07-28 09:00:21+00:00;35.153.996.408.906.800;12.537.243.115.231.800;13,34;34
2017-07-28 10:00:21+00:00;4.621.259.405.074.970;1.274.048.253.338.910;11,33;100
2017-07-28 11:00:21+00:00;17.760.735.079.574.300;1.234.938.088.760.140;9,11;100
2017-07-28 12:00:21+00:00;27.891.950.942.901.200;2.040.143.861.048.820;15,23;75
2017-07-28 13:00:21+00:00;4.368.942.405.572.350;13.907.994.715.759.300;11,15;100
2017-07-28 14:00:21+00:00;3.636.217.392.317.390;11.527.940.563.371.800;0,10;66
2017-07-28 15:00:21+00:00;36.503.061.656.314;728.316.164.552.019;31,31;67
2017-07-28 16:00:21+00:00;3.281.410.428.116.690;9.544.900.312.459.300;7,39;100
2017-07-28 17:00:21+00:00;3.591.164.718.459.330;12.814.473.143.113.900;6,15;100
2017-07-28 18:00:21+00:00;3.419.870.430.429.660;17.637.315.972.705.100;14,06;93
2017-07-28 19:00:21+00:00;18.865.818.696.877.700;19.073.103.799.864.400;1,82;100
2017-07-28 20:00:21+00:00;2.866.116.502.846.720;12.947.017.566.191.800;50,00;92
2017-07-28 21:00:21+00:00;4.280.204.817.515.150;14.408.591.326.040.000;11,25;100
2017-07-28 22:00:21+00:00;3.403.042.831.893.300;13.123.830.221.779.600;10,06;100
2017-07-28 23:00:21+00:00;41.435.600.591.321.700;14.629.671.004.808.100;9,46;98
2017-07-29 00:00:21+00:00;336.671.679.825.056;12.941.718.488.285.700;9,45;8
2017-07-29 01:00:21+00:00;28.787.547.333.137.600;12.173.240.335.850.400;7,10;100
2017-07-29 02:00:21+00:00;49.281.776.253.861.700;11.931.859.356.139.300;7,61;100
2017-07-29 03:00:21+00:00;4.309.558.438.969.780;15.247.673.132.262.400;12,53;68
2017-07-29 04:00:21+00:00;32.906.727.565.405.700;1.668.566.184.935.580;14,12;100
2017-07-29 05:00:21+00:00;45.912.636.713.937.800;12.435.040.894.012.400;9,29;14
2017-07-29 06:00:21+00:00;4.279.285.156.947.990;15.289.778.720.664.700;14,92;8
2017-07-29 07:00:21+00:00;28.087.968.725.803.600;13.905.163.563.142.900;12,59;87
2017-07-29 08:00:21+00:00;3.804.317.292.835.590;12.597.145.500.184.800;14,01;100
2017-07-29 09:00:21+00:00;3.972.165.134.363.910;1.517.040.994.853.910;11,90;100
2017-07-29 10:00:21+00:00;40.494.332.531.164.500;16.795.302.407.986.900;11,34;100
2017-07-29 11:00:21+00:00;58.864.830.826.873.700;11.525.749.059.210.600;8,84;100
2017-07-29 12:00:21+00:00;44.116.959.162.808.300;12.742.357.536.240.800;14,23;91
2017-07-29 13:00:21+00:00;4.254.222.385.998.250;17.083.416.366.049.500;11,66;66
2017-07-29 14:00:21+00:00;21.706.210.562.601.800;13.421.795.957.275.100;12,44;95
2017-07-29 15:00:21+00:00;7.027.393.425.470.280;11.597.177.549.276.300;7,22;64
2017-07-29 16:00:21+00:00;1.891.689.047.837.530;13.937.202.001.053.200;10,42;100
2017-07-29 17:00:21+00:00;28.480.920.884.677.800;13.546.044.178.906.200;9,84;100
2017-07-29 18:00:21+00:00;28.012.086.499.262.300;16.086.010.166.114.200;11,03;0
2017-07-29 19:00:21+00:00;31.572.237.229.617.200;1.341.916.050.221.590;12,29;100
2017-07-29 20:00:21+00:00;24.347.001.580.205.600;135.004.516.130.623;13,68;11
2017-07-29 21:00:21+00:00;14.878.872.084.926.300;13.399.237.236.357.000;12,52;100
2017-07-29 22:00:21+00:00;5.048.278.920.376.130;13.931.515.402.347.500;11,20;90
2017-07-29 23:00:21+00:00;27.490.482.817.917.100;17.204.375.438.944.300;10,79;8
2017-07-30 00:00:21+00:00;7.738.767.383.634.390;15.283.569.306.278.500;12,49;100
2017-07-30 01:00:21+00:00;329.136.358.833.555;10.996.063.747.770.700;10,05;100
2017-07-30 02:00:21+00:00;4.097.077.319.590.620;1.420.818.021.536.900;11,18;78
2017-07-30 03:00:21+00:00;14.808.905.475.763.900;14.363.890.324.495.500;14,15;100
2017-07-30 04:00:21+00:00;4.310.309.481.008.720;144.387.510.143.237;11,16;40
2017-07-30 05:00:21+00:00;4.102.636.917.420.630;9.934.947.263.218.430;6,75;13
2017-07-30 06:00:21+00:00;24.279.847.890.087.900;13.879.953.578.600.500;13,08;65
2017-07-30 07:00:21+00:00;3.976.177.296.072.380;12.147.303.892.230.000;11,45;100
2017-07-30 08:00:21+00:00;57.803.037.857.020.300;9.892.473.253.900.860;1,09;87
2017-07-30 09:00:21+00:00;3.510.084.980.030.500;1.645.878.599.501.570;14,21;54
2017-07-30 10:00:21+00:00;29.452.055.539.169.600;12.840.309.185.603.600;0,87;100
2017-07-30 11:00:21+00:00;2.528.849.588.217.110;12.876.555.892.197.200;5,12;64
2017-07-30 12:00:21+00:00;5.790.972.613.190.010;15.665.111.561.873.500;9,09;100
2017-07-30 13:00:21+00:00;31.892.015.870.940.800;1.600.952.699.535.730;11,65;100
2017-07-30 14:00:21+00:00;3.275.413.538.967.490;12.921.457.742.909.000;12,99;99
2017-07-30 15:00:21+00:00;4.678.776.303.683.850;13.596.177.124.400.400;13,32;100
2017-07-30 16:00:21+00:00;43.848.240.653.495.100;11.074.494.127.492.200;8,05;93
2017-07-30 17:00:21+00:00;18.838.374.928.525.500;11.238.793.343.298.800;10,62;100
2017-07-30 18:00:21+00:00;3.690.269.182.709.820;16.673.612.491.983.400;10,59;90
2017-07-30 19:00:21+00:00;29.261.024.491.370.400;13.635.365.351.897.800;1,34;100
2017-07-30 20:00:21+00:00;4.968.842.526.709.400;15.878.310.649.687.100;12,14;87
2017-07-30 21:00:21+00:00;2.099.026.189.749.130;13.124.157.317.247.200;11,79;91
2017-07-30 22:00:21+00:00;4.530.329.804.685.070;14.544.328.014.325.200;12,71;100
2017-07-30 23:00:21+00:00;12.159.585.780.835.700;9.294.672.474.850.240;0,84;100
2017-07-31 00:00:21+00:00;4.301.397.546.773.400;15.613.187.205.706.400;10,09;28
2017-07-31 01:00:21+00:00;4.549.092.928.445.080;13.454.732.011.907.500;9,59;72
2017-07-31 02:00:21+00:00;24.495.661.302.763.900;12.384.919.751.018.100;12,02;34
2017-07-31 03:00:21+00:00;46.023.403.805.999.300;15.049.991.544.985.800;13,06;100
2017-07-31 04:00:21+00:00;329.844.763.669.752;1.593.591.041.431.910;10,59;100
2017-07-31 05:00:21+00:00;7.966.556.940.420.060;12.540.608.030.721.200;10,78;57
2017-07-31 06:00:21+00:00;40.523.754.915.507.500;1.062.330.733.977.850;6,41;55
2017-07-31 07:00:21+00:00;23.642.161.433.783.200;17.565.807.907.988.500;11,52;83
2017-07-31 08:00:21+00:00;47.669.250.479.171.900;13.001.913.413.830.500;9,16;11
2017-07-31 09:00:21+00:00;54.181.051.416.203.300;886.942.920.993.755;6,90;100
2017-07-31 10:00:21+00:00;30.687.944.979.042.900;12.501.434.457.615.400;7,60;5
2017-07-31 11:00:21+00:00;21.187.417.544.228.600;14.615.850.238.050.600;13,48;80
2017-07-31 12:00:21+00:00;3.530.507.426.432.790;13.326.499.150.960.600;9,24;0
2017-07-31 13:00:21+00:00;4.505.328.608.867.010;132.120.113.930.441;10,51;100
2017-07-31 14:00:21+00:00;28.109.981.429.987.900;12.671.376.985.213.200;11,03;100
2017-07-31 15:00:21+00:00;4.182.053.439.399.350;1.250.372.476.086.900;13,70;79
2017-07-31 16:00:21+00:00;4.825.835.796.958.890;10.424.749.989.219.800;0,95;100
2017-07-31 17:00:21+00:00;51.196.433.506.423.500;10.376.985.651.869.500;7,69;100
2017-07-31 18:00:21+00:00;40.087.283.552.181.800;1.440.811.000.382.520;9,55;100
2017-07-31 19:00:21+00:00;1.231.396.225.604.130;16.510.187.635.563.100;10,70;79
2017-07-31 20:00:21+00:00;3.204.143.424.367.920;12.855.805.222.347.700;8,32;76
2017-07-31 21:00:21+00:00;3.152.501.401.696.570;168.871.129.649.237;13,21;100
2017-07-31 22:00:21+00:00;35.614.486.165.279.500;16.190.871.130.860.100;15,36;63
2017-07-31 23:00:21+00:00;2.746.790.748.218.600;13.205.130.498.869.500;0,10;9
2017-08-01 00:00:21+00:00;24.723.764.078.197.400;15.072.669.709.076.700;10,94;63
2017-08-01 01:00:21+00:00;32.748.759.351.619;14.712.251.283.656.700;12,00;100
2017-08-01 02:00:21+00:00;4.169.271.090.009.130;12.299.960.288.073.500;1,31;100
2017-08-01 03:00:21+00:00;6.653.824.882.424.820;8.290.264.661.445.900;5,12;100
2017-08-01 04:00:21+00:00;4.385.126.899.191.690;13.861.711.906.539.500;12,01;100
2017-08-01 05:00:21+00:00;2.212.262.934.641.290;15.226.917.431.380.600;11,46;70
2017-08-01 06:00:21+00:00;25.463.992.590.205.300;12.182.221.427.353.100;10,15;93
2017-08-01 07:00:21+00:00;24.899.799.879.074.200;18.394.423.403.947.600;15,99;8
2017-08-01 08:00:21+00:00;29.545.702.734.416.800;16.029.869.678.903.200;15,57;100
2017-08-01 09:00:21+00:00;39.876.370.339.286.000;9.952.496.047.443.950;7,85;46
2017-08-01 10:00:21+00:00;2.367.200.176.786.310;13.052.959.334.583.800;12,71;81
2017-08-01 11:00:21+00:00;3.357.149.356.483.790;11.487.608.320.368.600;1,00;79
2017-08-01 12:00:21+00:00;33.360.981.757.676.900;12.633.814.836.373.000;50,00;96
2017-08-01 13:00:21+00:00;3.924.627.105.499.330;15.112.225.204.125.200;11,70;100
2017-08-01 14:00:21+00:00;30.587.931.617.035.300;12.914.324.616.611.700;14,98;100
2017-08-01 15:00:21+00:00;26.308.822.193.939.500;12.141.443.986.615.500;9,48;100
2017-08-01 16:00:21+00:00;2.645.752.406.340.420;13.753.332.321.837.100;10,37;70
2017-08-01 17:00:21+00:00;3.983.354.895.644.840;15.368.335.243.957.800;11,66;34
2017-08-01 18:00:21+00:00;25.548.118.721.170.100;15.344.160.496.213.100;11,34;54
2017-08-01 19:00:21+00:00;4.390.473.627.295.370;15.017.904.504.653.200;0,93;7
2017-08-01 20:00:21+00:00;3.891.389.158.926.940;1.684.924.170.364.040;8,88;11
2017-08-01 21:00:21+00:00;21.709.764.804.182.700;13.305.552.198.448.700;9,10;10
2017-08-01 22:00:21+00:00;5.175.118.841.242.850;12.648.764.210.330.800;9,42;96
2017-08-01 23:00:21+00:00;3.672.728.490.060.820;13.147.947.309.659.000;11,62;87
2017-08-02 00:00:21+00:00;2.781.983.492.551.380;11.561.435.921.603.500;8,51;100
2017-08-02 01:00:21+00:00;59.770.035.469.014.400;11.504.843.634.965.300;9,46;89
2017-08-02 02:00:21+00:00;3.468.486.668.820.060;153.174.549.672.719;0,99;26
2017-08-02 03:00:21+00:00;39.331.085.538.748.800;15.540.157.439.082.100;9,00;77
2017-08-02 04:00:21+00:00;3.832.228.367.856.170;71.060.498.381.448.200;0,64;88
2017-08-02 05:00:21+00:00;5.308.475.903.230.370;15.806.130.340.254.600;13,95;13
2017-08-02 06:00:21+00:00;58.730.776.353.175.800;12.527.270.243.251.000;11,99;100
2017-08-02 07:00:21+00:00;3.947.964.115.336.090;1.199.094.997.731.700;12,00;96
2017-08-02 08:00:21+00:00;3.678.587.942.563.490;1.273.185.842.841.790;1,28;100
2017-08-02 09:00:21+00:00;4.873.588.121.582.250;10.463.053.770.295.100;9,74;95
2017-08-02 10:00:21+00:00;2.953.697.535.260.420;13.117.394.776.805.500;9,35;69
2017-08-02 11:00:21+00:00;3.685.968.333.325.170;18.170.727.051.277.800;1,51;100
2017-08-02 12:00:21+00:00;2.872.034.078.500.660;9.770.310.130.405.310;7,17;77
2017-08-02 13:00:21+00:00;59.164.421.552.533.200;15.025.195.449.931.700;11,56;100
2017-08-02 14:00:21+00:00;48.501.773.930.458.700;15.889.513.992.338.700;13,50;83
2017-08-02 15:00:21+00:00;5.779.557.716.898.580;14.936.930.641.366.500;14,48;100
2017-08-02 16:00:21+00:00;27.789.055.829.081.200;1.724.597.126.065.360;15,32;100
2017-08-02 17:00:21+00:00;4.622.309.449.265.550;15.906.484.378.879.500;12,71;68
2017-08-02 18:00:21+00:00;4.031.983.871.940.050;15.152.823.587.707.400;12,32;100
2017-08-02 19:00:21+00:00;3.845.801.194.258.200;16.043.429.262.740.300;13,56;79
2017-08-02 20:00:21+00:00;5.577.065.489.506.860;1.593.142.629.843.190;15,10;100
2017-08-02 21:00:21+00:00;24.223.104.123.278.800;1.267.833.724.573.430;13,86;7
2017-08-02 22:00:21+00:00;2.719.742.850.640.650;15.056.320.023.414.400;12,30;55
2017-08-02 23:00:21+00:00;28.990.624.641.312.800;12.862.928.939.296.700;9,88;44
2017-08-03 00:00:21+00:00;18.383.586.615.915.200;10.288.519.723.387.200;8,55;40
2017-08-03 01:00:21+00:00;8.288.639.947.278.130;17.981.010.176.441.500;1,64;10
2017-08-03 02:00:21+00:00;3.392.087.520.386.650;12.182.476.897.670.200;10,79;100
2017-08-03 03:00:21+00:00;4.401.494.425.121.500;16.182.731.839.285.200;11,92;100
2017-08-03 04:00:21+00:00;32.186.673.051.494.100;14.822.364.762.141.300;11,88;99
2017-08-03 05:00:21+00:00;2.596.664.009.192.390;11.351.571.056.402.200;9,11;100
2017-08-03 06:00:21+00:00;5.183.995.746.323.330;11.642.840.881.700.600;8,02;100
2017-08-03 07:00:21+00:00;2.065.486.934.908.840;14.489.033.568.041.100;10,27;100
2017-08-03 08:00:21+00:00;11.520.642.850.641.600;1.449.415.698.191.390;9,18;100
2017-08-03 09:00:21+00:00;164.309.972.367.408;12.612.451.497.207.700;9,79;60
2017-08-03 10:00:21+00:00;5.708.890.353.142.730;968.735.953.998.008;10,01;74
2017-08-03 11:00:21+00:00;3.217.783.649.587.760;15.473.679.074.968.500;14,42;91
2017-08-03 12:00:21+00:00;54.667.148.403.291.000;6.428.759.941.851.570;5,09;83
2017-08-03 13:00:21+00:00;5.082.370.670.669;14.369.670.143.128.300;1,51;100
2017-08-03 14:00:21+00:00;973.529.902.949.615;16.273.376.901.423.200;12,91;100
2017-08-03 15:00:21+00:00;3.814.275.854.355.810;9.038.730.506.651.320;6,55;92
2017-08-03 16:00:21+00:00;45.285.188.805.460.200;13.913.180.535.335.300;7,18;79
2017-08-03 17:00:21+00:00;2.217.402.931.861.340;12.593.984.785.060.400;10,47;82
2017-08-03 18:00:21+00:00;1.888.341.078.982.610;13.998.078.231.793.900;9,41;100
2017-08-03 19:00:21+00:00;410.448.239.060.728;15.897.474.685.577.200;15,62;49
2017-08-03 20:00:21+00:00;21.562.783.615.977.700;1.025.859.797.443.170;5,72;74
2017-08-03 21:00:21+00:00;394.461.233.693.094;12.983.320.289.298.900;12,96;40
2017-08-03 22:00:21+00:00;45.348.992.755.056.600;13.126.037.343.154.000;10,91;70
2017-08-03 23:00:21+00:00;4.881.180.548.255.470;8.797.353.589.591.850;4,74;100
2017-08-04 00:00:21+00:00;4.532.266.975.001.020;14.916.655.488.430.800;0,01;98
2017-08-04 01:00:21+00:00;50.371.475.693.159.300;17.476.103.585.918.400;14,72;90
2017-08-04 02:00:21+00:00;22.021.569.886.217.200;15.151.946.738.371.000;10,28;100
2017-08-04 03:00:21+00:00;57.026.566.197.627.000;1.384.009.979.465.930;7,13;100
2017-08-04 04:00:21+00:00;2.813.557.085.038.730;15.674.374.563.583.000;16,50;100
2017-08-04 05:00:21+00:00;2.231.366.387.620.790;12.081.650.930.227.600;11,40;30
2017-08-04 06:00:21+00:00;5.015.949.255.320.610;11.386.552.081.626.000;6,82;11
2017-08-04 07:00:21+00:00;4.299.973.377.907.420;1.477.119.013.746.490;8,18;100
2017-08-04 08:00:21+00:00;1.353.318.035.009.820;14.080.490.893.386.400;13,63;100
2017-08-04 09:00:21+00:00;4.642.969.236.615.670;14.286.589.047.071.100;8,72;100
2017-08-04 10:00:21+00:00;4.002.177.624.938.230;11.441.417.259.880.300;9,35;100
2017-08-04 11:00:21+00:00;3.744.076.038.552.200;9.873.904.389.534.610;8,77;58
2017-08-04 12:00:21+00:00;30.484.332.257.619.800;11.004.075.137.120.500;50,00;51
2017-08-04 13:00:21+00:00;5.313.115.317.012.330;11.456.182.118.423.300;7,21;17
2017-08-04 14:00:21+00:00;57.788.462.452.100.200;8.573.142.655.377.200;3,05;79
2017-08-04 15:00:21+00:00;4.338.454.129.551.250;14.677.878.542.027.500;12,66;63
2017-08-04 16:00:21+00:00;2.084.263.996.739.710;10.397.071.127.092.300;13,08;41
2017-08-04 17:00:21+00:00;2.121.470.825.927.850;10.262.987.964.425.500;5,92;100
2017-08-04 18:00:21+00:00;25.243.245.215.963.600;1.288.964.114.583.090;8,32;59
2017-08-04 19:00:21+00:00;4.875.372.801.332.010;11.326.891.224.985.100;1,06;100
2017-08-04 20:00:21+00:00;3.294.790.387.724.260;9.697.230.512.806.270;0,29;100
2017-08-04 21:00:21+00:00;4.492.191.698.074.890;996.539.966.179.055;6,39;78
2017-08-04 22:00:21+00:00;2.743.120.712.873.820;14.824.330.817.409.400;12,28;78
2017-08-04 23:00:21+00:00;5.380.252.902.117.100;12.708.897.060.277.400;8,51;100
2017-08-05 00:00:21+00:00;22.264.854.745.484.500;9.852.979.420.415.690;8,92;100
2017-08-05 01:00:21+00:00;31.307.579.957.709.500;1.705.724.981.099.060;0,14;73
2017-08-05 02:00:21+00:00;3.321.765.074.996.040;11.799.464.633.645.800;0,97;100
2017-08-05 03:00:21+00:00;4.381.074.450.758.810;14.810.505.758.256.800;10,33;48
2017-08-05 04:00:21+00:00;40.270.759.094.653.500;13.262.862.440.231.700;0,98;100
2017-08-05 05:00:21+00:00;54.414.975.918.313.400;13.762.601.021.614.000;11,17;86
2017-08-05 06:00:21+00:00;5.212.875.728.512.660;13.575.363.859.783.200;11,28;100
2017-08-05 07:00:21+00:00;2.793.974.683.819.520;1.018.001.689.456.790;11,00;100
2017-08-05 08:00:21+00:00;3.393.698.596.421.910;18.969.298.607.695.900;16,63;100
2017-08-05 09:00:21+00:00;3.619.547.080.874.230;11.679.963.546.558.700;8,59;100
2017-08-05 10:00:21+00:00;27.837.045.742.832.500;15.527.528.462.659.500;13,55;12
2017-08-05 11:00:21+00:00;16.614.031.021.927.300;11.606.734.855.375.200;10,55;100
2017-08-05 12:00:21+00:00;3.637.287.639.989.480;10.843.094.047.643.000;7,36;63
2017-08-05 13:00:21+00:00;4.540.266.165.285.900;16.846.947.203.549.900;14,64;100
2017-08-05 14:00:21+00:00;365.120.200.754.958;1.730.177.857.271.350;13,37;96
2017-08-05 15:00:21+00:00;39.437.168.007.236.800;1.462.571.465.990.790;12,28;100
2017-08-05 16:00:21+00:00;5.311.992.720.322.500;15.483.070.738.108.300;1,44;53
2017-08-05 17:00:21+00:00;2.560.303.952.811.100;10.482.520.545.873.500;1,04;56
2017-08-05 18:00:21+00:00;24.746.714.342.737.500;15.124.884.492.641.100;10,36;100
2017-08-05 19:00:21+00:00;29.440.091.637.353.900;15.099.592.830.388.500;9,85;8
2017-08-05 20:00:21+00:00;4.892.265.845.970.330;14.588.982.999.902.200;15,23;100
2017-08-05 21:00:21+00:00;45.417.089.101.662.600;17.519.844.921.153.400;17,58;34
2017-08-05 22:00:21+00:00;41.155.041.345.894.300;7.992.985.395.012.680;7,86;100
2017-08-05 23:00:21+00:00;54.012.414.108.089;13.090.327.139.499.300;9,88;44
2017-08-06 00:00:21+00:00;2.226.134.030.194.550;1.712.074.466.363.670;1,31;96
2017-08-06 01:00:21+00:00;3.122.946.646.107.290;10.826.386.311.525.300;50,00;71
2017-08-06 02:00:21+00:00;39.572.723.007.558.600;15.100.838.934.428.200;1,25;87
2017-08-06 03:00:21+00:00;3.341.719.281.050.400;12.346.420.810.700.600;9,63;86
2017-08-06 04:00:21+00:00;4.631.090.457.677.370;13.739.638.232.043.100;10,80;47
2017-08-06 05:00:21+00:00;5.868.945.911.164.680;10.959.840.631.184.900;6,47;83
2017-08-06 06:00:21+00:00;32.182.890.183.688.900;1.901.499.276.456.590;17,12;100
2017-08-06 07:00:21+00:00;4.191.189.515.808.040;10.742.014.977.056.200;9,49;100
2017-08-06 08:00:21+00:00;4.755.085.587.728.670;13.209.255.315.557.200;11,48;100
2017-08-06 09:00:21+00:00;4.559.250.901.189.050;12.895.732.996.976.000;6,74;55
2017-08-06 10:00:21+00:00;57.161.302.738.685.100;16.131.445.875.871.800;9,87;11
2017-08-06 11:00:21+00:00;40.818.018.851.920.100;13.694.199.999.047.400;8,76;96
2017-08-06 12:00:21+00:00;3.777.053.909.123.350;970.003.312.670.959;0,93;27
2017-08-06 13:00:21+00:00;2.375.989.088.758.440;11.964.253.576.261.800;0,86;7
2017-08-06 14:00:21+00:00;4.213.708.443.923.240;8.279.498.172.582.500;4,55;100
2017-08-06 15:00:21+00:00;23.741.496.575.146.900;13.701.716.343.436.300;1,23;100
2017-08-06 16:00:21+00:00;2.156.678.748.224.220;17.845.926.036.604.700;0,14;100
2017-08-06 17:00:21+00:00;4.104.336.228.682.510;13.041.666.658.314.200;11,18;81
2017-08-06 18:00:21+00:00;30.994.574.733.230.600;14.349.964.601.278.900;9,44;59
2017-08-06 19:00:21+00:00;35.255.990.639.928;16.199.040.807.362.900;12,91;100
2017-08-06 20:00:21+00:00;6.592.225.667.238.890;11.849.324.355.203.400;12,15;100
2017-08-06 21:00:21+00:00;15.898.030.537.817.300;1.619.309.099.103.670;1,54;100
2017-08-06 22:00:21+00:00;30.442.946.565.506.600;18.164.610.477.169.100;12,95;100
2017-08-06 23:00:21+00:00;22.087.948.588.437.600;9.219.759.489.324.970;50,00;80
2017-08-07 00:00:21+00:00;31.186.990.571.986.000;1.628.341.296.143.920;14,65;100
2017-08-07 01:00:21+00:00;31.367.825.257.510.600;9.928.198.801.631.640;8,12;85
2017-08-07 02:00:21+00:00;27.698.974.363.232.400;11.645.466.440.543.300;10,02;100
2017-08-07 03:00:21+00:00;33.222.417.140.884.500;16.269.938.800.285.000;15,78;100
2017-08-07 04:00:21+00:00;2.165.394.430.567.630;14.306.657.491.958.800;11,88;100
2017-08-07 05:00:21+00:00;4.286.707.866.073.750;12.411.997.255.821.800;8,74;84
2017-08-07 06:00:21+00:00;3.895.350.969.857.660;18.944.077.332.542.700;17,67;100
2017-08-07 07:00:21+00:00;3.671.791.196.159.490;12.724.925.495.406.900;8,53;14
2017-08-07 08:00:21+00:00;4.141.031.685.861.600;1.618.492.115.657.750;12,90;13
2017-08-07 09:00:21+00:00;4.907.840.177.972.140;12.783.889.517.040.400;9,07;64
2017-08-07 10:00:21+00:00;17.122.194.148.032.000;1.463.576.964.758.970;9,32;44
2017-08-07 11:00:21+00:00;55.649.085.552.713.300;14.718.708.215.971.900;11,57;77
2017-08-07 12:00:21+00:00;56.869.818.023.621.000;13.719.976.945.384.100;11,10;100
2017-08-07 13:00:21+00:00;4.791.704.813.262.390;10.083.490.532.451.700;7,56;62
2017-08-07 14:00:21+00:00;3.111.050.070.065.250;14.197.239.850.908.000;1,34;85
2017-08-07 15:00:21+00:00;6.332.875.641.829.590;12.119.141.304.454.600;8,18;100
2017-08-07 16:00:21+00:00;5.031.839.660.592.480;12.414.283.786.822.000;10,65;14
2017-08-07 17:00:21+00:00;15.846.409.960.298.000;14.964.651.080.858.000;0,95;100
2017-08-07 18:00:21+00:00;3.023.638.542.083.870;14.797.555.962.653.600;16,63;81
2017-08-07 19:00:21+00:00;44.024.974.498.671.300;11.691.411.254.044.600;8,04;49
2017-08-07 20:00:21+00:00;19.126.266.667.195.200;14.052.773.203.737.100;8,00;100
2017-08-07 21:00:21+00:00;4.964.374.222.207.340;13.574.438.027.432.800;10,39;100
2017-08-07 22:00:21+00:00;33.884.201.914.592.000;11.434.295.372.949.400;9,60;33
2017-08-07 23:00:21+00:00;237.113.796.832.342;11.583.765.626.038.900;11,03;100
2017-08-08 00:00:21+00:00;34.065.478.863.931.000;11.622.457.587.853.700;11,44;56
2017-08-08 01:00:21+00:00;2.847.472.527.075.610;13.498.386.747.958.100;12,04;13
2017-08-08 02:00:21+00:00;13.840.847.787.175.800;12.787.105.921.990.900;11,91;100
2017-08-08 03:00:21+00:00;34.833.396.839.907.300;14.032.851.054.791.100;13,43;100
2017-08-08 04:00:21+00:00;31.055.000.045.799.500;11.391.006.202.927.400;0,96;100
2017-08-08 05:00:21+00:00;372.053.096.412.734;13.105.057.952.345.300;0,90;100
2017-08-08 06:00:21+00:00;2.184.066.439.866.150;13.288.073.908.202.000;10,81;100
2017-08-08 07:00:21+00:00;37.301.545.546.394.000;14.316.711.570.187.400;1,00;62
2017-08-08 08:00:21+00:00;6.501.703.444.556.390;170.908.363.700.554;15,77;100
2017-08-08 09:00:21+00:00;1.853.012.037.631.290;16.131.359.602.804.600;15,31;100
2017-08-08 10:00:21+00:00;36.460.881.368.537.000;13.344.468.196.821.100;1,32;100
2017-08-08 11:00:21+00:00;41.191.032.774.683.800;965.605.244.831.212;5,42;100
2017-08-08 12:00:21+00:00;3.689.855.837.583.300;12.280.526.592.985.400;11,95;4
2017-08-08 13:00:21+00:00;3.434.497.033.809.880;1.575.941.019.790.860;11,46;85
2017-08-08 14:00:21+00:00;3.660.860.407.779.010;13.391.146.650.623.100;11,45;84
2017-08-08 15:00:21+00:00;31.280.142.170.107.300;1.047.400.559.910.910;1,00;100
2017-08-08 16:00:21+00:00;5.724.349.126.447.390;1.302.638.849.315.320;7,55;85
2017-08-08 17:00:21+00:00;4.130.267.009.059.400;123.829.563.147.099;11,63;81
2017-08-08 18:00:21+00:00;26.359.927.135.878.500;16.583.850.425.692.100;10,17;90
2017-08-08 19:00:21+00:00;5.161.222.460.795.640;12.112.040.861.255.500;9,29;100
2017-08-08 20:00:21+00:00;2.589.430.488.855.440;14.530.037.995.470.600;13,58;100
2017-08-08 21:00:21+00:00;2.037.132.079.752.430;15.194.844.685.506.700;14,81;57
2017-08-08 22:00:21+00:00;31.369.578.424.391.100;10.520.158.685.512.400;10,03;36
2017-08-08 23:00:21+00:00;5.462.899.855.674.710;1.171.848.248.168.200;8,25;62
2017-08-09 00:00:21+00:00;2.167.244.784.556.510;12.489.286.552.027.400;8,79;9
2017-08-09 01:00:21+00:00;31.761.263.506.000.900;13.859.245.778.452.200;10,80;100
2017-08-09 02:00:21+00:00;28.659.461.259.109.000;12.081.915.536.401.500;9,77;3
2017-08-09 03:00:21+00:00;4.784.849.678.131.250;10.187.773.534.286.400;9,90;100
2017-08-09 04:00:21+00:00;2.277.875.590.552.950;11.081.532.376.448.000;8,74;46
2017-08-09 05:00:21+00:00;4.270.736.536.268.610;15.805.773.337.544.800;11,72;45
2017-08-09 06:00:21+00:00;164.810.713.462.193;1.855.207.556.731.940;14,12;75
2017-08-09 07:00:21+00:00;49.242.239.529.981.900;14.265.944.919.017.500;1,37;80
2017-08-09 08:00:21+00:00;4.164.736.365.205.570;1.614.208.430.043.900;1,30;100
2017-08-09 09:00:21+00:00;44.597.979.519.201.200;14.383.780.716.559.900;14,55;100
2017-08-09 10:00:21+00:00;3.718.366.810.991.330;1.521.943.692.519.300;14,08;100
2017-08-09 11:00:21+00:00;21.199.051.948.574.700;1.532.205.155.969.090;11,21;34
2017-08-09 12:00:21+00:00;4.506.942.273.338.540;15.169.431.975.170.900;11,24;17
2017-08-09 13:00:21+00:00;4.273.288.136.993.730;14.387.347.297.289.200;0,11;22
2017-08-09 14:00:21+00:00;25.668.471.872.291.200;13.870.793.139.999.700;10,82;77
2017-08-09 15:00:21+00:00;2.011.628.324.275.150;12.540.744.845.394.700;12,34;90
2017-08-09 16:00:21+00:00;3.593.073.694.788.530;14.800.062.534.306.600;10,76;100
2017-08-09 17:00:21+00:00;3.714.950.266.966.600;14.278.084.156.629.600;1,16;100
2017-08-09 18:00:21+00:00;45.781.595.481.245.800;11.324.032.799.478.600;9,73;100
2017-08-09 19:00:21+00:00;26.401.913.231.451.100;16.408.704.035.000.900;14,54;71
2017-08-09 20:00:21+00:00;39.521.879.542.021.700;15.930.719.320.528.000;13,69;57
2017-08-09 21:00:21+00:00;4.791.423.233.199.340;13.994.000.336.368.300;11,99;100
2017-08-09 22:00:21+00:00;7.821.055.677.128.190;16.382.567.428.800.200;1,22;50
2017-08-09 23:00:21+00:00;5.054.885.455.009.070;1.528.984.599.595.640;11,47;96
2017-08-10 00:00:21+00:00;3.826.298.178.690.550;12.457.306.650.852.300;10,46;28
2017-08-10 01:00:21+00:00;4.096.270.541.495.400;9.121.475.424.238.970;6,92;1
2017-08-10 02:00:21+00:00;2.929.141.100.229.430;9.039.370.548.630.580;5,37;100
2017-08-10 03:00:21+00:00;15.406.135.056.253.600;16.587.551.884.244.800;1,24;100
2017-08-10 04:00:21+00:00;5.889.167.134.752.260;1.345.647.017.365.900;1,11;100
2017-08-10 05:00:21+00:00;3.676.919.307.719.170;1.262.652.916.532.970;12,48;100
2017-08-10 06:00:21+00:00;3.762.021.354.208.420;11.924.975.718.793.400;7,66;71
2017-08-10 07:00:21+00:00;2.911.351.960.595.490;1.367.945.252.010.040;8,74;100
2017-08-10 08:00:21+00:00;3.273.943.752.899.090;15.744.125.113.588.200;14,12;79
2017-08-10 09:00:21+00:00;32.842.964.314.752.400;11.554.344.789.166.400;8,43;57
2017-08-10 10:00:21+00:00;5.302.783.711.300.000;13.754.705.286.249.000;9,31;97
2017-08-10 11:00:21+00:00;6.473.371.907.908.950;19.973.635.113.292.800;15,94;100
2017-08-10 12:00:21+00:00;2.369.967.450.725.120;1.792.831.264.738.330;1,25;2
2017-08-10 13:00:21+00:00;51.685.675.965.116.300;8.110.496.037.017.220;1,09;100
2017-08-10 14:00:21+00:00;579.422.489.207.945;9.122.562.770.553.930;5,75;100
2017-08-10 15:00:21+00:00;23.213.323.836.208.400;1.790.633.689.193.740;14,71;28
2017-08-10 16:00:21+00:00;27.497.888.005.493.400;15.698.695.477.759.100;13,59;86
2017-08-10 17:00:21+00:00;20.213.186.273.151.200;13.649.841.129.617.900;12,82;100
2017-08-10 18:00:21+00:00;2.745.686.799.416.780;14.807.156.977.897.500;9,69;76
2017-08-10 19:00:21+00:00;24.769.182.410.512.500;1.275.749.196.217.270;1,11;100
2017-08-10 20:00:21+00:00;33.387.574.185.655.500;11.909.759.863.529.300;6,24;100
2017-08-10 21:00:21+00:00;1.852.746.582.857.490;15.296.982.692.847.400;12,86;64
2017-08-10 22:00:21+00:00;4.334.778.316.711.130;13.289.933.563.408.500;10,52;73
2017-08-10 23:00:21+00:00;454.909.915.066.609;15.622.467.127.534.800;14,00;100
2017-08-11 00:00:21+00:00;30.553.769.870.394.800;12.193.939.385.090.900;10,28;8
2017-08-11 01:00:21+00:00;21.172.847.073.920.700;15.254.500.440.722.700;11,98;100
2017-08-11 02:00:21+00:00;37.843.355.014.478.600;1.428.198.964.666.890;11,36;33
2017-08-11 03:00:21+00:00;4.031.092.370.909.400;10.287.216.452.369.900;0,53;100
2017-08-11 04:00:21+00:00;25.047.691.992.545.900;17.101.797.070.506.400;12,05;11
2017-08-11 05:00:21+00:00;31.582.839.754.372.500;1.010.967.346.031.390;11,13;100
2017-08-11 06:00:21+00:00;28.323.859.660.338.400;16.754.079.204.108.100;1,38;52
2017-08-11 07:00:21+00:00;452.687.505.980.296;14.628.730.633.810.200;13,07;75
2017-08-11 08:00:21+00:00;37.451.319.033.024.000;15.079.350.701.744.400;10,83;59
2017-08-11 09:00:21+00:00;12.664.558.323.620.800;12.329.173.748.022.400;11,60;100
2017-08-11 10:00:21+00:00;6.646.598.966.525.100;12.630.043.419.029.100;9,55;99
2017-08-11 11:00:21+00:00;3.000.165.949.404.690;13.534.398.135.539.200;0,80;100
2017-08-11 12:00:21+00:00;4.644.709.731.008.530;10.398.156.243.300.100;8,15;76
2017-08-11 13:00:21+00:00;3.579.378.702.870.970;14.920.589.269.722.400;14,53;52
2017-08-11 14:00:21+00:00;29.477.990.341.509.100;12.655.485.590.879.700;5,99;63
2017-08-11 15:00:21+00:00;4.983.824.042.763.210;8.382.166.396.029.200;0,82;100
2017-08-11 16:00:21+00:00;5.682.193.005.350.460;18.103.894.293.679.000;14,80;100
2017-08-11 17:00:21+00:00;20.980.448.414.208.100;1.416.826.399.631.820;1,65;100
2017-08-11 18:00:21+00:00;25.220.610.691.276.400;14.314.834.374.367.900;1,60;75
2017-08-11 19:00:21+00:00;5.601.217.128.772.950;11.848.638.951.440.900;5,95;100
2017-08-11 20:00:21+00:00;6.169.982.905.664.260;1.433.133.138.942.670;1,42;31
2017-08-11 21:00:21+00:00;3.962.543.762.463.910;1.531.002.011.326.480;11,47;100
2017-08-11 22:00:21+00:00;5.422.950.838.444.770;9.997.673.525.981.640;7,61;83
2017-08-11 23:00:21+00:00;28.921.834.107.011.900;14.989.458.246.209.000;10,84;54
2017-08-12 00:00:21+00:00;15.260.922.415.509.900;10.955.080.735.455.200;7,37;44
2017-08-12 01:00:21+00:00;3.593.102.950.289.780;10.404.188.713.532.000;10,96;100
2017-08-12 02:00:21+00:00;54.691.542.455.589.000;1.138.895.725.709.540;4,40;43
2017-08-12 03:00:21+00:00;2.429.499.536.621.440;18.621.226.988.349.500;13,57;4
2017-08-12 04:00:21+00:00;55.525.778.972.608.900;15.425.550.498.755.800;13,69;45
2017-08-12 05:00:21+00:00;5.154.597.640.571.550;13.482.224.201.520.800;6,71;13
2017-08-12 06:00:21+00:00;3.612.849.221.990.000;1.765.502.882.643.420;0,14;95
2017-08-12 07:00:21+00:00;7.319.176.926.988.520;11.286.824.915.996.800;6,61;100
2017-08-12 08:00:21+00:00;34.604.035.627.569.400;11.034.244.281.348.200;9,30;100
2017-08-12 09:00:21+00:00;19.810.897.141.168.600;11.301.746.189.573.100;9,14;35
2017-08-12 10:00:21+00:00;295.477.055.233.805;18.081.112.919.511.900;1,63;91
2017-08-12 11:00:21+00:00;39.537.936.672.735.700;15.632.403.546.735.500;50,00;5
2017-08-12 12:00:21+00:00;27.822.606.769.554.600;11.546.014.593.866.900;10,10;49
2017-08-12 13:00:21+00:00;2.744.753.099.122.510;11.846.960.473.644.200;7,98;89
2017-08-12 14:00:21+00:00;4.143.086.679.573.010;1.421.201.761.418.690;14,27;100
2017-08-12 15:00:21+00:00;475.860.353.994.361;10.774.855.914.447.300;7,73;52
2017-08-12 16:00:21+00:00;39.528.686.222.740.200;13.093.017.107.000.000;8,84;100
2017-08-12 17:00:21+00:00;3.598.765.427.912.000;11.115.536.789.444.400;0,78;100
2017-08-12 18:00:21+00:00;28.337.228.388.533.900;1.335.757.508.432.370;11,82;75
2017-08-12 19:00:21+00:00;25.628.542.874.024.300;1.550.366.955.174.400;13,80;66
2017-08-12 20:00:21+00:00;30.542.398.147.938.000;1.775.351.365.527.570;14,15;100
2017-08-12 21:00:21+00:00;21.005.047.809.975.500;972.760.103.430.642;5,83;100
2017-08-12 22:00:21+00:00;27.357.302.989.888.000;14.980.612.064.943.900;0,96;67
2017-08-12 23:00:21+00:00;3.884.154.808.023.030;1.516.945.756.142.320;1,35;35
2017-08-13 00:00:21+00:00;2.101.090.486.178.430;12.962.984.193.012.000;11,42;100
2017-08-13 01:00:21+00:00;9.682.020.961.242.040;12.087.421.440.047.200;10,49;70
2017-08-13 02:00:21+00:00;30.217.859.155.103.900;12.084.635.429.006.300;12,83;100
2017-08-13 03:00:21+00:00;22.039.110.815.708.300;9.029.583.993.188.350;5,64;46
2017-08-13 04:00:21+00:00;2.801.904.432.749.860;15.414.837.827.861.400;16,29;13
2017-08-13 05:00:21+00:00;4.714.755.576.787.610;11.670.749.863.595.700;10,01;100
2017-08-13 06:00:21+00:00;479.261.544.006.901;9.476.665.394.785.900;6,57;100
2017-08-13 07:00:21+00:00;3.451.568.367.005.330;14.308.296.996.403.400;11,34;90
2017-08-13 08:00:21+00:00;4.264.474.330.721.280;14.285.572.707.150.500;9,04;100
2017-08-13 09:00:21+00:00;5.991.382.296.268.340;15.579.867.467.425.600;10,42;100
2017-08-13 10:00:21+00:00;30.540.808.071.468.200;1.793.437.392.477.630;0,14;71
2017-08-13 11:00:21+00:00;2.311.457.061.453.490;1.362.268.610.974.230;12,45;100
2017-08-13 12:00:21+00:00;44.412.225.084.240.400;12.798.865.400.586.500;8,83;100
2017-08-13 13:00:21+00:00;2.949.114.749.434.500;12.577.193.088.934.100;14,36;100
2017-08-13 14:00:21+00:00;21.972.845.407.638.400;12.811.072.529.466.800;10,16;88
2017-08-13 15:00:21+00:00;33.089.545.372.285.200;1.173.522.214.050.420;8,18;83
2017-08-13 16:00:21+00:00;41.014.521.002.231.100;1.247.236.899.718.180;7,41;65
2017-08-13 17:00:21+00:00;4.089.684.423.950.040;11.774.922.902.219.100;8,38;100
2017-08-13 18:00:21+00:00;18.857.463.768.513.800;1.100.487.917.747.740;11,69;17
2017-08-13 19:00:21+00:00;3.939.427.822.718.490;17.738.413.976.650.200;17,64;100
2017-08-13 20:00:21+00:00;15.529.329.445.396.600;16.886.597.980.718.100;14,74;100
2017-08-13 21:00:21+00:00;2.084.276.114.903.000;900.564.095.806.629;7,32;48
2017-08-13 22:00:21+00:00;52.387.526.229.299.900;14.296.203.012.540.200;8,57;60
2017-08-13 23:00:21+00:00;13.603.255.293.040.300;13.367.498.630.285.600;5,55;73
2017-08-14 00:00:21+00:00;4.649.485.634.977.690;13.876.676.061.220.200;11,48;100
2017-08-14 01:00:21+00:00;4.257.841.990.321.200;10.004.932.377.174.500;7,21;64
2017-08-14 02:00:21+00:00;29.670.412.517.422.400;9.043.235.904.185.450;6,14;100
2017-08-14 03:00:21+00:00;3.059.914.157.557.960;1.339.130.111.136.740;11,51;23
2017-08-14 04:00:21+00:00;5.492.545.427.804.940;12.628.036.617.344.800;7,43;100
2017-08-14 05:00:21+00:00;4.972.839.039.068.290;1.219.219.002.752.330;12,68;100
2017-08-14 06:00:21+00:00;47.714.415.703.682.100;13.023.174.762.162.100;1,41;100
2017-08-14 07:00:21+00:00;3.533.505.483.598.840;14.980.008.866.670.700;13,36;77
2017-08-14 08:00:21+00:00;4.126.296.274.649.080;1.566.326.130.986.930;1,19;41
2017-08-14 09:00:21+00:00;30.313.877.634.544.800;11.144.837.010.704.700;50,00;72
2017-08-14 10:00:21+00:00;28.635.979.071.210.500;1.137.198.048.009.240;8,48;5
2017-08-14 11:00:21+00:00;35.339.063.571.491.000;13.888.987.034.991.800;11,75;100
2017-08-14 12:00:21+00:00;42.134.389.873.779.100;16.491.990.018.040.000;1,52;72
2017-08-14 13:00:21+00:00;5.561.342.751.713.770;13.006.374.964.602.200;1,13;23
2017-08-14 14:00:21+00:00;49.134.853.922.278.900;13.876.583.217.486.600;1,36;100
2017-08-14 15:00:21+00:00;45.469.744.998.938.700;10.217.088.101.100.800;9,28;14
2017-08-14 16:00:21+00:00;36.203.520.779.072.700;8.198.570.466.942.750;8,63;23
2017-08-14 17:00:21+00:00;29.962.036.676.024.600;1.913.716.643.059.840;15,25;100
2017-08-14 18:00:21+00:00;3.820.921.391.999.000;14.197.537.083.492.100;9,06;79
2017-08-14 19:00:21+00:00;3.880.613.933.374.960;11.054.983.596.501.000;11,42;70
2017-08-14 20:00:21+00:00;23.943.073.029.520.000;8.327.144.590.552.710;11,03;100
2017-08-14 21:00:21+00:00;29.340.058.825.208.400;17.032.588.104.202.000;14,22;100
2017-08-14 22:00:21+00:00;3.683.105.195.418.160;11.234.469.533.492.400;7,90;95
2017-08-14 23:00:21+00:00;4.470.224.063.054.460;11.231.733.306.774.800;9,93;4
2017-08-15 00:00:21+00:00;35.433.375.818.302.200;11.786.230.634.768.400;8,72;13
2017-08-15 01:00:21+00:00;60.040.494.808.062.900;13.858.205.599.334.300;11,15;76
2017-08-15 02:00:21+00:00;2.712.436.512.497.340;15.074.478.162.463.400;12,23;69
2017-08-15 03:00:21+00:00;3.896.873.291.264.700;12.797.974.666.330.900;8,72;100
2017-08-15 04:00:21+00:00;349.965.657.710.318;10.981.319.666.562.300;7,35;11
2017-08-15 05:00:21+00:00;3.862.887.298.740.410;19.099.311.432.851.500;15,14;67
2017-08-15 06:00:21+00:00;3.614.580.096.077.870;12.332.606.086.315.900;0,95;50
2017-08-15 07:00:21+00:00;31.592.121.992.547.400;13.551.064.312.961.800;11,98;39
2017-08-15 08:00:21+00:00;4.412.765.503.067.270;9.884.108.453.077.250;8,45;12
2017-08-15 09:00:21+00:00;24.527.757.465.004.400;14.930.259.160.565.800;13,16;79
2017-08-15 10:00:21+00:00;17.684.779.632.504.000;16.173.317.745.726.600;12,66;57
2017-08-15 11:00:21+00:00;4.866.889.800.666.780;11.438.330.934.758.300;7,54;13
2017-08-15 12:00:21+00:00;3.762.064.348.592.320;9.060.336.607.215.480;50,00;94
2017-08-15 13:00:21+00:00;5.520.030.966.715.600;12.598.853.807.971.700;12,06;100
2017-08-15 14:00:21+00:00;3.381.010.156.692.250;18.125.204.842.092.100;13,53;54
2017-08-15 15:00:21+00:00;1.760.486.540.982.020;1.197.090.807.865.020;8,31;100
2017-08-15 16:00:21+00:00;3.850.387.710.313.990;19.669.676.594.555.900;18,29;11
2017-08-15 17:00:21+00:00;13.167.035.640.512.100;12.164.795.563.608.200;8,94;82
2017-08-15 18:00:21+00:00;16.764.155.033.298.700;9.098.301.898.913.940;29,19;74
2017-08-15 19:00:21+00:00;3.631.329.489.134.230;12.287.827.197.043.400;1,03;100
2017-08-15 20:00:21+00:00;3.996.488.842.780.230;8.986.091.712.080.100;6,09;44
2017-08-15 21:00:21+00:00;3.796.428.047.419.930;11.780.311.103.659.100;0,80;78
2017-08-15 22:00:21+00:00;254.603.055.226.447;14.452.218.328.507.400;11,28;39
2017-08-15 23:00:21+00:00;25.851.681.398.642.100;12.397.203.151.002.500;5,82;8
2017-08-16 00:00:21+00:00;6.899.171.354.935.050;16.196.404.048.199.500;9,24;51
2017-08-16 01:00:21+00:00;2.163.314.408.080.270;12.224.663.011.181.400;8,86;60
2017-08-16 02:00:21+00:00;2.672.620.340.815.010;990.613.904.346.624;9,05;100
2017-08-16 03:00:21+00:00;5.398.686.504.720.860;13.883.632.172.724.700;10,58;42
2017-08-16 04:00:21+00:00;2.541.060.904.577.550;13.165.107.306.404.000;9,92;100
2017-08-16 05:00:21+00:00;3.225.426.502.591.350;1.346.781.202.645.760;10,77;100
2017-08-16 06:00:21+00:00;3.733.751.266.850.810;10.435.712.562.061.100;1,01;9
2017-08-16 07:00:21+00:00;30.893.477.299.557.300;1.417.471.136.503.350;11,42;95
2017-08-16 08:00:21+00:00;48.908.374.557.861.500;1.689.455.408.936.140;1,34;13
2017-08-16 09:00:21+00:00;4.978.480.054.063.940;1.033.698.589.095.470;7,16;100
2017-08-16 10:00:21+00:00;47.363.549.754.145.900;8.890.542.351.342.410;6,33;46
2017-08-16 11:00:21+00:00;5.567.923.748.984.570;9.778.840.249.069.260;0,82;98
2017-08-16 12:00:21+00:00;34.089.897.976.046.500;13.455.436.693.863.300;13,39;46
2017-08-16 13:00:21+00:00;5.336.502.270.670.470;962.476.388.335.219;8,18;11
2017-08-16 14:00:21+00:00;4.125.290.907.185.610;14.317.108.783.429.300;9,83;100
2017-08-16 15:00:21+00:00;23.603.756.666.866.800;14.390.246.502.810.600;10,91;73
2017-08-16 16:00:21+00:00;4.151.771.455.120.550;14.416.396.949.016.600;13,75;8
2017-08-16 17:00:21+00:00;27.439.774.168.740.800;19.806.155.566.235.500;16,00;75
2017-08-16 18:00:21+00:00;1.807.364.477.850.570;8.998.965.078.429.310;4,43;100
2017-08-16 19:00:21+00:00;17.928.124.761.147.000;9.382.992.025.738.030;8,37;44
2017-08-16 20:00:21+00:00;2.198.950.463.161.430;16.626.954.820.533.100;12,01;100
2017-08-16 21:00:21+00:00;5.502.354.259.524.740;14.817.236.169.831.000;9,56;8
2017-08-16 22:00:21+00:00;-3,7429E+14;16.309.460.464.030.300;13,22;72
2017-08-16 23:00:21+00:00;34.141.038.984.026.100;8.573.182.239.110.690;5,18;100
2017-08-17 00:00:21+00:00;4.383.767.330.787.790;10.226.060.220.788.100;9,81;100
2017-08-17 01:00:21+00:00;327.452.830.415.589;15.899.464.833.370.900;12,90;100
2017-08-17 02:00:21+00:00;31.284.421.493.681.300;1.311.964.621.990.590;13,18;76
2017-08-17 03:00:21+00:00;23.952.940.628.194.300;16.713.356.472.348.100;14,06;11
2017-08-17 04:00:21+00:00;5.484.108.058.766.420;12.513.623.132.228.900;0,90;100
2017-08-17 05:00:21+00:00;2.998.039.507.824.410;13.010.704.446.042.800;9,39;100
2017-08-17 06:00:21+00:00;17.628.822.507.904.800;19.081.607.067.532;14,54;100
2017-08-17 07:00:21+00:00;3.025.027.889.690.330;11.000.568.806.384.000;9,79;47
2017-08-17 08:00:21+00:00;38.255.059.395.386.800;15.322.007.141.360.300;9,37;67
2017-08-17 09:00:21+00:00;27.256.014.421.868.100;9.722.484.790.752.540;8,32;100
2017-08-17 10:00:21+00:00;4.166.880.567.325.460;11.423.761.939.048.000;7,30;100
2017-08-17 11:00:21+00:00;3.429.283.956.207.400;15.313.992.136.366.600;16,73;24
2017-08-17 12:00:21+00:00;41.635.197.737.268.900;1.009.289.482.401.760;0,92;66
2017-08-17 13:00:21+00:00;5.265.868.780.737.010;15.651.436.747.182.700;13,82;100
2017-08-17 14:00:21+00:00;12.945.534.898.110.200;12.989.630.187.939.100;10,54;100
2017-08-17 15:00:21+00:00;3.115.655.053.050.620;1.115.887.102.256.950;5,74;100
2017-08-17 16:00:21+00:00;2.430.217.650.323.360;13.265.243.573.635.800;10,65;68
2017-08-17 17:00:21+00:00;2.685.459.825.794.630;12.103.756.571.529.800;10,46;77
2017-08-17 18:00:21+00:00;377.918.671.034.228;11.798.928.450.926.900;8,30;83
2017-08-17 19:00:21+00:00;3.579.989.546.410.600;12.324.736.446.015.700;9,71;91
2017-08-17 20:00:21+00:00;15.199.152.231.830.500;10.146.317.551.053.200;0,09;65
2017-08-17 21:00:21+00:00;21.875.055.204.324.600;9.249.157.276.152.830;7,62;100
2017-08-17 22:00:21+00:00;5.180.623.657.362.680;8.365.717.559.131.150;7,24;100
2017-08-17 23:00:21+00:00;1.757.977.604.995.180;14.746.437.996.079.200;12,85;100
2017-08-18 00:00:21+00:00;43.939.312.502.857.500;14.573.755.883.037.600;14,13;12
2017-08-18 01:00:21+00:00;11.632.693.794.360.400;11.599.631.529.678.600;7,61;20
2017-08-18 02:00:21+00:00;14.854.513.122.288.900;13.210.840.796.536.700;14,45;91
2017-08-18 03:00:21+00:00;40.774.166.497.098.500;16.885.755.484.687.500;17,38;29
2017-08-18 04:00:21+00:00;5.526.653.557.903.180;12.006.043.231.342.000;8,50;100
2017-08-18 05:00:21+00:00;4.814.337.556.562.700;12.876.982.736.635.100;11,65;53
2017-08-18 06:00:21+00:00;26.985.748.084.811.500;18.228.179.408.132.200;1,82;85
2017-08-18 07:00:21+00:00;2.556.560.191.466.890;14.466.271.024.506.800;14,45;100
2017-08-18 08:00:21+00:00;4.012.393.164.926.800;15.721.708.393.113.700;0,91;35
2017-08-18 09:00:21+00:00;13.996.890.715.818.200;15.247.615.802.848.400;11,89;76
2017-08-18 10:00:21+00:00;407.288.325.293.611;14.751.233.969.854.100;10,79;69
2017-08-18 11:00:21+00:00;29.133.442.558.482.200;11.765.122.019.211.300;11,12;12
2017-08-18 12:00:21+00:00;57.283.819.490.399.500;11.163.782.149.821.100;10,82;100
2017-08-18 13:00:21+00:00;38.694.335.167.759.100;15.161.041.346.563.300;9,77;95
2017-08-18 14:00:21+00:00;3.281.427.858.964.280;14.794.851.556.349.000;10,42;100
2017-08-18 15:00:21+00:00;38.233.935.216.216.400;14.087.934.937.199.800;8,12;59
2017-08-18 16:00:21+00:00;3.067.086.575.138.080;14.233.063.247.499.600;11,21;74
2017-08-18 17:00:21+00:00;4.264.093.167.062.850;11.651.464.199.332.000;8,75;100
2017-08-18 18:00:21+00:00;2.539.476.390.722.830;10.667.715.112.590.700;9,46;100
2017-08-18 19:00:21+00:00;5.000.652.880.392.710;1.174.642.645.729.280;13,01;75
2017-08-18 20:00:21+00:00;31.161.981.604.005.600;12.916.697.782.050.700;10,87;100
2017-08-18 21:00:21+00:00;4.677.069.636.730.980;12.081.936.455.065.900;9,07;7
2017-08-18 22:00:21+00:00;4.381.633.932.212.710;17.328.889.775.883.900;15,47;84
2017-08-18 23:00:21+00:00;36.063.399.313.574.600;17.105.159.225.885.600;12,98;48
2017-08-19 00:00:21+00:00;4.357.383.653.473.380;15.593.312.624.370.700;12,12;64
2017-08-19 01:00:21+00:00;2.869.062.672.583.290;16.486.321.005.682.300;13,54;10
2017-08-19 02:00:21+00:00;45.047.371.190.669.700;10.385.883.362.996.300;50,00;100
2017-08-19 03:00:21+00:00;14.358.538.055.323.600;15.266.561.078.218.300;11,60;21
2017-08-19 04:00:21+00:00;2.209.128.995.720.340;13.438.782.232.127.000;9,15;100
2017-08-19 05:00:21+00:00;3.369.804.974.122.270;12.407.433.621.941.300;11,54;100
2017-08-19 06:00:21+00:00;1.162.256.864.369.300;12.839.149.259.426.100;8,21;8
2017-08-19 07:00:21+00:00;36.940.119.044.413.900;12.869.378.430.570.100;8,42;100
2017-08-19 08:00:21+00:00;6.305.123.881.115.120;1.260.543.594.651.050;8,66;100
2017-08-19 09:00:21+00:00;27.048.182.226.949.600;12.032.417.869.326.700;8,06;100
2017-08-19 10:00:21+00:00;3.742.773.397.834.000;10.272.728.693.981.000;11,57;100
2017-08-19 11:00:21+00:00;24.817.277.410.114.000;9.710.900.277.638.340;9,94;73
2017-08-19 12:00:21+00:00;48.979.376.719.227.800;1.449.963.559.206.180;12,58;75
2017-08-19 13:00:21+00:00;35.430.336.508.891.500;6.709.495.744.249.230;4,55;10
2017-08-19 14:00:21+00:00;3.349.425.302.303.490;1.824.470.610.766.250;14,47;13
2017-08-19 15:00:21+00:00;33.455.396.871.080.200;12.016.892.454.698.700;12,77;44
2017-08-19 16:00:21+00:00;3.399.174.440.264.420;9.158.710.490.065.060;50,00;97
2017-08-19 17:00:21+00:00;19.315.795.146.656.600;14.791.890.932.969.000;9,69;81
2017-08-19 18:00:21+00:00;379.923.763.215.917;1.319.672.268.867.270;12,19;94
2017-08-19 19:00:21+00:00;331.536.511.253.612;11.225.729.470.041.600;8,51;65
2017-08-19 20:00:21+00:00;17.084.013.992.689.500;12.132.120.961.003.000;9,36;96
2017-08-19 21:00:21+00:00;12.120.487.636.524.800;13.308.936.318.300.400;10,20;100
2017-08-19 22:00:21+00:00;32.362.289.973.440.900;1.615.535.942.108.850;1,26;94
2017-08-19 23:00:21+00:00;3.425.212.465.781.860;7.108.422.574.041.130;6,68;29
2017-08-20 00:00:21+00:00;1.838.769.056.781.800;14.297.709.437.678.000;10,83;33
2017-08-20 01:00:21+00:00;44.544.923.758.368.600;17.517.690.194.183.000;14,63;16
2017-08-20 02:00:21+00:00;2.967.199.217.610.480;11.548.415.415.953.300;11,33;27
2017-08-20 03:00:21+00:00;41.959.413.134.007.800;15.340.017.699.483.800;15,23;100
2017-08-20 04:00:21+00:00;24.161.741.410.814.700;15.153.866.018.838.000;10,32;50
2017-08-20 05:00:21+00:00;28.919.317.794.615.000;1.808.929.782.714.110;16,51;5
2017-08-20 06:00:21+00:00;27.572.585.817.278.600;14.094.539.250.612.100;13,54;78
2017-08-20 07:00:21+00:00;2.997.394.829.210.090;15.231.841.173.883.400;14,71;98
2017-08-20 08:00:21+00:00;3.738.102.860.045.560;161.095.154.783.596;1,30;10
2017-08-20 09:00:21+00:00;31.454.384.735.793.500;15.022.558.326.250.200;11,54;100
2017-08-20 10:00:21+00:00;4.441.632.372.079.640;11.358.837.053.042.300;6,00;70
2017-08-20 11:00:21+00:00;21.426.229.661.816.300;11.757.439.574.600.400;9,60;71
2017-08-20 12:00:21+00:00;26.019.755.810.215.900;1.417.363.264.854.230;1,49;13
2017-08-20 13:00:21+00:00;390.476.121.655.253;15.629.673.628.093.400;13,13;63
2017-08-20 14:00:21+00:00;46.731.590.950.823.300;14.345.417.918.370.800;0,11;100
2017-08-20 15:00:21+00:00;37.670.683.291.822.900;11.011.095.276.892.000;9,97;7
2017-08-20 16:00:21+00:00;45.315.980.595.452.000;12.929.886.250.551.100;50,00;60
2017-08-20 17:00:21+00:00;254.994.426.592.764;10.159.974.308.395.800;7,58;100
2017-08-20 18:00:21+00:00;28.765.564.636.791.600;14.951.428.726.476.900;13,59;52
2017-08-20 19:00:21+00:00;4.095.693.611.783.090;18.327.295.147.288.200;15,78;93
2017-08-20 20:00:21+00:00;3.039.988.869.945.680;14.803.196.644.488.600;10,84;100
2017-08-20 21:00:21+00:00;31.596.433.281.868.000;878.096.693.182.598;1,06;96
2017-08-20 22:00:21+00:00;305.494.898.366.811;13.779.951.520.762.200;8,10;91
2017-08-20 23:00:21+00:00;2.009.960.500.362.260;13.489.685.123.970.800;11,42;76
2017-08-21 00:00:21+00:00;22.615.912.509.441.600;12.238.073.928.223.300;11,48;8
2017-08-21 01:00:21+00:00;28.714.871.904.612.500;8.564.137.396.008.880;9,32;75
2017-08-21 02:00:21+00:00;5.336.576.949.505.230;1.468.608.295.051.370;11,99;66
2017-08-21 03:00:21+00:00;29.207.781.985.171.400;15.823.902.383.568.600;14,19;53
2017-08-21 04:00:21+00:00;31.892.285.159.085.400;1.138.048.592.004.690;9,11;8
2017-08-21 05:00:21+00:00;4.492.922.157.056.190;11.356.840.704.583.800;12,42;91
2017-08-21 06:00:21+00:00;3.578.280.955.024.400;12.754.913.265.207.800;10,85;91
2017-08-21 07:00:21+00:00;27.714.510.892.323.300;1.775.304.770.619.800;16,52;100
2017-08-21 08:00:21+00:00;34.698.171.480.526.000;1.283.744.306.238.840;7,96;100
2017-08-21 09:00:21+00:00;24.678.379.017.081.600;11.667.212.460.664.000;0,91;98
2017-08-21 10:00:21+00:00;2.061.310.280.700.810;12.556.078.058.434.100;11,12;87
2017-08-21 11:00:21+00:00;4.733.725.757.657.110;14.929.600.688.285.400;13,00;99
2017-08-21 12:00:21+00:00;4.152.864.944.899.340;8.616.926.820.967.940;5,76;98
2017-08-21 13:00:21+00:00;1.100.116.098.849.210;12.962.657.190.766.600;6,65;37
2017-08-21 14:00:21+00:00;46.114.259.686.134.800;12.681.274.522.260.300;6,62;92
2017-08-21 15:00:21+00:00;3.295.883.643.444.270;13.262.765.909.828.800;0,87;88
2017-08-21 16:00:21+00:00;32.884.485.776.374.600;11.837.373.298.730.300;1,50;100
2017-08-21 17:00:21+00:00;48.657.044.453.994.200;1.029.632.617.208.500;21,66;100
2017-08-21 18:00:21+00:00;22.069.803.522.915.600;15.786.811.534.182.300;12,29;37
2017-08-21 19:00:21+00:00;3.803.465.914.839.560;9.065.143.398.557.820;6,66;89
2017-08-21 20:00:21+00:00;5.235.355.634.439.140;1.732.121.379.298.010;1,39;5
2017-08-21 21:00:21+00:00;31.455.165.633.662.200;14.368.838.371.063.700;11,33;100
2017-08-21 22:00:21+00:00;294.992.332.577.589;15.177.755.502.805.100;10,18;52
2017-08-21 23:00:21+00:00;565.265.740.752.109;13.678.266.817.818.800;12,98;7
2017-08-22 00:00:21+00:00;2.745.681.398.064.100;16.383.688.425.257.100;9,84;34
2017-08-22 01:00:21+00:00;43.866.980.205.760.300;1.482.612.889.010.230;15,60;63
2017-08-22 02:00:21+00:00;17.895.143.886.026.100;16.690.498.226.326.500;14,26;79
2017-08-22 03:00:21+00:00;4.488.363.179.695.930;15.577.491.621.315.800;10,64;100
2017-08-22 04:00:21+00:00;27.390.638.757.118.700;162.370.370.740.461;1,16;100
2017-08-22 05:00:21+00:00;47.922.354.281.773.100;1.179.101.490.588.690;11,72;100
2017-08-22 06:00:21+00:00;2.889.316.384.674.690;1.260.157.996.563.020;7,40;25
2017-08-22 07:00:21+00:00;4.224.492.788.316.820;13.564.113.262.947.900;1,10;98
2017-08-22 08:00:21+00:00;10.924.423.007.573.200;13.533.474.247.412.600;1,08;52
2017-08-22 09:00:21+00:00;33.585.577.742.467.000;14.920.748.251.460.500;11,82;100
2017-08-22 10:00:21+00:00;3.730.008.883.833.740;11.706.284.736.260.400;10,46;100
2017-08-22 11:00:21+00:00;22.929.231.633.350.700;13.509.907.631.937.800;12,10;8
2017-08-22 12:00:21+00:00;35.397.475.180.588.100;15.046.398.474.502.900;12,86;64
2017-08-22 13:00:21+00:00;7.159.699.117.362.440;887.812.253.039.605;9,34;100
2017-08-22 14:00:21+00:00;21.508.958.633.995.200;1.608.875.505.745.130;13,39;100
2017-08-22 15:00:21+00:00;39.364.947.433.942.400;1.848.632.405.194.660;13,79;18
2017-08-22 16:00:21+00:00;2.888.137.628.284.750;11.304.360.579.741.400;6,78;85
2017-08-22 17:00:21+00:00;4.953.710.418.277.700;1.711.481.158.728.530;1,38;66
2017-08-22 18:00:21+00:00;3.872.025.628.376.400;14.074.825.697.212.200;12,04;68
2017-08-22 19:00:21+00:00;30.019.326.446.482.400;11.376.786.752.398.500;5,57;15
2017-08-22 20:00:21+00:00;3.636.900.725.236.850;15.533.220.583.160.600;13,31;100
2017-08-22 21:00:21+00:00;55.328.212.781.320.600;18.230.746.476.069.800;12,84;80
2017-08-22 22:00:21+00:00;29.832.383.936.293.200;12.547.140.672.091.100;8,24;9
2017-08-22 23:00:21+00:00;4.799.640.821.448.640;10.938.178.882.224.400;0,91;100
2017-08-23 00:00:21+00:00;24.001.427.720.807.100;8.103.800.959.212.980;2,28;100
2017-08-23 01:00:21+00:00;4.099.781.575.699.280;13.174.024.352.497.100;13,43;88
2017-08-23 02:00:21+00:00;3.419.149.556.003.660;139.211.180.176.449;12,96;35
2017-08-23 03:00:21+00:00;49.054.635.503.941.900;17.926.540.021.154.900;11,96;100
2017-08-23 04:00:21+00:00;3.305.563.316.245.840;18.038.731.938.395.100;1,41;92
2017-08-23 05:00:21+00:00;5.248.470.886.671.660;11.916.324.222.520.500;9,84;67
2017-08-23 06:00:21+00:00;24.488.502.177.758.200;15.484.423.786.248.300;10,89;81
2017-08-23 07:00:21+00:00;21.350.176.779.744.100;10.732.904.375.798.000;50,00;100
2017-08-23 08:00:21+00:00;23.129.451.882.203.300;13.702.021.345.154.800;10,72;39
2017-08-23 09:00:21+00:00;41.664.006.026.286.700;13.209.788.704.758.200;10,55;100
2017-08-23 10:00:21+00:00;2.258.756.683.722.580;11.399.535.838.587.200;0,09;100
2017-08-23 11:00:21+00:00;7.209.877.981.763.750;13.233.130.871.696.100;10,70;50
2017-08-23 12:00:21+00:00;30.400.707.122.267.200;155.705.111.983.711;13,21;79
2017-08-23 13:00:21+00:00;36.555.177.903.374.700;16.184.962.944.527.400;12,28;62
2017-08-23 14:00:21+00:00;29.936.672.916.956.300;13.173.415.647.219.100;11,41;100
2017-08-23 15:00:21+00:00;21.176.485.485.079.000;13.313.861.444.592.900;12,99;16
2017-08-23 16:00:21+00:00;5.226.112.740.448.540;906.270.832.567.899;8,15;100
2017-08-23 17:00:21+00:00;45.655.426.925.156.600;1.418.947.783.752.200;1,48;100
2017-08-23 18:00:21+00:00;40.158.954.647.575.800;128.809.853.387.142;7,50;100
2017-08-23 19:00:21+00:00;52.283.373.416.245.400;13.305.810.948.408.100;9,48;12
2017-08-23 20:00:21+00:00;24.491.555.774.038.100;12.357.169.856.128.700;10,61;100
2017-08-23 21:00:21+00:00;3.377.827.681.825.900;11.222.995.899.709.600;9,46;9
2017-08-23 22:00:21+00:00;513.731.633.079.354;1.140.617.723.143.840;8,35;48
2017-08-23 23:00:21+00:00;3.827.677.626.010.420;11.883.408.334.558.400;10,73;100
2017-08-24 00:00:21+00:00;5.860.743.991.563.980;1.030.630.550.797.260;8,66;17
2017-08-24 01:00:21+00:00;1.288.487.690.604.780;14.232.088.142.791.500;13,74;69
2017-08-24 02:00:21+00:00;11.757.358.511.430.500;14.884.782.972.282.500;0,98;100
2017-08-24 03:00:21+00:00;29.342.230.497.539.800;13.190.886.754.440.700;10,66;33
2017-08-24 04:00:21+00:00;4.284.689.524.315.110;1.395.380.409.412.420;10,27;10
2017-08-24 05:00:21+00:00;4.487.317.497.590.690;1.296.829.477.931.870;12,09;86
2017-08-24 06:00:21+00:00;3.139.389.527.004.810;1.629.638.893.594.280;14,13;100
2017-08-24 07:00:21+00:00;486.965.138.281.687;1.365.621.291.079.050;9,96;5
2017-08-24 08:00:21+00:00;40.603.909.826.398.200;14.198.693.831.124.600;13,36;100
2017-08-24 09:00:21+00:00;3.561.684.057.985.260;15.474.610.864.833.600;1,23;99
2017-08-24 10:00:21+00:00;52.597.929.276.637.600;13.467.170.541.177.100;8,29;100
2017-08-24 11:00:21+00:00;35.038.875.229.334.400;16.904.844.329.997.600;13,02;65
2017-08-24 12:00:21+00:00;26.901.089.588.305.000;11.912.580.730.290.400;14,17;100
2017-08-24 13:00:21+00:00;31.093.753.590.618.700;17.712.556.688.940.700;13,79;78
2017-08-24 14:00:21+00:00;22.692.463.543.290.200;13.047.761.718.493.800;10,91;4
2017-08-24 15:00:21+00:00;3.366.175.552.279.370;11.941.793.586.731.200;10,13;100
2017-08-24 16:00:21+00:00;26.610.892.636.099.200;9.719.125.439.602.230;7,69;95
2017-08-24 17:00:21+00:00;176.604.479.179.397;1.563.944.976.679.440;15,58;100
2017-08-24 18:00:21+00:00;2.979.026.555.380.100;12.638.401.732.706.900;11,58;100
2017-08-24 19:00:21+00:00;1.616.799.956.057.020;13.873.387.537.635.200;12,40;17
2017-08-24 20:00:21+00:00;4.488.159.225.996.720;14.158.875.147.860.300;10,79;95
2017-08-24 21:00:21+00:00;4.417.271.052.573.760;1.234.192.590.635.360;1,13;100
2017-08-24 22:00:21+00:00;475.165.483.928.568;1.612.918.703.308.830;12,29;54
2017-08-24 23:00:21+00:00;28.314.269.022.300.800;14.628.629.706.796.300;12,56;100
2017-08-25 00:00:21+00:00;42.178.469.817.098.900;11.458.867.048.422.200;13,30;77
2017-08-25 01:00:21+00:00;22.260.374.904.340.100;1.026.413.666.023.760;11,33;1
2017-08-25 02:00:21+00:00;27.496.042.756.292.700;15.420.410.841.987.500;1,21;100
2017-08-25 03:00:21+00:00;4.890.315.336.633.210;1.294.020.534.238.140;10,80;88
2017-08-25 04:00:21+00:00;499.031.674.918.121;15.218.222.847.875.100;9,98;100
2017-08-25 05:00:21+00:00;3.737.707.196.501.670;12.919.470.397.760.100;9,85;100
2017-08-25 06:00:21+00:00;4.402.923.452.792.520;14.039.751.584.929.900;6,78;40
2017-08-25 07:00:21+00:00;31.799.645.334.166.600;154.790.596.802.347;1,42;85
2017-08-25 08:00:21+00:00;4.987.877.811.905.910;988.306.791.120.878;6,41;100
2017-08-25 09:00:21+00:00;2.227.266.364.999.810;17.615.624.195.949.100;13,90;69
2017-08-25 10:00:21+00:00;36.729.414.864.065.300;14.436.368.366.448.100;10,64;100
2017-08-25 11:00:21+00:00;5.268.501.572.537.980;8.566.172.938.849.270;8,91;39
2017-08-25 12:00:21+00:00;27.775.386.193.522.500;16.795.675.234.846.500;1,62;42
2017-08-25 13:00:21+00:00;3.441.967.192.229.190;15.923.621.832.604.700;15,56;34
2017-08-25 14:00:21+00:00;4.127.363.659.369.380;13.064.365.440.060.600;50,00;100
2017-08-25 15:00:21+00:00;4.621.901.248.590.250;16.911.260.099.597.000;14,84;100
2017-08-25 16:00:21+00:00;26.693.886.487.485.400;1.197.536.641.841.790;7,84;12
2017-08-25 17:00:21+00:00;40.488.898.241.224.800;13.209.123.230.599.500;10,86;100
2017-08-25 18:00:21+00:00;45.807.276.988.819.900;1.921.280.611.777.610;1,73;63
2017-08-25 19:00:21+00:00;47.534.837.718.579.500;14.788.754.258.678.000;11,31;78
2017-08-25 20:00:21+00:00;3.395.146.111.633.110;1.615.466.377.938.340;13,37;64
2017-08-25 21:00:21+00:00;30.307.382.828.014.700;1.550.678.575.570.160;11,17;100
2017-08-25 22:00:21+00:00;367.406.848.562.557;10.163.145.130.749.700;10,31;100
2017-08-25 23:00:21+00:00;26.218.331.284.022.500;14.250.623.069.999.700;1,10;100
2017-08-26 00:00:21+00:00;4.221.154.717.976.510;1.402.765.646.532.490;10,15;100
2017-08-26 01:00:21+00:00;3.612.529.295.243.170;16.401.924.477.604.600;13,80;60
2017-08-26 02:00:21+00:00;2.862.136.025.886.760;17.166.380.099.578.100;15,57;100
2017-08-26 03:00:21+00:00;38.954.733.032.291.200;16.654.132.785.692.400;10,53;100
2017-08-26 04:00:21+00:00;29.762.462.870.801.600;12.377.368.162.334.500;10,82;100
2017-08-26 05:00:21+00:00;39.048.312.232.233.000;10.038.648.630.453.700;7,03;94
2017-08-26 06:00:21+00:00;5.448.253.878.953.990;14.737.426.084.887.500;13,12;38
2017-08-26 07:00:21+00:00;2.399.300.981.578.840;13.309.940.567.432.600;9,61;98
2017-08-26 08:00:21+00:00;3.152.228.924.935.100;1.097.346.390.459.770;7,05;55
2017-08-26 09:00:21+00:00;33.262.171.979.735.800;118.359.096.209.147;8,05;28
2017-08-26 10:00:21+00:00;1.894.977.835.455.230;13.381.977.155.859.200;11,04;14
2017-08-26 11:00:21+00:00;3.658.787.515.738.380;14.151.402.334.401.800;12,39;46
2017-08-26 12:00:21+00:00;4.164.242.205.621.330;12.176.161.004.899.800;8,49;14
2017-08-26 13:00:21+00:00;30.649.195.928.346.900;13.486.503.748.944.100;1,09;100
2017-08-26 14:00:21+00:00;42.678.159.902.819.200;13.348.132.240.141.000;9,39;99
2017-08-26 15:00:21+00:00;5.433.334.956.710.100;14.191.864.366.242.400;1,06;51
2017-08-26 16:00:21+00:00;27.674.069.872.286.600;11.157.532.170.962.200;0,79;100
2017-08-26 17:00:21+00:00;34.279.529.800.289.100;11.831.381.005.142.000;8,05;4
2017-08-26 18:00:21+00:00;30.489.799.205.297.400;16.796.834.053.889.000;11,00;76
2017-08-26 19:00:21+00:00;5.850.112.486.591.220;12.896.579.722.483.200;10,17;78
2017-08-26 20:00:21+00:00;4.241.896.405.685.240;14.680.959.226.417.300;14,01;67
2017-08-26 21:00:21+00:00;50.434.142.511.764.200;10.570.122.803.403.000;8,63;95
2017-08-26 22:00:21+00:00;3.200.518.897.060.000;16.406.589.791.041.700;12,53;100
2017-08-26 23:00:21+00:00;57.441.568.308.181.600;16.318.868.352.247.300;14,67;61
2017-08-27 00:00:21+00:00;4.810.143.482.448.510;14.250.205.181.375.100;10,42;100
2017-08-27 01:00:21+00:00;24.703.472.440.861.200;12.035.518.616.379.300;10,01;98
2017-08-27 02:00:21+00:00;2.169.473.521.166.880;10.040.611.268.000.300;4,92;100
2017-08-27 03:00:21+00:00;3.407.889.991.627.260;1.904.268.669.822.610;1,52;7
2017-08-27 04:00:21+00:00;4.265.040.401.064.520;12.541.385.884.739.600;9,37;100
2017-08-27 05:00:21+00:00;32.269.359.018.902.600;1.004.684.959.941.470;4,31;87
2017-08-27 06:00:21+00:00;26.752.964.134.752.800;12.077.521.617.021.500;8,77;100
2017-08-27 07:00:21+00:00;47.554.379.427.808.900;14.493.783.846.653.600;6,90;100
2017-08-27 08:00:21+00:00;41.407.524.533.041.700;10.498.779.357.270.800;0,72;90
2017-08-27 09:00:21+00:00;3.513.439.100.395.820;12.092.751.398.110.300;10,66;35
2017-08-27 10:00:21+00:00;27.588.322.694.255.500;10.029.284.608.361.500;6,21;100
2017-08-27 11:00:21+00:00;3.330.781.359.216.160;1.702.638.816.415.490;12,20;100
2017-08-27 12:00:21+00:00;25.976.379.557.723.100;1.332.402.926.816.840;50,00;19
2017-08-27 13:00:21+00:00;487.174.432.542.901;10.001.654.850.630.500;8,58;41
2017-08-27 14:00:21+00:00;45.967.043.117.095.600;11.341.421.704.702.000;8,19;82
2017-08-27 15:00:21+00:00;24.083.407.978.843.800;11.959.863.213.794.700;9,49;14
2017-08-27 16:00:21+00:00;2.380.788.776.593.380;13.580.964.765.897.300;13,16;100
2017-08-27 17:00:21+00:00;5.316.086.543.467.930;1.131.360.822.205.260;7,05;47
2017-08-27 18:00:21+00:00;46.189.593.096.658.300;12.639.223.311.061.600;1,26;80
2017-08-27 19:00:21+00:00;4.504.851.259.454.700;11.978.905.239.036.400;9,07;100
2017-08-27 20:00:21+00:00;5.156.197.570.792.860;10.039.750.523.322.000;10,13;100
2017-08-27 21:00:21+00:00;24.055.102.588.892.500;11.304.940.489.155.000;8,82;100
2017-08-27 22:00:21+00:00;3.355.493.496.290.420;11.653.112.038.211.900;6,05;69
2017-08-27 23:00:21+00:00;60.998.645.690.874.800;1.056.693.502.187.030;5,97;14
2017-08-28 00:00:21+00:00;5.638.589.196.268.570;10.023.120.185.951.700;50,00;100
2017-08-28 01:00:21+00:00;4.363.163.737.251.470;12.081.153.926.669.200;6,34;53
2017-08-28 02:00:21+00:00;3.739.058.791.322.360;15.622.715.265.491.000;13,56;100
2017-08-28 03:00:21+00:00;4.276.877.302.707.790;13.166.197.333.480.600;12,17;81
2017-08-28 04:00:21+00:00;3.770.441.927.789.290;5.802.872.977.862.970;1,68;72
2017-08-28 05:00:21+00:00;25.673.030.464.604.600;15.975.640.813.327.000;12,21;100
2017-08-28 06:00:21+00:00;2.588.603.421.055.210;1.184.378.670.086.560;9,29;100
2017-08-28 07:00:21+00:00;6.209.928.831.373.950;1.701.360.187.465.790;14,99;100
2017-08-28 08:00:21+00:00;27.286.100.238.147.400;15.482.264.434.563.900;13,21;49
2017-08-28 09:00:21+00:00;4.923.301.420.582.270;12.781.113.335.951.100;9,40;86
2017-08-28 10:00:21+00:00;8.177.779.705.709.320;13.051.901.859.722.900;7,61;100
2017-08-28 11:00:21+00:00;29.993.313.785.037.900;10.757.212.527.384.600;8,61;24
2017-08-28 12:00:21+00:00;3.347.856.078.899.350;1.510.567.585.355.680;11,83;40
2017-08-28 13:00:21+00:00;26.976.502.261.726.600;17.446.904.041.234.700;12,32;10
2017-08-28 14:00:21+00:00;26.416.220.804.932.500;117.615.290.841.598;13,64;100
2017-08-28 15:00:21+00:00;4.815.467.789.736.430;12.062.243.507.830.600;10,00;78
2017-08-28 16:00:21+00:00;3.807.900.219.527.970;18.313.077.512.393.600;13,35;100
2017-08-28 17:00:21+00:00;28.489.783.082.643.800;13.734.473.113.321.200;9,87;63
2017-08-28 18:00:21+00:00;28.922.005.155.466.500;9.827.703.255.606.890;9,53;100
2017-08-28 19:00:21+00:00;19.534.457.282.951.300;10.216.298.888.121.900;10,55;100
2017-08-28 20:00:21+00:00;19.722.123.478.724.700;17.659.713.467.990.300;15,36;100
2017-08-28 21:00:21+00:00;21.459.596.942.324.300;14.674.288.054.381.900;13,77;100
2017-08-28 22:00:21+00:00;3.084.223.076.716.770;10.977.099.826.302.700;6,31;100
2017-08-28 23:00:21+00:00;7.445.984.808.920.870;14.343.367.422.700.000;11,38;82
2017-08-29 00:00:21+00:00;2.935.339.956.644.360;11.506.231.954.544.500;50,00;100
2017-08-29 01:00:21+00:00;3.168.700.368.193.250;886.687.336.969.705;0,87;23
2017-08-29 02:00:21+00:00;28.776.389.771.504.700;12.686.877.010.032.100;11,94;100
2017-08-29 03:00:21+00:00;4.135.892.248.020.150;13.503.906.106.899.600;8,82;100
2017-08-29 04:00:21+00:00;20.753.782.859.397.200;9.723.182.491.552.640;6,58;74
2017-08-29 05:00:21+00:00;23.890.345.343.808.800;10.475.806.609.151.900;6,45;100
2017-08-29 06:00:21+00:00;505.509.150.140.744;11.094.820.287.948.300;9,33;100
2017-08-29 07:00:21+00:00;3.914.121.589.882.040;13.029.346.713.051.300;10,22;97
2017-08-29 08:00:21+00:00;376.277.747.258.534;13.837.247.769.456.300;11,15;100
2017-08-29 09:00:21+00:00;48.335.147.150.938.600;10.024.591.745.276.200;7,37;93
2017-08-29 10:00:21+00:00;3.662.883.339.375.850;12.112.903.154.652.000;13,36;100
2017-08-29 11:00:21+00:00;2.075.984.102.171.300;12.383.152.547.909.100;11,83;89
2017-08-29 12:00:21+00:00;4.357.081.432.552.630;9.309.554.606.718.500;7,16;14
2017-08-29 13:00:21+00:00;42.548.099.288.051.900;14.070.463.192.317.000;8,20;96
2017-08-29 14:00:21+00:00;15.541.664.160.065.300;14.972.988.365.372.300;0,86;100
2017-08-29 15:00:21+00:00;3.916.276.394.642.830;14.281.795.341.036.500;8,19;100
2017-08-29 16:00:21+00:00;45.166.646.946.235.900;1.031.867.035.981.930;9,13;49
2017-08-29 17:00:21+00:00;4.387.598.918.421.380;14.975.728.815.575.900;11,65;100
2017-08-29 18:00:21+00:00;46.359.017.132.495.200;13.279.423.321.683.600;13,09;100
2017-08-29 19:00:21+00:00;39.875.917.523.263.300;15.908.668.015.537.500;0,14;9
2017-08-29 20:00:21+00:00;47.841.747.696.200.100;14.685.371.165.397.100;7,29;95
2017-08-29 21:00:21+00:00;2.248.939.280.989.560;1.428.231.439.329.580;9,78;100
2017-08-29 22:00:21+00:00;5.562.295.614.176.590;1.284.082.886.668.420;6,92;97
2017-08-29 23:00:21+00:00;104.753.751.389.639;1.584.474.781.102.700;11,87;100
2017-08-30 00:00:21+00:00;4.765.143.324.950.310;10.751.021.789.902.900;0,92;95
2017-08-30 01:00:21+00:00;2.457.210.412.044.850;10.458.829.441.549.400;0,85;100
2017-08-30 02:00:21+00:00;4.883.838.701.847.310;201.773.266.194.868;0,02;100
2017-08-30 03:00:21+00:00;4.666.862.532.752.160;8.812.365.385.276.170;4,70;100
2017-08-30 04:00:21+00:00;29.666.811.356.025.000;10.634.858.033.557.900;13,13;92
2017-08-30 05:00:21+00:00;31.300.874.648.118.100;15.474.932.631.186.400;0,13;73
2017-08-30 06:00:21+00:00;3.144.068.137.569.770;9.577.706.959.883.250;10,81;100
2017-08-30 07:00:21+00:00;4.419.941.180.493.670;15.311.773.522.610.800;13,88;100
2017-08-30 08:00:21+00:00;16.352.417.881.249.200;16.501.407.363.074.300;1,44;100
2017-08-30 09:00:21+00:00;3.124.585.794.339.880;16.790.822.638.067.900;14,65;59
2017-08-30 10:00:21+00:00;416.761.014.952.017;13.686.932.077.637.700;0,10;100
2017-08-30 11:00:21+00:00;12.343.804.728.999.100;1.067.948.993.234.990;50,00;100
2017-08-30 12:00:21+00:00;19.891.484.061.616.100;11.306.684.695.452.100;8,84;100
2017-08-30 13:00:21+00:00;49.762.045.768.396.300;16.594.286.601.729.200;12,95;100
2017-08-30 14:00:21+00:00;13.156.272.011.129.200;8.998.320.383.539.190;2,29;100
2017-08-30 15:00:21+00:00;22.364.044.430.756.600;15.522.550.125.732.700;12,39;45
2017-08-30 16:00:21+00:00;58.154.443.400.250.800;9.624.090.700.124.380;0,88;89
2017-08-30 17:00:21+00:00;40.381.171.896.868.000;13.294.186.510.466.800;8,03;100
2017-08-30 18:00:21+00:00;5.265.061.953.216.480;12.013.756.132.269.400;7,47;10
2017-08-30 19:00:21+00:00;25.898.294.357.918.500;12.450.141.797.027.400;10,09;87
2017-08-30 20:00:21+00:00;16.323.441.354.802.200;16.779.596.376.482.400;1,42;80
2017-08-30 21:00:21+00:00;3.733.204.706.729.800;1.221.737.954.334.180;9,44;73
2017-08-30 22:00:21+00:00;4.020.991.275.860.710;1.605.498.292.258.110;13,54;66
2017-08-30 23:00:21+00:00;151.330.973.155.088;11.779.029.252.983.700;0,97;71
2017-08-31 00:00:21+00:00;3.536.243.356.225.950;14.161.032.064.119.500;1,06;93
2017-08-31 01:00:21+00:00;25.010.141.292.344.100;13.216.263.739.826.000;10,50;41
2017-08-31 02:00:21+00:00;3.773.104.790.591.100;10.194.196.719.867.700;8,09;100
2017-08-31 03:00:21+00:00;4.980.784.498.770.100;10.249.127.743.301.000;8,24;88
2017-08-31 04:00:21+00:00;32.282.087.935.622.500;12.887.881.522.562.200;10,01;86
2017-08-31 05:00:21+00:00;5.100.699.202.250.830;1.256.994.364.332.050;10,74;71
2017-08-31 06:00:21+00:00;31.897.651.329.617;15.166.562.752.986.500;14,03;56
2017-08-31 07:00:21+00:00;4.892.831.990.424.660;9.024.466.533.757.880;8,09;91
2017-08-31 08:00:21+00:00;47.418.402.029.555.000;11.514.590.391.277.800;4,59;80
2017-08-31 09:00:21+00:00;43.320.348.503.653.200;14.569.496.497.908.100;8,88;79
2017-08-31 10:00:21+00:00;3.863.168.142.668.630;12.920.588.109.940.900;11,52;100
2017-08-31 11:00:21+00:00;5.944.479.142.626.390;9.995.752.817.745.640;6,37;52
2017-08-31 12:00:21+00:00;37.971.169.800.810.600;14.398.655.577.552.100;13,87;100
2017-08-31 13:00:21+00:00;4.411.525.178.724.020;1.558.409.021.750.460;0,95;8
2017-08-31 14:00:21+00:00;17.767.166.438.806.800;11.104.437.038.466.700;10,53;100
2017-08-31 15:00:21+00:00;44.014.021.114.948.800;15.870.616.008.952.200;1,09;53
2017-08-31 16:00:21+00:00;4.914.153.535.366.340;12.078.657.502.607.400;11,91;35
2017-08-31 17:00:21+00:00;3.085.156.916.375.650;12.660.676.296.563.200;8,65;70
2017-08-31 18:00:21+00:00;5.216.765.670.230.260;122.326.970.786.774;50,00;78
2017-08-31 19:00:21+00:00;2.196.768.114.125.090;15.985.343.785.436.500;12,95;2
2017-08-31 20:00:21+00:00;23.509.894.614.431.500;13.129.401.694.611.000;7,57;92
2017-08-31 21:00:21+00:00;3.990.333.745.667.160;1.540.063.223.196.490;10,42;75
2017-08-31 22:00:21+00:00;4.040.344.561.204.750;1.234.719.292.183.430;11,61;100
2017-08-31 23:00:21+00:00;2.830.250.092.145.750;1.439.652.215.606.290;14,42;100
2017-09-01 00:00:21+00:00;208.865.851.962.237;10.886.879.876.559.100;8,26;44
2017-09-01 01:00:21+00:00;4.963.323.947.029.190;15.953.961.141.461.000;11,77;84
2017-09-01 02:00:21+00:00;15.698.279.709.204.300;12.781.081.289.295.000;7,18;66
2017-09-01 03:00:21+00:00;40.006.085.613.760.100;1.655.565.453.066.700;14,51;6
2017-09-01 04:00:21+00:00;2.482.500.630.046.250;1.339.811.822.360.470;9,83;87
2017-09-01 05:00:21+00:00;3.891.396.231.140.490;13.757.202.787.027.500;0,86;66
2017-09-01 06:00:21+00:00;31.719.360.285.427.600;1.907.222.031.675.290;15,81;5
2017-09-01 07:00:21+00:00;5.590.306.189.169.290;15.333.439.120.907.900;9,63;8
2017-09-01 08:00:21+00:00;53.193.789.124.248.800;13.996.952.332.986.500;11,50;100
2017-09-01 09:00:21+00:00;3.454.243.490.505.520;10.567.284.570.288.800;7,67;8
2017-09-01 10:00:21+00:00;5.121.155.963.807.450;11.692.795.552.869.500;9,74;62
2017-09-01 11:00:21+00:00;1.103.465.711.739.090;15.430.461.968.495.300;9,44;56
2017-09-01 12:00:21+00:00;3.414.665.841.761.790;12.718.502.967.131.200;10,57;100
2017-09-01 13:00:21+00:00;3.228.024.179.060.850;13.022.673.503.954.400;6,86;100
2017-09-01 14:00:21+00:00;10.436.288.786.066.700;10.899.789.454.595.000;0,93;84
2017-09-01 15:00:21+00:00;29.421.523.467.869.600;14.507.698.606.146.500;11,43;100
2017-09-01 16:00:21+00:00;50.311.121.749.064.200;13.777.876.900.258.900;7,28;84
2017-09-01 17:00:21+00:00;3.719.919.817.407.670;15.254.564.239.414.600;12,18;100
2017-09-01 18:00:21+00:00;4.114.788.590.349.270;16.528.393.488.855.300;14,62;100
2017-09-01 19:00:21+00:00;211.108.362.488.376;14.613.646.591.468.600;10,80;100
2017-09-01 20:00:21+00:00;25.183.703.398.451.300;10.679.683.510.236.300;5,94;14
2017-09-01 21:00:21+00:00;35.440.548.710.824.200;985.692.002.693.723;50,00;100
2017-09-01 22:00:21+00:00;39.322.721.060.156.300;15.298.003.720.205.600;7,70;95
2017-09-01 23:00:21+00:00;4.322.289.902.524.140;13.816.487.243.306.200;11,69;9
2017-09-02 00:00:21+00:00;3.430.588.962.918.420;1.777.371.118.905.020;15,72;6
2017-09-02 01:00:21+00:00;2.835.359.133.713.940;13.585.520.031.931.500;9,93;65
2017-09-02 02:00:21+00:00;30.607.314.957.522.300;9.334.346.875.966.370;50,00;15
2017-09-02 03:00:21+00:00;2.802.370.053.240.030;1.045.410.151.296.550;10,59;56
2017-09-02 04:00:21+00:00;26.855.552.762.785.400;11.705.039.101.132.400;12,44;55
2017-09-02 05:00:21+00:00;22.855.782.399.272.400;177.495.921.018.676;15,66;99
2017-09-02 06:00:21+00:00;4.131.197.000.769.020;16.360.723.885.809.300;11,06;52
2017-09-02 07:00:21+00:00;36.742.033.774.309.900;1.222.451.542.720.860;12,25;11
2017-09-02 08:00:21+00:00;4.253.078.626.756.600;13.055.159.768.516.800;1,17;66
2017-09-02 09:00:21+00:00;331.357.051.820.641;10.219.697.799.135.800;8,65;33
2017-09-02 10:00:21+00:00;35.822.380.617.643;10.135.969.532.148.400;0,87;100
2017-09-02 11:00:21+00:00;10.934.114.716.878.900;1.623.949.459.216.600;1,51;9
2017-09-02 12:00:21+00:00;4.429.665.936.619.230;15.807.709.520.814.200;0,89;100
2017-09-02 13:00:21+00:00;407.785.941.749.889;12.855.409.924.968.400;9,98;10
2017-09-02 14:00:21+00:00;353.966.985.674.329;17.996.503.673.379.400;12,12;87
2017-09-02 15:00:21+00:00;4.685.407.398.692.320;14.578.876.218.785.700;12,48;94
2017-09-02 16:00:21+00:00;5.711.614.253.272.470;1.403.882.386.276.240;0,96;82
2017-09-02 17:00:21+00:00;2.531.784.280.922.380;14.052.934.511.493.200;17,41;37
2017-09-02 18:00:21+00:00;5.469.705.783.171.300;10.949.229.680.273.600;10,26;100
2017-09-02 19:00:21+00:00;5.080.060.540.304.330;1.581.606.187.199.900;10,32;8
2017-09-02 20:00:21+00:00;2.933.899.727.531.990;15.834.524.799.766.700;14,58;100
2017-09-02 21:00:21+00:00;21.359.067.984.058.500;14.108.832.927.158.000;10,47;5
2017-09-02 22:00:21+00:00;4.023.818.371.785.170;10.811.978.477.067.800;8,83;100
2017-09-02 23:00:21+00:00;4.897.027.509.563.320;16.167.486.160.967.000;12,65;90
2017-09-03 00:00:21+00:00;2.119.391.128.206.890;9.157.428.257.344.030;36,72;74
2017-09-03 01:00:21+00:00;20.353.065.791.395.800;11.647.615.285.877.600;8,11;82
2017-09-03 02:00:21+00:00;42.483.647.076.613.000;14.932.830.279.636.500;9,69;76
2017-09-03 03:00:21+00:00;3.771.948.873.402.360;125.345.575.880.827;5,20;100
2017-09-03 04:00:21+00:00;4.744.829.237.739.790;11.123.853.906.660.600;7,84;35
2017-09-03 05:00:21+00:00;3.794.141.538.304.890;16.883.039.496.556.300;12,98;57
2017-09-03 06:00:21+00:00;3.917.813.839.484.810;1.627.480.025.876.350;10,08;85
2017-09-03 07:00:21+00:00;3.658.786.853.140.650;1.611.233.438.167.350;15,05;85
2017-09-03 08:00:21+00:00;3.574.351.590.589.650;14.330.753.750.377.600;12,21;69
2017-09-03 09:00:21+00:00;43.920.056.279.286.400;13.609.571.868.409.300;1,11;42
2017-09-03 10:00:21+00:00;16.572.449.488.433.800;17.741.435.963.781.200;1,52;67
2017-09-03 11:00:21+00:00;33.578.187.653.118.600;17.007.151.098.735.600;1,47;100
2017-09-03 12:00:21+00:00;3.000.417.248.214.090;13.320.624.919.979.200;11,19;85
2017-09-03 13:00:21+00:00;26.559.064.294.282.400;20.102.751.078.177.700;19,17;100
2017-09-03 14:00:21+00:00;4.369.308.535.990.980;13.221.570.848.295.600;50,00;100
2017-09-03 15:00:21+00:00;4.561.817.561.897.170;14.460.233.270.994.000;12,63;52
2017-09-03 16:00:21+00:00;442.557.962.146.349;1.689.843.730.718.800;12,77;75
2017-09-03 17:00:21+00:00;4.558.453.007.514.150;1.442.653.002.338.270;14,34;100
2017-09-03 18:00:21+00:00;3.936.774.821.035.940;12.883.860.799.561.000;11,04;65
2017-09-03 19:00:21+00:00;16.911.735.004.750.400;14.451.100.406.270.700;11,33;100
2017-09-03 20:00:21+00:00;3.238.035.452.908.020;13.512.326.473.495.600;13,69;100
2017-09-03 21:00:21+00:00;43.272.008.542.154.200;835.629.143.519.095;50,00;100
2017-09-03 22:00:21+00:00;3.649.000.019.743.580;15.959.329.706.740.100;13,61;47
2017-09-03 23:00:21+00:00;4.756.445.389.028.220;1.201.508.999.170.120;8,35;100
2017-09-04 00:00:21+00:00;4.059.099.538.077.110;10.733.722.234.671.900;8,85;47
2017-09-04 01:00:21+00:00;3.564.453.628.286.910;16.448.308.734.786.600;1,73;14
2017-09-04 02:00:21+00:00;25.013.416.664.151.300;14.442.556.933.831.700;13,27;9
2017-09-04 03:00:21+00:00;30.609.926.163.290.400;15.173.751.832.396.500;12,99;97
2017-09-04 04:00:21+00:00;48.771.080.179.920.700;13.218.585.744.520.700;50,00;43
2017-09-04 05:00:21+00:00;31.440.682.307.786.600;14.069.206.706.308.700;1,60;51
2017-09-04 06:00:21+00:00;461.009.979.398.655;1.279.550.842.756.420;7,79;100
2017-09-04 07:00:21+00:00;13.937.254.486.791.700;11.435.347.294.443.000;9,29;95
2017-09-04 08:00:21+00:00;24.298.794.827.238.700;1.518.772.046.865.850;13,07;100
2017-09-04 09:00:21+00:00;14.688.087.809.036.600;14.102.306.109.863.300;12,54;100
2017-09-04 10:00:21+00:00;4.751.955.905.231.700;17.701.541.425.077.700;12,75;75
2017-09-04 11:00:21+00:00;14.326.424.787.737.200;8.101.280.479.672.090;7,82;92
2017-09-04 12:00:21+00:00;3.230.773.699.220.990;1.638.492.687.557.210;1,07;9
2017-09-04 13:00:21+00:00;54.527.761.183.608.300;12.583.985.754.248.800;13,38;100
2017-09-04 14:00:21+00:00;1.552.019.255.194.140;12.353.313.183.175.900;7,31;100
2017-09-04 15:00:21+00:00;35.267.013.580.019.300;14.942.993.988.865.100;10,92;100
2017-09-04 16:00:21+00:00;3.352.893.789.575.570;11.370.230.206.043.500;10,24;65
2017-09-04 17:00:21+00:00;3.662.804.822.231.910;12.434.379.066.441.400;9,61;100
2017-09-04 18:00:21+00:00;3.212.255.829.438.250;14.967.396.847.807.300;1,50;86
2017-09-04 19:00:21+00:00;2.742.618.098.327.740;122.269.039.338.276;12,30;9
2017-09-04 20:00:21+00:00;75.570.892.093.286.300;11.812.952.696.317.900;10,44;60
2017-09-04 21:00:21+00:00;4.350.935.711.393.450;11.807.728.139.281.800;8,01;75
2017-09-04 22:00:21+00:00;4.830.883.124.169.320;14.376.306.264.304.900;11,25;100
2017-09-04 23:00:21+00:00;36.334.340.702.374.500;10.602.577.990.262.000;5,56;100
2017-09-05 00:00:21+00:00;3.548.375.859.534.930;1.535.836.880.065.590;10,60;85
2017-09-05 01:00:21+00:00;16.132.181.199.302.100;1.865.755.915.326.540;14,44;100
2017-09-05 02:00:21+00:00;2.913.981.742.755.400;13.533.176.802.050.900;12,59;58
2017-09-05 03:00:21+00:00;41.912.787.543.294.600;1.458.100.423.779.390;12,51;74
2017-09-05 04:00:21+00:00;22.337.021.688.839.600;14.167.315.935.204.500;1,08;31
2017-09-05 05:00:21+00:00;3.504.177.945.017.230;11.259.797.132.032.000;0,75;88
2017-09-05 06:00:21+00:00;62.715.530.729.303.200;14.292.697.872.160.600;12,96;100
2017-09-05 07:00:21+00:00;380.810.918.462.605;14.064.498.113.447;10,10;13
2017-09-05 08:00:21+00:00;19.419.589.948.152.800;1.782.388.904.938.770;15,62;100
2017-09-05 09:00:21+00:00;7.096.079.123.723.710;14.126.388.852.854.400;12,34;99
2017-09-05 10:00:21+00:00;39.114.861.610.850.100;16.537.925.926.309.200;15,36;100
2017-09-05 11:00:21+00:00;24.626.824.904.463.800;1.456.622.739.716.820;9,94;100
2017-09-05 12:00:21+00:00;34.761.733.750.954.300;12.290.070.926.339.600;8,94;76
2017-09-05 13:00:21+00:00;14.947.637.779.236.800;10.649.738.969.228.700;8,52;16
2017-09-05 14:00:21+00:00;24.760.171.367.429.100;14.272.653.062.711.600;10,80;9
2017-09-05 15:00:21+00:00;45.982.932.762.551.300;15.369.582.697.999.100;10,95;44
2017-09-05 16:00:21+00:00;1.982.778.160.153.660;13.309.089.726.091.000;9,28;100
2017-09-05 17:00:21+00:00;1.808.064.296.774.780;11.989.304.259.408.500;7,03;74
2017-09-05 18:00:21+00:00;46.228.449.987.094.500;16.938.367.445.731.800;12,01;96
2017-09-05 19:00:21+00:00;64.080.696.681.395;1.245.422.683.510.820;11,36;83
2017-09-05 20:00:21+00:00;4.371.831.290.845.280;10.730.551.533.389.200;10,37;7
2017-09-05 21:00:21+00:00;58.243.725.828.910.200;1.336.738.455.323.190;0,11;100
2017-09-05 22:00:21+00:00;2.079.810.187.955.170;13.713.563.364.596.100;10,48;82
2017-09-05 23:00:21+00:00;42.200.300.462.528.200;11.740.885.964.354.600;9,18;100
2017-09-06 00:00:21+00:00;5.009.274.944.532.290;133.032.025.590.217;13,46;63
2017-09-06 01:00:21+00:00;30.691.826.734.895.500;941.245.143.246.936;9,24;100
2017-09-06 02:00:21+00:00;22.975.718.037.678.400;1.455.327.669.095.100;6,42;100
2017-09-06 03:00:21+00:00;3.523.096.263.019.860;10.978.008.008.180.000;7,08;4
2017-09-06 04:00:21+00:00;4.042.934.463.046.350;12.598.631.945.520.500;9,04;100
2017-09-06 05:00:21+00:00;3.330.722.858.506.820;11.883.297.790.409.300;12,57;69
2017-09-06 06:00:21+00:00;3.686.210.431.993.870;169.254.359.058.097;14,81;95
2017-09-06 07:00:21+00:00;19.828.983.003.936.600;12.789.013.463.410.000;50,00;70
2017-09-06 08:00:21+00:00;4.019.622.840.159.050;11.478.961.336.943.200;10,57;6
2017-09-06 09:00:21+00:00;432.244.597.500.567;18.596.507.076.072.200;20,62;77
2017-09-06 10:00:21+00:00;3.734.651.535.526.630;17.878.923.040.410.100;15,95;39
2017-09-06 11:00:21+00:00;247.710.343.451.879;1.555.410.715.411.820;10,70;16
2017-09-06 12:00:21+00:00;14.377.234.260.178.900;14.888.616.442.329.500;14,91;100
2017-09-06 13:00:21+00:00;37.616.068.527.461;11.425.455.262.172.200;9,81;100
2017-09-06 14:00:21+00:00;2.718.739.759.291.910;1.616.261.608.106.790;11,58;100
2017-09-06 15:00:21+00:00;5.592.411.902.105.340;14.409.976.177.406.200;11,63;100
2017-09-06 16:00:21+00:00;54.323.023.491.288.400;11.980.096.386.436.900;9,10;100
2017-09-06 17:00:21+00:00;11.534.496.696.260.400;1.386.673.913.164.970;9,69;100
2017-09-06 18:00:21+00:00;3.262.379.466.957.830;12.398.705.096.218.800;7,48;100
2017-09-06 19:00:21+00:00;27.331.279.345.236;9.831.711.678.080.780;6,66;100
2017-09-06 20:00:21+00:00;19.042.537.071.937.500;1.683.765.629.769.140;13,37;31
2017-09-06 21:00:21+00:00;3.515.173.500.726.520;9.124.930.864.270.820;0,89;99
2017-09-06 22:00:21+00:00;2.335.432.502.917.890;18.757.226.745.664.200;12,45;100
2017-09-06 23:00:21+00:00;240.787.941.114.258;13.006.265.907.852.700;7,65;100
2017-09-07 00:00:21+00:00;22.100.997.938.114.400;14.621.838.654.744.400;11,91;100
2017-09-07 01:00:21+00:00;5.201.056.036.192.060;14.821.325.495.366.900;11,20;40
2017-09-07 02:00:21+00:00;3.398.004.067.997.070;11.124.055.995.987.100;0,81;12
2017-09-07 03:00:21+00:00;3.496.073.296.690.550;13.014.590.251.605.400;8,57;84
2017-09-07 04:00:21+00:00;5.178.645.948.079.870;13.279.009.381.461.500;8,88;100
2017-09-07 05:00:21+00:00;3.209.485.182.836.870;1.206.077.455.895.720;7,40;15
2017-09-07 06:00:21+00:00;3.864.238.163.541.770;1.604.155.539.700.230;9,25;57
2017-09-07 07:00:21+00:00;27.473.351.146.185.900;10.590.619.688.547.700;9,15;15
2017-09-07 08:00:21+00:00;29.011.257.022.379.200;14.007.163.307.372.800;12,19;100
2017-09-07 09:00:21+00:00;38.775.616.165.840.400;9.376.135.534.236.530;10,83;100
2017-09-07 10:00:21+00:00;3.788.321.055.287.120;14.105.540.396.794.000;12,46;2
2017-09-07 11:00:21+00:00;4.492.758.991.975.450;13.936.796.400.654.700;11,08;96
2017-09-07 12:00:21+00:00;4.740.587.010.931.060;1.815.317.682.789.310;1,55;14
2017-09-07 13:00:21+00:00;3.546.922.823.709.890;12.033.449.449.943.600;8,88;84
2017-09-07 14:00:21+00:00;4.953.834.102.258.200;1.311.405.181.269.360;8,79;100
2017-09-07 15:00:21+00:00;25.263.544.482.789.200;12.942.988.260.661.800;11,65;75
2017-09-07 16:00:21+00:00;4.295.967.851.756.480;17.604.091.304.825.000;14,71;64
2017-09-07 17:00:21+00:00;2.671.063.463.385.920;12.128.025.952.243.400;7,15;63
2017-09-07 18:00:21+00:00;26.376.863.018.543.900;14.071.621.132.747.200;11,18;100
2017-09-07 19:00:21+00:00;49.031.468.253.043.200;128.133.062.036.295;8,59;65
2017-09-07 20:00:21+00:00;7.141.135.474.073.770;13.157.076.033.673.500;1,24;46
2017-09-07 21:00:21+00:00;44.019.710.992.480.700;13.552.225.207.880.200;9,99;100
2017-09-07 22:00:21+00:00;37.027.546.047.924.200;1.618.913.780.779.580;16,37;89
2017-09-07 23:00:21+00:00;36.297.041.026.191.100;17.052.106.202.276.800;1,60;62
2017-09-08 00:00:21+00:00;57.603.190.186.270.100;10.157.968.990.019.600;50,00;100
2017-09-08 01:00:21+00:00;21.069.651.275.825;1.542.037.986.144.310;11,00;100
2017-09-08 02:00:21+00:00;1.928.275.047.306.550;16.569.398.632.975.100;14,60;77
2017-09-08 03:00:21+00:00;49.421.608.259.770.100;14.349.894.293.889.100;11,59;100
2017-09-08 04:00:21+00:00;3.170.895.647.000.130;16.397.809.964.047.300;12,56;100
2017-09-08 05:00:21+00:00;5.228.523.483.366.420;10.495.161.144.308.400;8,51;1
2017-09-08 06:00:21+00:00;434.890.247.823;14.757.599.450.562.800;11,56;48
2017-09-08 07:00:21+00:00;3.857.101.903.080.460;16.554.298.615.580.000;15,26;99
2017-09-08 08:00:21+00:00;33.502.949.648.300.800;1.199.637.275.886.790;9,03;100
2017-09-08 09:00:21+00:00;3.357.451.689.422.160;10.400.050.495.285.600;9,26;100
2017-09-08 10:00:21+00:00;5.985.728.009.782.580;16.295.232.753.466.600;13,96;61
2017-09-08 11:00:21+00:00;2.813.856.421.217.120;1.249.937.938.794.440;12,49;67
2017-09-08 12:00:21+00:00;4.942.561.195.984.660;12.122.113.773.063.400;9,56;12
2017-09-08 13:00:21+00:00;25.576.469.273.070.700;896.319.099.535.135;7,48;96
2017-09-08 14:00:21+00:00;24.641.272.771.858.000;12.279.212.127.645.400;10,57;10
2017-09-08 15:00:21+00:00;385.695.833.685.742;11.830.430.902.145.500;8,17;100
2017-09-08 16:00:21+00:00;35.352.256.741.252.800;9.151.617.168.492.930;7,00;5
2017-09-08 17:00:21+00:00;4.841.461.520.278.370;12.105.486.794.270.300;0,79;85
2017-09-08 18:00:21+00:00;30.855.737.357.651.100;16.400.362.681.453.600;14,49;73
2017-09-08 19:00:21+00:00;28.587.663.628.677.500;14.355.184.467.655.300;14,62;92
2017-09-08 20:00:21+00:00;2.087.624.829.849.680;955.347.150.987.069;3,82;85
2017-09-08 21:00:21+00:00;6.507.144.394.558.360;1.447.121.581.562.210;13,57;33
2017-09-08 22:00:21+00:00;15.900.684.032.723.700;1.528.810.249.262.540;0,01;100
2017-09-08 23:00:21+00:00;753.168.306.856.243;13.777.355.085.967.100;13,55;74
2017-09-09 00:00:21+00:00;4.416.584.867.138.140;13.439.654.278.302.000;1,13;9
2017-09-09 01:00:21+00:00;4.208.301.144.030.880;11.601.236.370.821.100;11,22;100
2017-09-09 02:00:21+00:00;15.873.406.241.358.600;14.539.890.709.088.400;11,42;71
2017-09-09 03:00:21+00:00;4.197.663.457.167.550;14.944.540.144.448.200;12,05;35
2017-09-09 04:00:21+00:00;15.430.874.637.522.600;14.205.700.605.455.900;13,29;78
2017-09-09 05:00:21+00:00;31.753.201.828.280.300;17.759.380.656.716.900;19,11;79
2017-09-09 06:00:21+00:00;4.980.927.155.340.110;13.026.638.563.468.700;9,37;83
2017-09-09 07:00:21+00:00;1.836.748.861.283.020;10.362.923.465.648.100;0,85;62
2017-09-09 08:00:21+00:00;42.300.537.596.965.200;17.586.936.737.455.400;12,62;100
2017-09-09 09:00:21+00:00;3.275.578.320.642.240;8.941.016.064.871.530;6,67;15
2017-09-09 10:00:21+00:00;43.157.290.113.002.500;1.255.784.796.247.040;9,02;100
2017-09-09 11:00:21+00:00;19.273.916.757.514.900;11.290.723.854.242.800;7,04;100
2017-09-09 12:00:21+00:00;5.262.160.762.765.030;13.277.728.661.533.000;11,64;100
2017-09-09 13:00:21+00:00;4.456.545.745.881.800;13.194.636.236.170.200;10,96;100
2017-09-09 14:00:21+00:00;25.722.753.466.310.200;11.205.050.805.794.600;7,17;80
2017-09-09 15:00:21+00:00;24.578.273.246.787.600;16.114.666.252.917.000;10,56;95
2017-09-09 16:00:21+00:00;5.193.408.663.657.760;13.198.209.717.573.200;12,29;100
2017-09-09 17:00:21+00:00;28.909.880.211.752.300;16.482.205.679.697.400;12,20;100
2017-09-09 18:00:21+00:00;2.591.646.337.235.670;10.688.866.604.964.200;13,04;73
2017-09-09 19:00:21+00:00;4.327.583.649.987.190;10.905.659.450.264.700;8,56;100
2017-09-09 20:00:21+00:00;44.866.188.187.340.800;10.840.767.601.803.000;8,76;100
2017-09-09 21:00:21+00:00;27.944.709.512.880.800;14.784.155.724.666.800;11,37;87
2017-09-09 22:00:21+00:00;52.179.540.319.683.600;17.764.505.658.518.600;11,39;100
2017-09-09 23:00:21+00:00;3.582.816.214.064.170;12.787.871.200.758.600;7,40;100
2017-09-10 00:00:21+00:00;4.947.599.584.461.250;7.912.138.886.202.070;9,10;100
2017-09-10 01:00:21+00:00;4.672.714.137.283.440;14.676.368.087.444.100;14,42;83
2017-09-10 02:00:21+00:00;1.797.830.745.863.020;15.137.666.597.658.300;10,14;65
2017-09-10 03:00:21+00:00;51.372.866.681.972.500;11.016.374.584.816.400;9,81;67
2017-09-10 04:00:21+00:00;4.809.030.273.682.360;14.897.295.696.360.700;14,58;100
2017-09-10 05:00:21+00:00;390.542.957.070.506;1.549.210.225.516.950;9,74;100
2017-09-10 06:00:21+00:00;66.958.300.501.227;8.553.490.813.479.900;6,82;100
2017-09-10 07:00:21+00:00;3.747.073.282.362.390;1.623.280.087.913.520;11,94;1
2017-09-10 08:00:21+00:00;22.782.095.943.784.300;16.384.822.894.836.500;13,44;9
2017-09-10 09:00:21+00:00;1.839.355.708.844.650;12.777.354.899.774.300;12,69;100
2017-09-10 10:00:21+00:00;32.923.335.264.678.400;15.090.217.761.305.300;12,87;50
2017-09-10 11:00:21+00:00;5.753.093.369.798.230;18.319.998.376.550.500;15,84;100
2017-09-10 12:00:21+00:00;3.486.466.346.248.760;11.930.100.278.143.300;5,11;66
2017-09-10 13:00:21+00:00;4.840.264.018.155.990;16.341.007.732.472.500;14,47;100
2017-09-10 14:00:21+00:00;4.234.252.752.623.560;1.411.984.820.756.130;11,22;100
2017-09-10 15:00:21+00:00;5.165.647.766.553.430;10.759.907.869.217.400;1,29;78
2017-09-10 16:00:21+00:00;3.325.490.109.993.460;9.108.144.163.810.250;0,85;31
2017-09-10 17:00:21+00:00;4.065.168.852.544.720;15.276.370.598.135.600;1,16;93
2017-09-10 18:00:21+00:00;22.899.199.051.141.000;1.035.604.470.592.840;12,06;7
2017-09-10 19:00:21+00:00;9.725.311.956.343.670;1.587.331.388.027.060;12,55;100
2017-09-10 20:00:21+00:00;23.461.508.288.245.100;8.225.284.081.135.610;50,00;78
2017-09-10 21:00:21+00:00;2.595.036.285.779.250;1.388.666.391.306.100;8,34;96
2017-09-10 22:00:21+00:00;25.889.746.331.304.400;12.747.677.476.669.300;8,94;67
2017-09-10 23:00:21+00:00;4.963.720.909.053.720;17.593.354.474.144.900;12,64;95
2017-09-11 00:00:21+00:00;33.399.191.388.055.200;1.407.256.877.581.910;1,09;26
2017-09-11 01:00:21+00:00;6.236.841.495.067.260;1.501.141.232.352.040;9,57;77
2017-09-11 02:00:21+00:00;5.548.077.133.357.040;12.479.862.499.749.500;6,54;55
2017-09-11 03:00:21+00:00;22.825.028.703.257.000;13.091.766.883.821.400;10,69;84
2017-09-11 04:00:21+00:00;4.766.084.449.939.640;16.078.124.234.165.000;9,93;74
2017-09-11 05:00:21+00:00;4.892.942.731.207.880;13.564.672.300.603.800;12,31;33
2017-09-11 06:00:21+00:00;3.184.663.177.092.620;11.295.585.030.919.200;12,98;98
2017-09-11 07:00:21+00:00;34.702.592.694.646.300;1.629.164.996.393.860;13,49;96
2017-09-11 08:00:21+00:00;2.548.732.686.280.380;17.615.079.758.647.100;14,62;100
2017-09-11 09:00:21+00:00;645.875.109.463.206;17.171.000.541.707.100;9,30;81
2017-09-11 10:00:21+00:00;54.980.142.520.580.500;16.655.332.582.426.100;14,57;66
2017-09-11 11:00:21+00:00;3.210.743.308.565.960;12.839.092.507.612.000;10,12;44
2017-09-11 12:00:21+00:00;5.649.369.550.079.640;11.144.319.264.147.700;9,87;100
2017-09-11 13:00:21+00:00;31.012.551.755.865.800;1.064.675.152.096.030;6,18;93
2017-09-11 14:00:21+00:00;4.898.837.970.355.770;10.353.648.921.886.700;50,00;100
2017-09-11 15:00:21+00:00;38.920.509.950.070.400;13.298.193.307.847.900;13,10;74
2017-09-11 16:00:21+00:00;327.041.780.850.514;17.822.341.475.454.400;12,73;9
2017-09-11 17:00:21+00:00;241.237.147.601.686;951.233.361.869.252;50,00;73
2017-09-11 18:00:21+00:00;28.105.397.376.087.800;1.356.576.565.411.360;12,66;85
2017-09-11 19:00:21+00:00;4.365.830.010.120.640;12.748.420.855.470.900;11,59;100
2017-09-11 20:00:21+00:00;3.758.875.951.263.660;10.672.908.160.397.700;10,65;100
2017-09-11 21:00:21+00:00;31.546.398.986.151.700;12.910.302.732.426.800;8,90;6
2017-09-11 22:00:21+00:00;52.918.791.970.083.100;16.653.979.638.012.100;1,30;100
2017-09-11 23:00:21+00:00;36.989.737.871.134.000;14.076.594.130.677.100;0,95;91
2017-09-12 00:00:21+00:00;3.496.632.050.038.250;15.046.691.040.004.200;10,12;44
2017-09-12 01:00:21+00:00;276.352.800.895.835;16.118.502.704.104.100;10,99;89
2017-09-12 02:00:21+00:00;38.956.490.480.323.000;14.463.216.419.551.500;11,49;94
2017-09-12 03:00:21+00:00;4.349.847.279.926.660;12.631.610.815.206.000;13,28;100
2017-09-12 04:00:21+00:00;3.734.224.860.274.940;13.768.611.481.795.200;13,55;100
2017-09-12 05:00:21+00:00;4.412.492.006.400.390;10.921.248.110.962.000;9,82;59
2017-09-12 06:00:21+00:00;2.705.541.453.078.480;13.663.880.282.309.400;9,11;81
2017-09-12 07:00:21+00:00;2.157.790.596.607.190;13.820.971.242.893.000;0,90;98
2017-09-12 08:00:21+00:00;30.970.677.841.256.700;16.720.524.164.970.900;12,80;100
2017-09-12 09:00:21+00:00;4.131.884.949.722.790;12.738.523.584.290.400;11,01;84
2017-09-12 10:00:21+00:00;4.908.142.290.775.900;12.738.351.049.827.000;11,31;100
2017-09-12 11:00:21+00:00;6.562.458.348.993.650;9.848.035.491.839.470;0,84;98
2017-09-12 12:00:21+00:00;4.317.455.379.387.060;15.098.316.419.200.600;11,89;91
2017-09-12 13:00:21+00:00;1.101.781.351.641.900;9.960.541.281.124.120;8,40;100
2017-09-12 14:00:21+00:00;5.102.968.676.299.170;12.317.263.522.756.900;8,75;100
2017-09-12 15:00:21+00:00;4.157.077.992.278.470;11.802.066.692.025.000;6,56;100
2017-09-12 16:00:21+00:00;2.583.517.641.757.880;1.568.592.583.400.170;11,97;35
2017-09-12 17:00:21+00:00;4.562.097.845.133.680;147.088.383.613.739;1,21;100
2017-09-12 18:00:21+00:00;4.026.520.154.423.990;1.524.207.468.191.670;11,94;8
2017-09-12 19:00:21+00:00;2.845.849.572.671.110;15.819.134.931.719.100;9,61;43
2017-09-12 20:00:21+00:00;3.773.054.826.111.210;11.973.688.042.089.500;9,15;100
2017-09-12 21:00:21+00:00;24.942.986.604.889.800;11.419.998.725.677.400;7,91;85
2017-09-12 22:00:21+00:00;3.464.384.146.648.910;9.440.032.443.589.800;10,22;36
2017-09-12 23:00:21+00:00;18.729.959.666.621.100;13.834.556.024.012.600;12,19;100
2017-09-13 00:00:21+00:00;4.175.966.814.877.380;11.626.698.679.819.900;32,77;84
2017-09-13 01:00:21+00:00;3.985.629.920.517.310;1.461.972.339.549.510;1,18;100
2017-09-13 02:00:21+00:00;4.893.723.866.892.720;16.340.255.117.017.900;1,08;100
2017-09-13 03:00:21+00:00;474.863.709.953.207;15.781.701.266.681.000;9,72;100
2017-09-13 04:00:21+00:00;27.001.598.179.551.100;13.818.303.469.260.800;6,48;24
2017-09-13 05:00:21+00:00;4.042.558.435.935.960;13.714.244.634.384.700;12,72;58
2017-09-13 06:00:21+00:00;40.951.133.650.262.300;1.350.267.966.419.920;12,83;100
2017-09-13 07:00:21+00:00;23.264.166.443.016.300;18.680.081.077.440.300;11,94;100
2017-09-13 08:00:21+00:00;47.724.706.905.706.100;12.112.227.027.693.200;11,93;1
2017-09-13 09:00:21+00:00;3.143.237.671.764.120;13.717.236.961.950.600;15,18;100
2017-09-13 10:00:21+00:00;27.463.988.526.647.500;13.085.972.188.470.000;10,06;9
2017-09-13 11:00:21+00:00;3.416.453.910.713.630;11.625.143.524.409.200;7,49;14
2017-09-13 12:00:21+00:00;14.361.469.364.978.200;1.260.362.865.659.730;9,94;100
2017-09-13 13:00:21+00:00;12.882.279.007.227.500;13.592.814.833.558.600;1,32;80
2017-09-13 14:00:21+00:00;44.160.039.390.609.500;10.650.770.571.879.700;11,15;14
2017-09-13 15:00:21+00:00;2.547.890.552.599.980;17.524.589.860.299.900;13,95;94
2017-09-13 16:00:21+00:00;19.207.354.329.138.300;15.286.938.061.075.500;1,04;100
2017-09-13 17:00:21+00:00;13.695.239.639.232.600;1.617.422.177.311.760;1,34;100
2017-09-13 18:00:21+00:00;19.455.081.390.649.500;13.133.700.211.136.000;10,31;10
2017-09-13 19:00:21+00:00;26.023.149.809.699.200;12.765.597.015.471.800;10,45;100
2017-09-13 20:00:21+00:00;10.269.412.598.059.600;13.006.126.975.058.700;9,63;100
2017-09-13 21:00:21+00:00;4.464.025.461.398.130;11.835.665.862.320.700;0,99;100
2017-09-13 22:00:21+00:00;39.602.427.857.784.200;16.678.539.849.705.200;9,61;80
2017-09-13 23:00:21+00:00;2.401.107.211.902.660;1.691.355.068.425.420;0,14;94
2017-09-14 00:00:21+00:00;51.728.723.380.962.300;14.858.627.547.144.500;14,16;100
2017-09-14 01:00:21+00:00;24.790.572.967.625.400;17.644.684.913.571.100;13,74;81
2017-09-14 02:00:21+00:00;3.274.329.762.695.140;19.338.840.012.511.800;15,72;68
2017-09-14 03:00:21+00:00;5.079.493.247.098.600;1.800.549.528.812.690;11,19;50
2017-09-14 04:00:21+00:00;31.576.700.849.057.000;1.238.688.272.994.240;10,95;62
2017-09-14 05:00:21+00:00;4.813.514.916.484.460;7.656.690.208.907.000;0,80;58
2017-09-14 06:00:21+00:00;437.443.447.069.831;15.327.148.973.403.300;15,54;62
2017-09-14 07:00:21+00:00;28.909.719.287.101.100;14.560.648.905.046.600;50,00;100
2017-09-14 08:00:21+00:00;31.887.924.799.342.100;13.789.364.191.392.700;12,09;100
2017-09-14 09:00:21+00:00;18.304.656.731.124.400;12.962.479.354.551.300;6,89;62
2017-09-14 10:00:21+00:00;-15.327.278.370.607.700;1.680.185.719.301.270;1,42;37
2017-09-14 11:00:21+00:00;27.151.845.248.917.100;9.773.417.415.124.820;6,71;54
2017-09-14 12:00:21+00:00;3.710.516.177.544.310;1.724.176.284.291.540;14,79;100
2017-09-14 13:00:21+00:00;18.254.433.858.690.200;17.731.158.112.799.200;1,50;27
2017-09-14 14:00:21+00:00;4.326.126.899.100.470;13.889.410.351.707.700;11,28;71
2017-09-14 15:00:21+00:00;29.578.651.517.554.500;1.421.461.073.489.800;10,46;23
2017-09-14 16:00:21+00:00;4.939.723.583.208.310;10.648.400.897.744.400;8,84;10
2017-09-14 17:00:21+00:00;20.841.985.647.976.400;15.962.003.666.262.100;14,65;100
2017-09-14 18:00:21+00:00;33.580.061.692.788.800;16.609.199.126.284.700;1,38;100
2017-09-14 19:00:21+00:00;19.365.466.296.606.300;15.379.356.792.859.700;13,88;11
2017-09-14 20:00:21+00:00;12.339.602.056.145.600;10.517.958.057.152.700;5,64;13
2017-09-14 21:00:21+00:00;33.757.160.880.501.300;9.620.571.087.554.470;7,82;100
2017-09-14 22:00:21+00:00;20.444.409.839.914.800;12.942.070.780.937.200;9,39;86
2017-09-14 23:00:21+00:00;34.719.411.096.005.000;13.717.215.261.400.000;12,53;100
2017-09-15 00:00:21+00:00;3.994.571.458.454.020;1.598.799.610.156.950;13,85;100
2017-09-15 01:00:21+00:00;17.178.751.906.089.200;1.294.157.847.432.840;9,33;61
2017-09-15 02:00:21+00:00;4.514.326.961.986.300;16.103.029.232.790.000;13,19;62
2017-09-15 03:00:21+00:00;1.905.637.409.373.450;16.264.508.078.436.200;12,73;100
2017-09-15 04:00:21+00:00;259.553.464.389.832;14.673.967.062.259.400;12,52;68
2017-09-15 05:00:21+00:00;26.196.498.760.518.300;15.633.398.960.796.400;13,20;0
2017-09-15 06:00:21+00:00;38.713.309.451.597.900;1.251.567.788.613.630;10,15;65
2017-09-15 07:00:21+00:00;4.391.763.416.051.150;10.755.422.667.764.400;5,93;8
2017-09-15 08:00:21+00:00;4.277.049.994.746.760;12.144.810.435.805.900;12,69;14
2017-09-15 09:00:21+00:00;2.746.389.505.399.850;11.504.829.104.465.100;11,31;86
2017-09-15 10:00:21+00:00;41.170.717.618.775.500;16.462.137.176.369.600;13,35;13
2017-09-15 11:00:21+00:00;4.566.847.012.631.510;15.617.800.866.403.100;13,53;77
2017-09-15 12:00:21+00:00;29.898.147.053.297.700;8.599.125.303.169.610;8,08;100
2017-09-15 13:00:21+00:00;15.404.571.239.008.300;1.395.893.135.937.450;0,98;100
2017-09-15 14:00:21+00:00;3.291.889.614.057.560;9.192.721.905.080.160;9,84;67
2017-09-15 15:00:21+00:00;5.121.748.529.757.490;10.895.429.591.168.700;4,65;79
2017-09-15 16:00:21+00:00;56.933.679.404.312;15.543.601.322.744.900;9,03;13
2017-09-15 17:00:21+00:00;9.922.234.968.548.180;9.341.850.089.640.260;6,04;100
2017-09-15 18:00:21+00:00;402.748.805.408.228;1.021.546.310.738.010;8,84;96
2017-09-15 19:00:21+00:00;41.253.061.222.854.300;11.040.584.881.767.200;9,10;76
2017-09-15 20:00:21+00:00;5.579.645.081.879.520;967.989.679.512.003;7,89;100
2017-09-15 21:00:21+00:00;39.068.353.494.488.500;10.079.488.148.267.300;7,92;100
2017-09-15 22:00:21+00:00;3.797.597.594.605.270;13.388.924.814.733.100;10,07;100
2017-09-15 23:00:21+00:00;3.264.903.541.385.480;943.775.565.367.022;5,00;100
2017-09-16 00:00:21+00:00;23.592.285.123.476.900;12.920.952.721.904.700;7,58;50
2017-09-16 01:00:21+00:00;28.299.099.298.567.500;13.547.125.879.349.300;8,27;81
2017-09-16 02:00:21+00:00;3.984.223.955.998.960;15.349.221.882.170.100;10,09;7
2017-09-16 03:00:21+00:00;19.662.668.721.050.300;15.779.667.099.696.400;9,79;100
2017-09-16 04:00:21+00:00;5.233.922.892.726.060;1.018.631.514.185.180;5,28;39
2017-09-16 05:00:21+00:00;40.232.635.029.356.900;10.313.497.105.410.500;7,70;54
2017-09-16 06:00:21+00:00;16.969.866.152.636.500;10.178.176.731.706.700;10,25;85
2017-09-16 07:00:21+00:00;38.203.987.553.290.100;15.443.734.569.251.900;1,32;100
2017-09-16 08:00:21+00:00;27.997.342.104.053.500;14.363.474.056.737.500;0,96;72
2017-09-16 09:00:21+00:00;571.244.783.110.118;12.668.212.738.374.700;8,75;100
2017-09-16 10:00:21+00:00;16.504.333.779.764.200;10.633.109.219.677.200;12,30;72
2017-09-16 11:00:21+00:00;3.380.228.721.005.040;13.901.802.892.996.200;1,01;10
2017-09-16 12:00:21+00:00;2.347.060.768.830.560;16.845.911.477.899.400;11,30;100
2017-09-16 13:00:21+00:00;4.322.090.722.427.670;16.687.927.958.704.800;12,77;100
2017-09-16 14:00:21+00:00;4.910.824.222.224.620;995.093.964.212.331;6,82;60
2017-09-16 15:00:21+00:00;16.970.477.653.722.700;16.123.494.399.598.600;11,19;51
2017-09-16 16:00:21+00:00;3.918.154.302.296.440;9.919.157.177.702.980;8,00;77
2017-09-16 17:00:21+00:00;5.788.961.743.635.750;12.549.099.462.867.100;12,57;81
2017-09-16 18:00:21+00:00;4.719.458.031.576.450;12.263.423.298.265.700;7,17;57
2017-09-16 19:00:21+00:00;55.302.976.508.901.500;14.171.135.678.311.700;12,11;100
2017-09-16 20:00:21+00:00;4.118.231.803.803.700;1.109.304.143.567.620;10,85;9
2017-09-16 21:00:21+00:00;17.952.703.309.538.000;13.774.692.560.148.800;1,19;100
2017-09-16 22:00:21+00:00;15.912.574.078.293.700;10.902.736.014.501.200;10,79;100
2017-09-16 23:00:21+00:00;2.818.415.809.527.550;13.942.321.503.101.000;12,23;78
2017-09-17 00:00:21+00:00;27.812.792.306.256.700;10.329.270.991.280.900;6,87;100
2017-09-17 01:00:21+00:00;5.785.453.552.512.890;12.560.146.956.621.800;13,64;100
2017-09-17 02:00:21+00:00;6.104.054.213.594.550;13.534.016.705.665.200;11,87;93
2017-09-17 03:00:21+00:00;44.482.384.675.708.500;12.918.100.892.947.100;1,49;83
2017-09-17 04:00:21+00:00;4.274.968.770.363.850;15.574.805.194.037.100;0,87;76
2017-09-17 05:00:21+00:00;26.384.760.286.419.800;8.044.905.614.273.510;11,22;14
2017-09-17 06:00:21+00:00;41.916.733.397.878.600;139.487.219.174.003;12,89;8
2017-09-17 07:00:21+00:00;1.813.595.157.688.850;11.510.924.575.519.800;10,15;34
2017-09-17 08:00:21+00:00;20.713.603.955.309.900;1.495.869.089.076.310;10,12;92
2017-09-17 09:00:21+00:00;5.477.396.792.319.840;13.599.313.551.059.500;12,36;100
2017-09-17 10:00:21+00:00;3.838.514.081.455.390;16.164.336.097.976.900;15,33;100
2017-09-17 11:00:21+00:00;4.488.368.603.419.100;12.960.136.610.587.300;6,85;73
2017-09-17 12:00:21+00:00;2.866.740.982.889.150;16.519.373.820.485.600;14,36;37
2017-09-17 13:00:21+00:00;2.958.573.082.561.680;13.905.062.199.567.100;0,01;100
2017-09-17 14:00:21+00:00;30.156.069.831.698.800;10.387.537.338.295.300;0,95;93
2017-09-17 15:00:21+00:00;5.025.216.583.878.450;11.551.729.290.981.000;7,18;100
2017-09-17 16:00:21+00:00;4.825.059.483.352.400;12.101.908.031.087.400;1,22;80
2017-09-17 17:00:21+00:00;46.758.971.517.991.900;13.803.170.838.742.500;10,88;100
2017-09-17 18:00:21+00:00;36.306.147.290.049.700;15.707.965.185.980.300;0,01;100
2017-09-17 19:00:21+00:00;5.300.764.164.485.560;15.006.811.944.849.900;13,94;100
2017-09-17 20:00:21+00:00;24.714.706.318.975.400;15.137.510.657.758.400;12,71;4
2017-09-17 21:00:21+00:00;32.609.421.722.518.700;1.171.423.826.200.250;7,63;67
2017-09-17 22:00:21+00:00;5.706.009.842.106.060;15.665.670.743.200.700;13,80;100
2017-09-17 23:00:21+00:00;36.741.187.835.640.300;13.777.299.003.101.500;10,83;53
2017-09-18 00:00:21+00:00;5.125.916.173.607.130;15.452.898.816.056.400;12,74;85
2017-09-18 01:00:21+00:00;31.204.096.217.746.700;9.940.713.981.586.100;50,00;87
2017-09-18 02:00:21+00:00;3.671.526.565.230.280;1.462.277.204.295.700;8,12;100
2017-09-18 03:00:21+00:00;4.966.215.887.249.610;1.204.319.557.868.990;9,75;100
2017-09-18 04:00:21+00:00;53.804.533.830.824.100;10.455.343.009.195.000;7,17;41
2017-09-18 05:00:21+00:00;3.385.109.383.067.220;15.093.550.446.016.500;12,67;50
2017-09-18 06:00:21+00:00;1.834.273.859.377.090;12.484.264.856.457.000;9,92;100
2017-09-18 07:00:21+00:00;2.337.250.406.395.340;14.811.783.864.510.000;10,80;100
2017-09-18 08:00:21+00:00;31.551.583.800.995.500;11.151.798.851.312.600;13,19;46
2017-09-18 09:00:21+00:00;3.965.581.178.666.690;1.845.388.392.569.840;14,14;69
2017-09-18 10:00:21+00:00;25.876.691.019.346.100;13.236.348.611.637.100;10,75;100
2017-09-18 11:00:21+00:00;4.191.859.965.287.190;1.238.673.167.482.080;13,67;100
2017-09-18 12:00:21+00:00;38.343.764.905.722.900;15.926.823.103.025.600;10,72;100
2017-09-18 13:00:21+00:00;2.973.610.945.129.970;13.317.093.473.904.400;12,33;100
2017-09-18 14:00:21+00:00;8.382.802.922.366.310;21.205.249.806.534.700;15,47;80
2017-09-18 15:00:21+00:00;40.842.959.177.883.900;1.635.156.731.154.230;1,26;40
2017-09-18 16:00:21+00:00;143.801.505.196.304;12.376.572.779.174.800;0,11;41
2017-09-18 17:00:21+00:00;4.630.495.410.553.200;13.705.262.204.949.100;1,33;17
2017-09-18 18:00:21+00:00;63.116.320.688.104.500;13.685.883.723.982.000;0,89;46
2017-09-18 19:00:21+00:00;3.687.087.305.752.020;10.964.907.712.234.600;0,93;96
2017-09-18 20:00:21+00:00;2.774.658.384.386.060;16.639.021.483.045.200;11,83;74
2017-09-18 21:00:21+00:00;5.539.361.625.668.470;12.482.915.279.947.000;11,28;89
2017-09-18 22:00:21+00:00;3.230.323.584.640.190;12.925.091.021.746.600;0,12;100
2017-09-18 23:00:21+00:00;3.875.920.663.723.190;14.055.484.097.095.800;1,26;57
2017-09-19 00:00:21+00:00;4.496.125.261.704.130;11.303.646.029.430.600;7,43;10
2017-09-19 01:00:21+00:00;25.079.632.000.498.500;14.037.789.255.216.700;9,02;75
2017-09-19 02:00:21+00:00;5.546.078.400.728.440;12.305.096.063.585.300;9,50;65
2017-09-19 03:00:21+00:00;5.055.517.457.046.940;12.368.939.049.345.200;7,44;58
2017-09-19 04:00:21+00:00;644.163.281.437.729;13.131.713.109.419.000;11,53;10
2017-09-19 05:00:21+00:00;4.368.432.686.531.450;11.742.048.321.645.700;1,22;68
2017-09-19 06:00:21+00:00;327.979.029.443.974;9.729.025.195.559.530;6,21;62
2017-09-19 07:00:21+00:00;19.784.399.214.805.400;13.946.731.425.519.600;1,22;3
2017-09-19 08:00:21+00:00;3.943.470.334.818.960;7.970.513.691.436.610;4,79;52
2017-09-19 09:00:21+00:00;3.905.722.555.111.640;805.802.367.087.285;8,96;100
2017-09-19 10:00:21+00:00;5.166.425.649.352.520;1.363.358.438.432.440;12,93;64
2017-09-19 11:00:21+00:00;3.333.032.285.747.480;13.083.849.413.888.300;10,31;100
2017-09-19 12:00:21+00:00;2.603.889.156.758.750;14.154.203.901.461.000;12,85;11
2017-09-19 13:00:21+00:00;11.984.055.641.470.000;15.136.863.075.843.700;13,78;96
2017-09-19 14:00:21+00:00;3.620.364.456.472.390;8.728.143.510.163.740;4,60;100
2017-09-19 15:00:21+00:00;2.705.243.277.855.900;12.033.786.569.974.300;10,62;100
2017-09-19 16:00:21+00:00;30.906.971.993.674.000;12.439.004.494.229.600;8,71;100
2017-09-19 17:00:21+00:00;3.265.353.770.553.580;14.282.675.436.724.100;11,67;68
2017-09-19 18:00:21+00:00;3.655.945.217.079.790;14.078.797.637.280.700;10,57;45
2017-09-19 19:00:21+00:00;24.303.826.461.299.600;12.542.434.263.186.400;10,09;100
2017-09-19 20:00:21+00:00;26.733.086.907.890.100;13.632.198.352.260.100;12,75;69
2017-09-19 21:00:21+00:00;54.380.202.240.603.100;12.858.247.663.332.100;8,00;100
2017-09-19 22:00:21+00:00;3.310.494.026.997.060;11.310.828.539.923.300;0,56;100
2017-09-19 23:00:21+00:00;4.465.881.456.249.120;13.655.909.743.915.600;10,03;55
2017-09-20 00:00:21+00:00;32.699.120.236.783.800;8.323.113.887.520.680;0,89;100
2017-09-20 01:00:21+00:00;3.202.634.925.660.080;14.120.170.255.000.500;0,95;79
2017-09-20 02:00:21+00:00;47.272.625.352.915.900;1.695.150.353.821.660;12,53;93
2017-09-20 03:00:21+00:00;29.102.484.335.784.200;12.683.413.456.547.300;12,48;100
2017-09-20 04:00:21+00:00;44.704.909.772.096.400;1.852.758.802.144.640;17,59;100
2017-09-20 05:00:21+00:00;4.254.040.772.426.650;14.988.091.477.472.600;13,38;5
2017-09-20 06:00:21+00:00;2.919.383.444.263.510;1.706.322.169.255.590;14,47;63
2017-09-20 07:00:21+00:00;20.532.756.843.370.900;14.461.037.336.876.100;13,57;100
2017-09-20 08:00:21+00:00;4.497.971.374.428.680;14.863.213.201.599.700;11,06;100
2017-09-20 09:00:21+00:00;2.745.849.083.650.350;1.387.256.567.280.960;12,48;14
2017-09-20 10:00:21+00:00;33.351.274.605.036.200;9.721.535.005.889.600;6,18;100
2017-09-20 11:00:21+00:00;30.539.213.325.914.000;8.757.082.441.697.730;10,24;91
2017-09-20 12:00:21+00:00;13.787.109.074.665.500;12.939.664.147.692.600;12,44;11
2017-09-20 13:00:21+00:00;36.384.459.517.528.500;12.062.889.447.022.800;1,10;16
2017-09-20 14:00:21+00:00;9.293.805.301.660.620;1.214.077.420.796.010;9,03;64
2017-09-20 15:00:21+00:00;4.473.738.797.553.400;10.458.055.357.251.500;9,75;100
2017-09-20 16:00:21+00:00;42.790.551.302.063.900;1.621.448.937.255.670;1,29;32
2017-09-20 17:00:21+00:00;3.512.182.992.636.120;11.023.375.155.341.300;7,71;100
2017-09-20 18:00:21+00:00;20.847.257.236.351.000;10.866.464.702.140.500;9,86;76
2017-09-20 19:00:21+00:00;4.250.555.024.509.360;13.618.161.107.876.400;7,09;20
2017-09-20 20:00:21+00:00;-3,08301E+16;1.615.353.096.218.260;14,70;40
2017-09-20 21:00:21+00:00;34.591.062.062.755.000;15.583.136.509.192.600;10,41;52
2017-09-20 22:00:21+00:00;5.270.867.625.688.220;11.949.104.404.074.400;1,10;100
2017-09-20 23:00:21+00:00;396.357.025.869.075;13.009.833.201.829.700;7,43;88
2017-09-21 00:00:21+00:00;2.582.841.702.573.420;17.504.522.853.579.200;13,18;67
2017-09-21 01:00:21+00:00;19.190.368.118.337.000;16.208.443.545.434.800;13,87;100
2017-09-21 02:00:21+00:00;6.634.307.139.894.320;15.651.910.400.603.200;14,26;83
2017-09-21 03:00:21+00:00;2.987.354.877.279.230;14.459.727.029.797.300;10,19;100
2017-09-21 04:00:21+00:00;3.279.178.154.702.990;13.768.085.953.162.600;9,16;81
2017-09-21 05:00:21+00:00;26.933.893.986.632.500;18.397.959.441.796.600;1,68;100
2017-09-21 06:00:21+00:00;22.257.179.655.490.700;16.263.044.701.571.600;16,81;87
2017-09-21 07:00:21+00:00;34.952.026.150.913.300;1.382.129.817.050.000;9,24;10
2017-09-21 08:00:21+00:00;27.207.327.030.774.800;1.527.966.747.178.380;6,99;83
2017-09-21 09:00:21+00:00;34.551.810.595.193.700;12.920.362.830.780.200;1,34;56
2017-09-21 10:00:21+00:00;23.801.857.246.262.100;9.632.777.491.487.140;7,41;83
2017-09-21 11:00:21+00:00;33.746.113.153.990.700;1.104.469.622.371.260;7,02;100
2017-09-21 12:00:21+00:00;3.918.386.755.975.060;1.240.733.613.699.530;10,04;99
2017-09-21 13:00:21+00:00;35.668.846.245.868.200;12.250.285.885.466.000;13,69;100
2017-09-21 14:00:21+00:00;5.525.524.291.533.220;11.770.843.405.033.100;10,73;60
2017-09-21 15:00:21+00:00;3.447.474.903.230.110;11.881.132.688.047.000;11,07;17
2017-09-21 16:00:21+00:00;9.507.417.947.828.700;16.693.745.556.256.400;1,37;68
2017-09-21 17:00:21+00:00;50.092.876.195.448.800;17.971.163.040.079.700;1,53;13
2017-09-21 18:00:21+00:00;5.106.680.344.604.570;16.708.910.554.621.200;16,76;15
2017-09-21 19:00:21+00:00;19.965.178.774.168.400;8.291.145.619.677.570;0,48;13
2017-09-21 20:00:21+00:00;41.199.702.760.975.500;1.614.012.214.683.880;14,43;100
2017-09-21 21:00:21+00:00;53.081.030.191.109.400;15.311.869.088.031.700;12,18;100
2017-09-21 22:00:21+00:00;5.661.363.937.259.160;1.343.475.765.246.290;10,62;28
2017-09-21 23:00:21+00:00;531.248.658.148.905;12.319.389.478.014.700;7,57;100
2017-09-22 00:00:21+00:00;3.970.470.889.065.140;12.785.338.013.306.700;11,07;100
2017-09-22 01:00:21+00:00;3.387.048.128.485.420;1.592.682.586.132.290;13,91;90
2017-09-22 02:00:21+00:00;2.750.285.940.868.950;14.460.758.282.470.300;0,11;84
2017-09-22 03:00:21+00:00;26.119.951.410.208.600;1.648.378.769.007.840;16,08;100
2017-09-22 04:00:21+00:00;1.837.417.894.748.060;155.015.138.050.945;12,57;100
2017-09-22 05:00:21+00:00;40.108.183.180.902.800;17.019.838.447.608.900;9,37;64
2017-09-22 06:00:21+00:00;3.259.816.308.616.120;15.063.101.970.864.400;13,15;64
2017-09-22 07:00:21+00:00;3.135.083.639.819.470;10.766.112.380.622.100;6,29;100
2017-09-22 08:00:21+00:00;3.520.182.495.165.070;9.643.228.549.742.570;1,06;16
2017-09-22 09:00:21+00:00;49.053.254.856.461.100;15.092.398.770.280.300;15,83;93
2017-09-22 10:00:21+00:00;4.391.155.164.177.230;14.982.116.486.389.300;14,00;100
2017-09-22 11:00:21+00:00;10.706.511.040.249.800;12.027.849.961.134.600;9,62;71
2017-09-22 12:00:21+00:00;665.512.720.320.751;1.412.504.582.498.930;12,50;100
2017-09-22 13:00:21+00:00;5.039.803.284.678.870;12.422.597.683.339.900;0,84;92
2017-09-22 14:00:21+00:00;29.693.205.094.176.000;12.328.630.101.989.400;11,09;100
2017-09-22 15:00:21+00:00;3.699.054.002.220.220;10.047.927.751.511.900;6,45;38
2017-09-22 16:00:21+00:00;3.409.582.930.209.910;1.363.370.718.353.110;14,67;100
2017-09-22 17:00:21+00:00;22.764.971.283.840.300;1.227.110.861.459.210;7,85;100
2017-09-22 18:00:21+00:00;30.336.063.264.785.900;14.443.011.971.385.100;8,28;18
2017-09-22 19:00:21+00:00;2.437.436.679.670.230;9.271.464.953.861.880;7,09;10
2017-09-22 20:00:21+00:00;4.674.079.448.966.980;14.985.271.042.909.600;0,13;100
2017-09-22 21:00:21+00:00;14.810.847.571.965.900;12.275.007.442.029.700;14,46;90
2017-09-22 22:00:21+00:00;28.270.958.650.530.300;10.937.427.909.188.000;7,30;82
2017-09-22 23:00:21+00:00;23.326.302.329.103.300;12.457.833.321.807.700;10,09;21
2017-09-23 00:00:21+00:00;5.979.563.131.370.790;9.647.753.297.274.930;7,72;8
2017-09-23 01:00:21+00:00;4.599.913.733.789.590;12.819.282.341.956.400;0,81;89
2017-09-23 02:00:21+00:00;4.185.965.667.600.020;1.382.394.737.304.040;9,06;100
2017-09-23 03:00:21+00:00;4.954.599.852.757.680;13.701.386.354.510.300;7,19;100
2017-09-23 04:00:21+00:00;3.565.159.302.738.740;14.640.958.001.064.400;14,77;100
2017-09-23 05:00:21+00:00;3.417.739.187.066.270;12.147.887.825.168.000;8,13;100
2017-09-23 06:00:21+00:00;331.748.351.283.312;15.415.862.112.650.700;8,16;44
2017-09-23 07:00:21+00:00;29.309.429.346.447.700;14.170.810.921.540.200;10,56;100
2017-09-23 08:00:21+00:00;4.364.877.644.536.560;15.504.565.264.136.200;14,84;72
2017-09-23 09:00:21+00:00;4.622.695.983.230.440;1.755.013.295.609.750;15,07;100
2017-09-23 10:00:21+00:00;4.577.685.414.419.970;976.172.049.580.086;8,83;80
2017-09-23 11:00:21+00:00;30.232.458.257.485.600;12.596.803.372.119.100;13,32;100
2017-09-23 12:00:21+00:00;29.066.103.544.633.900;11.674.369.287.003.300;11,42;100
2017-09-23 13:00:21+00:00;62.099.690.112.206.000;18.712.543.386.864.100;9,74;100
2017-09-23 14:00:21+00:00;30.326.875.280.693.200;14.974.133.500.644.000;1,10;100
2017-09-23 15:00:21+00:00;5.324.945.325.499.980;1.422.174.392.052.890;12,25;100
2017-09-23 16:00:21+00:00;29.359.998.042.476.500;16.426.569.816.880.800;13,52;68
2017-09-23 17:00:21+00:00;3.083.439.642.582.860;13.555.220.698.180.500;11,96;78
2017-09-23 18:00:21+00:00;4.065.062.230.145.090;14.657.226.763.702.600;17,09;100
2017-09-23 19:00:21+00:00;55.567.151.170.537.800;12.418.675.866.902.100;8,00;78
2017-09-23 20:00:21+00:00;41.829.912.060.027.700;1.021.482.816.749.850;36,73;82
2017-09-23 21:00:21+00:00;27.061.278.743.794.500;15.702.360.378.092.900;7,70;100
2017-09-23 22:00:21+00:00;6.724.387.635.825.820;1.119.651.138.728.300;10,80;100
2017-09-23 23:00:21+00:00;378.133.350.022.851;15.341.205.364.675.800;11,95;1
2017-09-24 00:00:21+00:00;31.518.232.934.535.600;1.615.401.880.670.560;9,95;38
2017-09-24 01:00:21+00:00;4.568.097.789.966.660;8.079.944.903.812.780;5,99;80
2017-09-24 02:00:21+00:00;21.251.549.027.368.600;16.059.849.590.971.200;11,89;10
2017-09-24 03:00:21+00:00;45.684.915.649.506.500;14.142.679.871.086.700;10,61;100
2017-09-24 04:00:21+00:00;23.158.315.954.160.400;111.723.367.274.951;0,51;46
2017-09-24 05:00:21+00:00;45.687.870.765.854.600;9.304.316.047.585.500;8,63;7
2017-09-24 06:00:21+00:00;5.601.392.466.394.410;13.353.248.633.776.800;12,12;78
2017-09-24 07:00:21+00:00;24.447.136.543.251.500;13.091.805.140.920.300;10,73;100
2017-09-24 08:00:21+00:00;36.052.555.537.207.900;1.617.441.177.145.100;0,13;29
2017-09-24 09:00:21+00:00;40.030.404.388.843.900;13.682.142.090.502.300;11,30;12
2017-09-24 10:00:21+00:00;4.881.905.056.154.910;10.886.284.592.710.100;8,81;100
2017-09-24 11:00:21+00:00;4.367.198.371.342.950;975.564.710.612.391;4,25;100
2017-09-24 12:00:21+00:00;3.653.174.744.421.370;13.880.343.568.096.800;9,43;70
2017-09-24 13:00:21+00:00;5.289.434.772.514.970;13.535.361.813.383.900;11,26;64
2017-09-24 14:00:21+00:00;3.716.679.822.243.560;16.728.460.798.434.600;11,91;40
2017-09-24 15:00:21+00:00;27.646.235.782.035.600;12.331.830.354.645.000;1,16;94
2017-09-24 16:00:21+00:00;21.115.290.038.152.600;14.540.806.810.385.000;8,93;44
2017-09-24 17:00:21+00:00;50.841.632.513.014.600;13.202.959.756.059.400;15,26;100
2017-09-24 18:00:21+00:00;5.687.160.906.880.710;6.969.116.802.399.770;9,72;43
2017-09-24 19:00:21+00:00;3.708.856.389.694.710;15.262.234.274.430.100;11,64;100
2017-09-24 20:00:21+00:00;1.712.231.650.448.300;12.491.342.349.823.800;7,00;67
2017-09-24 21:00:21+00:00;27.914.519.496.524.500;15.124.126.585.897.100;11,03;100
2017-09-24 22:00:21+00:00;5.261.021.937.460.450;13.935.665.652.574.300;13,58;65
2017-09-24 23:00:21+00:00;43.546.954.534.026.300;11.126.272.010.615.600;0,82;100
2017-09-25 00:00:21+00:00;165.493.749.993.332;13.102.382.921.217.400;11,27;90
2017-09-25 01:00:21+00:00;42.019.603.561.991.800;13.448.978.539.375.300;10,86;100
2017-09-25 02:00:21+00:00;34.726.687.405.686.500;13.971.500.561.343.000;1,23;100
2017-09-25 03:00:21+00:00;4.639.211.744.296.110;14.768.002.666.865.300;12,82;48
2017-09-25 04:00:21+00:00;29.920.927.730.509.600;1.359.910.492.098.860;10,29;74
2017-09-25 05:00:21+00:00;50.864.153.486.145.700;17.761.457.764.692.800;17,12;94
2017-09-25 06:00:21+00:00;31.562.938.537.157.000;15.564.257.502.422.000;13,47;87
2017-09-25 07:00:21+00:00;-32.638.994.924.895.400;1.594.137.675.885.580;15,12;12
2017-09-25 08:00:21+00:00;2.680.990.444.454.750;1.552.637.088.201.980;11,93;63
2017-09-25 09:00:21+00:00;38.699.042.565.269.000;13.710.474.374.424.000;1,06;45
2017-09-25 10:00:21+00:00;3.658.176.679.637.860;15.300.580.116.120.900;17,60;100
2017-09-25 11:00:21+00:00;2.815.015.296.563.280;16.554.742.961.176.600;13,17;99
2017-09-25 12:00:21+00:00;15.515.469.602.394.200;13.830.807.829.575.100;13,57;47
2017-09-25 13:00:21+00:00;49.275.045.625.903.100;1.607.425.247.779.520;9,95;37
2017-09-25 14:00:21+00:00;5.768.194.538.690.500;10.365.792.406.929.600;0,09;100
2017-09-25 15:00:21+00:00;22.382.724.049.663.300;1.619.132.341.041.070;12,14;100
2017-09-25 16:00:21+00:00;4.744.929.799.585.370;11.654.731.451.621.100;12,40;49
2017-09-25 17:00:21+00:00;4.477.904.520.197.190;10.360.545.231.585.000;0,69;76
2017-09-25 18:00:21+00:00;1.982.500.878.207.280;12.847.971.864.405.900;9,42;7
2017-09-25 19:00:21+00:00;4.012.690.471.353.750;14.028.184.631.081.200;12,38;100
2017-09-25 20:00:21+00:00;7.163.752.673.907.530;14.337.182.033.312.200;9,37;82
2017-09-25 21:00:21+00:00;1.736.641.688.124.010;16.655.858.208.947.700;13,58;56
2017-09-25 22:00:21+00:00;53.387.588.612.639.100;12.173.243.474.385.800;8,53;8
2017-09-25 23:00:21+00:00;3.344.558.673.469.770;17.513.510.938.294.300;1,43;40
2017-09-26 00:00:21+00:00;30.390.249.260.185.000;1.751.867.747.234.390;13,83;100
2017-09-26 01:00:21+00:00;5.160.998.117.497.750;140.724.537.532.367;1,49;100
2017-09-26 02:00:21+00:00;2.838.448.451.879.120;11.517.496.421.427.100;10,14;100
2017-09-26 03:00:21+00:00;3.428.429.934.370.860;19.567.877.049.528.500;13,04;94
2017-09-26 04:00:21+00:00;3.221.170.419.281.190;17.709.688.775.897.900;12,33;52
2017-09-26 05:00:21+00:00;2.290.095.041.904.920;13.987.134.398.560.700;10,32;80
2017-09-26 06:00:21+00:00;5.274.613.587.670.770;1.022.026.248.708.200;50,00;45
2017-09-26 07:00:21+00:00;41.021.461.935.434.200;15.030.453.417.730.700;14,86;73
2017-09-26 08:00:21+00:00;6.517.430.165.187.660;1.209.391.057.314.950;8,56;100
2017-09-26 09:00:21+00:00;3.665.600.913.679.010;15.645.448.306.485.900;12,44;100
2017-09-26 10:00:21+00:00;3.394.781.466.176.480;1.408.185.798.434.330;12,47;64
2017-09-26 11:00:21+00:00;3.286.457.266.103.950;9.653.015.778.157.590;1,33;13
2017-09-26 12:00:21+00:00;3.306.600.117.171.520;1.066.243.394.295.780;8,24;16
2017-09-26 13:00:21+00:00;55.739.996.947.998.100;11.675.999.902.401.500;12,66;100
2017-09-26 14:00:21+00:00;2.675.132.973.632.310;1.750.596.654.253.190;13,14;100
2017-09-26 15:00:21+00:00;4.202.797.514.242.890;11.948.307.349.459.400;11,51;100
2017-09-26 16:00:21+00:00;3.332.284.379.346.090;800.885.326.368.347;4,73;25
2017-09-26 17:00:21+00:00;19.141.387.343.576.200;13.036.005.588.305.400;12,03;97
2017-09-26 18:00:21+00:00;3.997.402.642.516.110;12.891.019.537.686.200;9,57;91
2017-09-26 19:00:21+00:00;14.229.291.319.798.500;1.738.202.527.680.870;15,73;29
2017-09-26 20:00:21+00:00;37.246.956.039.640.300;17.199.474.834.283.500;1,54;100
2017-09-26 21:00:21+00:00;30.998.429.049.358.400;10.349.960.206.665.200;9,53;11
2017-09-26 22:00:21+00:00;30.169.191.011.352.400;14.479.525.781.180.000;12,44;73
2017-09-26 23:00:21+00:00;331.752.605.095.837;15.445.894.513.062.900;1,14;84
2017-09-27 00:00:21+00:00;3.596.376.275.523.220;13.231.154.468.257.800;12,03;100
2017-09-27 01:00:21+00:00;32.762.100.668.274.100;139.522.489.216.431;7,96;100
2017-09-27 02:00:21+00:00;41.193.462.438.296.500;16.207.314.853.270.900;1,81;57
2017-09-27 03:00:21+00:00;3.536.204.006.746.390;14.235.274.031.704.100;12,68;65
2017-09-27 04:00:21+00:00;7.077.260.713.279.980;1.515.168.981.304.260;13,21;81
2017-09-27 05:00:21+00:00;20.104.188.503.105.300;16.938.251.384.663.600;14,50;47
2017-09-27 06:00:21+00:00;21.594.391.014.911.200;1.244.167.567.362.440;8,47;15
2017-09-27 07:00:21+00:00;2.985.241.812.464.840;15.456.508.192.428.200;11,17;100
2017-09-27 08:00:21+00:00;24.928.412.265.742.400;12.446.890.438.648.800;10,44;100
2017-09-27 09:00:21+00:00;4.985.697.123.686.750;16.129.515.612.586.400;11,93;100
2017-09-27 10:00:21+00:00;5.853.382.254.052.150;12.017.546.531.445.800;7,24;83
2017-09-27 11:00:21+00:00;30.001.810.519.255.800;14.579.231.355.098.600;11,50;51
2017-09-27 12:00:21+00:00;4.236.303.968.363.850;12.972.113.790.372.900;11,08;100
2017-09-27 13:00:21+00:00;4.022.787.765.175.160;14.949.232.254.132.400;1,19;69
2017-09-27 14:00:21+00:00;30.548.562.691.436.800;11.475.592.345.798.500;11,29;100
2017-09-27 15:00:21+00:00;4.372.661.149.613.170;12.851.708.572.277.900;10,61;100
2017-09-27 16:00:21+00:00;4.621.922.577.147.330;13.397.375.409.559.200;13,89;80
2017-09-27 17:00:21+00:00;15.255.439.891.664.700;1.091.826.208.837.620;1,33;100
2017-09-27 18:00:21+00:00;2.104.769.155.273.740;12.050.961.034.854.600;9,38;100
2017-09-27 19:00:21+00:00;33.410.401.190.147.600;9.547.270.863.857.000;5,41;100
2017-09-27 20:00:21+00:00;3.108.598.169.588.400;1.444.010.598.555.070;9,26;100
2017-09-27 21:00:21+00:00;35.782.671.465.072.300;1.545.185.219.194.500;1,23;13
2017-09-27 22:00:21+00:00;2.515.110.895.906;1.014.949.787.446.880;9,72;75
2017-09-27 23:00:21+00:00;2.338.907.039.578.770;10.683.866.097.973.500;7,85;100
2017-09-28 00:00:21+00:00;3.186.422.562.275.300;11.198.955.999.459.000;9,01;71
2017-09-28 01:00:21+00:00;21.858.379.625.813.000;10.435.842.558.244.500;7,31;55
2017-09-28 02:00:21+00:00;5.046.186.193.279.350;14.493.928.641.360.000;10,96;9
2017-09-28 03:00:21+00:00;4.953.580.726.752.460;11.846.679.745.757.200;9,70;92
2017-09-28 04:00:21+00:00;431.204.432.978.223;14.132.065.732.598.400;13,26;87
2017-09-28 05:00:21+00:00;49.324.254.370.415.900;117.115.653.780.759;1,12;48
2017-09-28 06:00:21+00:00;30.401.451.367.576.100;126.992.854.644.581;5,69;14
2017-09-28 07:00:21+00:00;28.936.281.825.495.600;1.604.450.204.869.040;14,19;100
2017-09-28 08:00:21+00:00;4.181.717.691.476.120;1.072.178.871.608.760;9,87;48
2017-09-28 09:00:21+00:00;4.602.255.272.531.820;12.161.992.808.229.200;9,55;72
2017-09-28 10:00:21+00:00;3.977.370.412.117.000;14.538.344.450.526.300;10,96;41
2017-09-28 11:00:21+00:00;3.960.943.718.933.340;1.275.233.313.518.890;1,14;100
2017-09-28 12:00:21+00:00;3.986.151.516.324.110;13.982.759.445.300.200;11,45;4
2017-09-28 13:00:21+00:00;4.800.056.824.760.330;13.529.287.027.028.200;1,04;90
2017-09-28 14:00:21+00:00;5.097.025.702.756.060;9.869.673.612.540.420;12,24;100
2017-09-28 15:00:21+00:00;31.207.497.058.672.400;1.691.931.030.677.090;14,56;4
2017-09-28 16:00:21+00:00;4.366.894.430.716.240;1.328.408.003.528.250;9,56;72
2017-09-28 17:00:21+00:00;6.912.431.517.942.490;17.394.064.968.285.200;1,54;82
2017-09-28 18:00:21+00:00;14.010.147.963.509.300;14.345.266.952.463.300;12,35;45
2017-09-28 19:00:21+00:00;29.787.943.572.828.300;1.671.935.155.178.880;14,14;100
2017-09-28 20:00:21+00:00;26.415.900.320.470.000;1.600.516.143.747.790;14,54;100
2017-09-28 21:00:21+00:00;5.678.650.347.068.960;16.506.395.620.736.800;1,23;100
2017-09-28 22:00:21+00:00;31.984.557.572.621.600;12.984.587.465.050.400;1,09;53
2017-09-28 23:00:21+00:00;3.857.503.726.668.100;1.786.070.398.321.860;1,26;69
2017-09-29 00:00:21+00:00;3.870.999.280.007.380;1.237.998.999.725.380;11,51;100
2017-09-29 01:00:21+00:00;17.223.851.590.096.000;1.440.497.236.700.130;11,56;34
2017-09-29 02:00:21+00:00;384.279.842.587.537;15.619.068.506.332.700;10,87;98
2017-09-29 03:00:21+00:00;3.290.148.647.162.620;2.122.108.346.360.680;16,88;100
2017-09-29 04:00:21+00:00;54.512.761.226.611.600;16.179.001.062.026.000;13,41;98
2017-09-29 05:00:21+00:00;2.898.418.125.282.430;12.248.778.349.387.300;1,16;53
2017-09-29 06:00:21+00:00;43.254.897.314.060.600;14.178.546.868.618.100;13,78;14
2017-09-29 07:00:21+00:00;4.427.861.131.934.760;10.258.873.853.663.100;10,07;82
2017-09-29 08:00:21+00:00;23.312.893.166.182.400;1.709.116.866.240.680;14,75;100
2017-09-29 09:00:21+00:00;8.574.329.797.231.230;593.936.715.759.271;6,23;7
2017-09-29 10:00:21+00:00;36.184.827.777.738.000;13.106.623.600.271.000;9,96;19
2017-09-29 11:00:21+00:00;4.938.333.518.178.980;1.885.193.658.571.110;12,90;78
2017-09-29 12:00:21+00:00;3.878.793.086.635.860;153.683.412.133.824;10,96;100
2017-09-29 13:00:21+00:00;46.773.722.294.366.800;1.471.329.981.194.090;11,87;100
2017-09-29 14:00:21+00:00;28.612.484.819.154.700;10.633.696.738.662.900;8,10;51
2017-09-29 15:00:21+00:00;4.411.689.282.853.080;1.675.374.898.829.450;12,91;9
2017-09-29 16:00:21+00:00;13.404.352.654.940.700;11.306.655.520.184.700;0,96;79
2017-09-29 17:00:21+00:00;43.832.339.773.624.900;11.326.737.269.876.800;11,05;40
2017-09-29 18:00:21+00:00;13.045.346.092.812.000;16.749.497.084.865.200;13,96;100
2017-09-29 19:00:21+00:00;4.411.735.036.440.980;11.226.027.137.088.200;8,01;13
2017-09-29 20:00:21+00:00;29.819.758.964.335.600;9.974.618.574.741.470;5,55;100
2017-09-29 21:00:21+00:00;47.328.146.097.963.100;11.186.250.822.530.600;8,64;100
2017-09-29 22:00:21+00:00;348.685.769.249.043;13.984.026.232.066.800;0,07;100
2017-09-29 23:00:21+00:00;5.009.259.341.485.910;12.306.059.879.871.000;0,01;85
2017-09-30 00:00:21+00:00;3.935.956.571.561.580;1.793.246.995.108.200;14,54;15
2017-09-30 01:00:21+00:00;3.666.141.520.643.490;13.608.036.055.519.300;14,43;100
2017-09-30 02:00:21+00:00;51.920.282.669.744.800;10.516.336.953.520.500;11,09;6
2017-09-30 03:00:21+00:00;4.309.521.354.640.960;89.932.318.928.122;0,83;1
2017-09-30 04:00:21+00:00;5.692.243.116.478.800;15.709.665.249.437.800;11,57;100
2017-09-30 05:00:21+00:00;34.839.937.357.840.500;14.253.491.332.139.400;10,66;100
2017-09-30 06:00:21+00:00;3.227.967.037.704.280;15.001.025.727.637.900;1,51;100
2017-09-30 07:00:21+00:00;24.480.530.965.423.000;12.489.308.735.318.400;10,96;100
2017-09-30 08:00:21+00:00;28.285.398.093.930.200;1.389.916.845.029.820;8,49;90
2017-09-30 09:00:21+00:00;3.134.878.953.390.510;1.641.363.250.386.030;12,46;100
2017-09-30 10:00:21+00:00;26.711.928.183.094.100;1.353.849.414.467.890;13,65;79
2017-09-30 11:00:21+00:00;4.484.043.388.996.350;10.741.686.837.455.700;10,80;45
2017-09-30 12:00:21+00:00;1.878.734.434.449.220;1.527.856.424.947.970;13,04;100
2017-09-30 13:00:21+00:00;24.813.885.818.551.300;1.267.849.994.124.370;1,29;80
2017-09-30 14:00:21+00:00;7.335.969.814.691.310;15.869.108.698.623.300;10,21;48
2017-09-30 15:00:21+00:00;26.700.149.654.315.800;13.586.870.153.036.900;9,68;76
2017-09-30 16:00:21+00:00;5.029.235.519.629.440;15.615.879.174.386.200;12,28;100
2017-09-30 17:00:21+00:00;28.477.033.341.414.100;14.755.129.684.864.000;10,80;50
2017-09-30 18:00:21+00:00;23.559.546.795.186.600;16.674.124.593.878.900;1,48;100
2017-09-30 19:00:21+00:00;25.082.941.684.800.700;15.859.111.075.174.600;14,29;58
2017-09-30 20:00:21+00:00;41.303.839.173.153.500;10.359.552.708.485.100;9,30;12
2017-09-30 21:00:21+00:00;53.716.287.456.912.200;8.979.561.881.919.100;5,14;88
2017-09-30 22:00:21+00:00;4.681.042.521.376.100;13.338.380.947.235.500;14,21;100
2017-09-30 23:00:21+00:00;18.041.881.049.333.700;14.985.121.290.656.200;12,67;100
2017-10-01 00:00:21+00:00;5.408.905.828.486.590;11.765.366.968.418.800;6,23;100
2017-10-01 01:00:21+00:00;4.813.761.889.829.250;14.606.261.007.443.300;9,28;11
2017-10-01 02:00:21+00:00;4.119.708.733.009.540;14.504.041.136.644.700;10,08;100
2017-10-01 03:00:21+00:00;211.426.944.104.018;13.348.007.997.826.600;13,98;45
2017-10-01 04:00:21+00:00;2.461.225.833.375.590;11.985.404.914.944.400;0,78;100
2017-10-01 05:00:21+00:00;26.731.465.397.488.100;11.052.026.526.440.900;50,00;96
2017-10-01 06:00:21+00:00;26.292.968.276.850.400;19.539.658.344.576.300;17,82;6
2017-10-01 07:00:21+00:00;40.075.270.289.470.200;838.010.341.555.586;8,49;69
2017-10-01 08:00:21+00:00;18.541.271.512.159.600;1.051.958.823.638.600;0,73;86
2017-10-01 09:00:21+00:00;16.618.422.513.315.400;1.983.390.536.029.500;16,88;100
2017-10-01 10:00:21+00:00;3.361.772.944.884.250;1.101.892.467.836.450;8,31;100
2017-10-01 11:00:21+00:00;4.870.789.112.184.440;12.160.083.586.763.100;10,97;86
2017-10-01 12:00:21+00:00;309.769.931.470.643;15.174.963.939.484.800;11,53;96
2017-10-01 13:00:21+00:00;3.748.153.932.641.160;1.469.217.211.616.430;1,28;40
2017-10-01 14:00:21+00:00;4.918.130.071.799.930;1.459.996.282.205.320;11,73;59
2017-10-01 15:00:21+00:00;239.124.818.979.555;1.715.297.978.146.910;1,25;91
2017-10-01 16:00:21+00:00;235.791.394.196.914;11.200.808.459.216.800;10,82;85
2017-10-01 17:00:21+00:00;21.245.892.592.451.500;13.949.529.295.226.100;11,30;74
2017-10-01 18:00:21+00:00;3.205.559.177.822.230;13.394.803.587.229.400;12,68;9
2017-10-01 19:00:21+00:00;28.073.599.167.908.700;11.392.511.295.233.300;10,14;69
2017-10-01 20:00:21+00:00;5.670.695.601.079.870;13.776.780.494.424.900;10,94;42
2017-10-01 21:00:21+00:00;3.812.386.874.622.300;14.884.486.090.777.300;14,26;44
2017-10-01 22:00:21+00:00;4.360.958.476.513.660;14.944.031.481.769.700;1,25;100
2017-10-01 23:00:21+00:00;23.586.124.835.243.400;1.611.957.311.277.800;13,83;100
2017-10-02 00:00:21+00:00;3.496.544.503.816.940;1.342.800.317.933.160;10,15;99
2017-10-02 01:00:21+00:00;3.260.272.678.639.080;11.081.156.289.558.600;7,95;40
2017-10-02 02:00:21+00:00;3.934.262.998.489.390;10.167.239.938.244.100;8,51;100
2017-10-02 03:00:21+00:00;408.890.231.875.532;12.405.671.057.884.200;8,14;84
2017-10-02 04:00:21+00:00;3.234.225.542.801.970;10.243.456.501.411.500;8,50;100
2017-10-02 05:00:21+00:00;33.579.954.480.040.700;11.800.870.700.572.700;9,85;84
2017-10-02 06:00:21+00:00;5.114.082.180.105.250;10.657.933.747.977.600;0,65;100
2017-10-02 07:00:21+00:00;2.446.640.270.244.800;11.936.463.670.234.400;1,21;100
2017-10-02 08:00:21+00:00;43.039.986.466.857.600;17.851.791.634.298.800;17,19;100
2017-10-02 09:00:21+00:00;3.939.367.895.476.300;13.225.834.234.986.200;1,33;100
2017-10-02 10:00:21+00:00;4.360.748.509.331.240;17.339.509.426.210.500;13,53;90
2017-10-02 11:00:21+00:00;3.115.671.098.432.720;14.538.371.377.084.600;11,99;74
2017-10-02 12:00:21+00:00;4.937.564.180.455.540;1.201.504.505.247.620;8,93;100
2017-10-02 13:00:21+00:00;2.752.206.301.792.750;13.225.954.088.616.600;12,07;98
2017-10-02 14:00:21+00:00;4.356.504.357.909.010;9.520.448.248.841.100;7,28;58
2017-10-02 15:00:21+00:00;4.224.218.869.874.690;12.721.812.438.431.200;10,62;100
2017-10-02 16:00:21+00:00;3.882.876.104.555.180;10.344.929.840.643.000;9,02;19
2017-10-02 17:00:21+00:00;4.810.050.857.926.250;14.977.188.613.407.700;9,80;100
2017-10-02 18:00:21+00:00;501.111.272.856.542;12.470.009.334.765.600;9,92;100
2017-10-02 19:00:21+00:00;4.459.878.674.961.950;12.788.498.211.017.900;1,21;100
2017-10-02 20:00:21+00:00;58.680.187.760.056.400;1.251.114.697.708.580;17,67;72
2017-10-02 21:00:21+00:00;29.559.013.289.767.700;157.046.171.367.917;9,04;100
2017-10-02 22:00:21+00:00;32.998.810.655.848.400;11.366.294.296.037.400;7,83;100
2017-10-02 23:00:21+00:00;40.138.452.887.033.500;112.061.628.883.774;7,77;73
2017-10-03 00:00:21+00:00;3.298.039.858.224.630;14.356.229.291.561.000;9,01;10
2017-10-03 01:00:21+00:00;2.983.731.899.419.030;1.616.055.363.907.640;1,69;100
2017-10-03 02:00:21+00:00;16.483.607.392.844.500;14.328.771.061.178.100;11,39;90
2017-10-03 03:00:21+00:00;433.913.882.883.478;1.883.047.546.431.980;14,74;100
2017-10-03 04:00:21+00:00;3.507.551.719.349.380;11.258.532.120.667.200;10,27;92
2017-10-03 05:00:21+00:00;36.931.777.790.792.100;826.891.175.702.114;0,55;100
2017-10-03 06:00:21+00:00;2.206.025.102.940.540;14.707.116.544.807.800;13,24;55
2017-10-03 07:00:21+00:00;3.069.937.308.827.080;13.153.194.796.861.600;9,37;100
2017-10-03 08:00:21+00:00;3.812.698.645.163.150;14.669.108.783.184.600;1,45;100
2017-10-03 09:00:21+00:00;1.930.967.334.650.500;15.602.678.656.783.800;12,76;79
2017-10-03 10:00:21+00:00;34.888.745.734.495.100;982.450.145.551.444;1,06;100
2017-10-03 11:00:21+00:00;30.272.577.745.125.500;12.829.523.436.047.800;1,15;87
2017-10-03 12:00:21+00:00;3.366.275.751.464.050;14.946.883.001.781.400;7,29;55
2017-10-03 13:00:21+00:00;3.300.602.331.576.390;14.144.897.512.611.300;8,89;100
2017-10-03 14:00:21+00:00;1.850.784.266.692.520;13.098.080.279.271.900;13,78;62
2017-10-03 15:00:21+00:00;4.569.497.308.393.710;1.531.610.260.348.280;11,63;100
2017-10-03 16:00:21+00:00;30.591.646.482.816.000;15.942.984.724.683.900;9,22;3
2017-10-03 17:00:21+00:00;4.028.479.538.295.570;8.548.820.081.853.020;5,86;100
2017-10-03 18:00:21+00:00;4.732.854.637.510.840;1.734.799.101.022.770;13,18;5
2017-10-03 19:00:21+00:00;356.672.020.924.141;10.558.520.705.470.700;11,01;12
2017-10-03 20:00:21+00:00;1.735.004.153.913.100;14.969.644.419.346.800;10,33;100
2017-10-03 21:00:21+00:00;459.688.052.120.202;12.723.023.020.551.300;9,97;100
2017-10-03 22:00:21+00:00;13.697.942.162.078.100;16.569.593.023.813.600;15,47;53
2017-10-03 23:00:21+00:00;30.547.073.560.844.100;152.744.096.069.422;11,30;100
2017-10-04 00:00:21+00:00;4.953.606.471.590.320;14.954.810.656.238.400;10,29;53
2017-10-04 01:00:21+00:00;3.391.849.698.026.790;14.063.630.330.567.500;1,20;100
2017-10-04 02:00:21+00:00;3.634.495.386.749.770;12.221.517.861.988.600;11,37;43
2017-10-04 03:00:21+00:00;5.227.268.623.375.760;11.123.077.931.584.700;0,88;10
2017-10-04 04:00:21+00:00;1.746.362.133.342.970;10.169.744.772.661.800;9,41;100
2017-10-04 05:00:21+00:00;3.678.883.322.650.920;1.200.712.152.906.500;8,56;95
2017-10-04 06:00:21+00:00;34.749.560.757.451.400;15.737.945.460.991.700;8,66;58
2017-10-04 07:00:21+00:00;2.666.917.919.519.240;1.109.436.455.646.710;10,64;13
2017-10-04 08:00:21+00:00;26.416.680.580.474.000;16.458.206.664.667.200;11,16;100
2017-10-04 09:00:21+00:00;4.938.268.723.427.620;11.036.419.516.816.700;7,63;7
2017-10-04 10:00:21+00:00;11.941.432.239.922.800;13.126.260.536.078.400;10,97;1
2017-10-04 11:00:21+00:00;3.275.393.849.003.970;14.619.458.666.765.200;13,64;44
2017-10-04 12:00:21+00:00;25.548.952.642.750.200;16.015.507.201.351.200;12,66;75
2017-10-04 13:00:21+00:00;3.836.376.067.047.590;12.635.700.698.642.400;9,11;100
2017-10-04 14:00:21+00:00;28.338.784.863.487.500;14.692.604.633.726.500;14,73;80
2017-10-04 15:00:21+00:00;3.757.854.295.315.500;14.040.782.642.194.300;10,62;23
2017-10-04 16:00:21+00:00;350.594.932.019.509;12.919.100.157.169.900;0,98;86
2017-10-04 17:00:21+00:00;3.700.869.545.300.990;1.100.517.461.538.550;5,66;98
2017-10-04 18:00:21+00:00;3.376.741.307.895.260;14.592.642.197.518.200;11,91;65
2017-10-04 19:00:21+00:00;3.674.971.813.770.420;13.592.671.556.830.400;1,38;76
2017-10-04 20:00:21+00:00;3.850.411.430.858.850;12.749.847.806.978.100;0,73;100
2017-10-04 21:00:21+00:00;3.625.824.178.796.560;13.803.525.296.569.500;9,63;67
2017-10-04 22:00:21+00:00;3.257.033.217.767.170;14.910.723.260.973.600;1,19;93
2017-10-04 23:00:21+00:00;50.100.839.725.637.200;944.962.660.671.416;8,64;95
2017-10-05 00:00:21+00:00;2.418.860.540.667.080;1.219.983.556.727.150;1,04;100
2017-10-05 01:00:21+00:00;6.420.065.380.877.690;11.161.659.304.111.000;9,01;42
2017-10-05 02:00:21+00:00;25.215.364.131.608.700;11.345.215.349.422.700;7,75;70
2017-10-05 03:00:21+00:00;3.014.521.903.375.420;11.611.160.643.158.400;12,02;100
2017-10-05 04:00:21+00:00;11.127.987.122.564.800;1.618.986.900.831.210;8,73;14
2017-10-05 05:00:21+00:00;31.358.700.806.858.300;14.333.534.083.639.500;13,74;100
2017-10-05 06:00:21+00:00;4.789.274.135.553.240;10.856.507.853.749.800;12,74;100
2017-10-05 07:00:21+00:00;23.083.462.394.599.000;1.397.589.297.408.010;12,66;72
2017-10-05 08:00:21+00:00;52.615.630.643.235.100;14.563.955.971.914.000;10,47;100
2017-10-05 09:00:21+00:00;3.366.117.762.522.470;12.654.859.355.026.300;10,70;100
2017-10-05 10:00:21+00:00;18.736.013.421.375.000;10.401.969.896.088.100;6,00;87
2017-10-05 11:00:21+00:00;2.594.406.555.065.980;10.884.059.388.817.900;6,80;100
2017-10-05 12:00:21+00:00;4.310.199.388.801.780;9.676.976.421.568.910;0,88;100
2017-10-05 13:00:21+00:00;26.664.473.851.392.300;18.716.656.315.537;16,14;100
2017-10-05 14:00:21+00:00;57.814.942.685.533.800;9.331.255.074.285.180;0,82;62
2017-10-05 15:00:21+00:00;27.896.249.346.375.000;10.482.311.288.875.700;6,00;100
2017-10-05 16:00:21+00:00;34.146.391.863.481.600;13.468.095.277.904.200;1,55;51
2017-10-05 17:00:21+00:00;2.921.147.579.085.090;9.091.738.943.966.180;8,42;100
2017-10-05 18:00:21+00:00;48.424.317.859.251.000;10.713.647.824.005.400;8,34;100
2017-10-05 19:00:21+00:00;1.633.502.225.083.430;13.803.898.347.085.600;1,12;17
2017-10-05 20:00:21+00:00;8.983.936.225.937.190;1.401.804.903.269.100;9,99;100
2017-10-05 21:00:21+00:00;28.271.089.170.407.000;1.451.906.934.004.750;9,89;100
2017-10-05 22:00:21+00:00;32.093.245.295.589.000;15.260.780.415.313.300;1,72;65
2017-10-05 23:00:21+00:00;13.917.773.042.129.100;13.427.235.468.620.700;9,05;93
2017-10-06 00:00:21+00:00;4.171.546.391.906.180;11.853.844.056.653.400;8,16;1
2017-10-06 01:00:21+00:00;4.416.216.902.427.750;1.463.473.968.760.800;11,05;11
2017-10-06 02:00:21+00:00;2.968.239.468.420.910;16.898.496.314.856.600;1,21;100
2017-10-06 03:00:21+00:00;26.233.916.197.477.900;15.023.497.217.735.000;1,20;84
2017-10-06 04:00:21+00:00;5.510.077.432.475.940;1.142.955.627.877.030;8,29;100
2017-10-06 05:00:21+00:00;20.725.312.168.313.100;1.501.506.325.117.150;11,76;14
2017-10-06 06:00:21+00:00;418.064.737.628.268;14.881.737.529.286.100;11,26;76
2017-10-06 07:00:21+00:00;30.644.731.791.326.700;1.052.383.555.868.980;7,95;63
2017-10-06 08:00:21+00:00;38.121.651.390.549.100;12.959.690.641.030.900;7,29;100
2017-10-06 09:00:21+00:00;45.096.321.182.194.200;14.899.718.012.691.700;11,30;28
2017-10-06 10:00:21+00:00;3.851.611.375.693.140;16.342.104.982.130.300;12,83;73
2017-10-06 11:00:21+00:00;13.016.068.165.228.900;11.956.462.203.260.500;0,90;100
2017-10-06 12:00:21+00:00;4.865.567.228.123.820;9.989.669.150.483.350;7,47;51
2017-10-06 13:00:21+00:00;10.527.976.670.939.600;14.758.955.309.972.400;13,65;68
2017-10-06 14:00:21+00:00;44.278.070.761.342.600;12.923.053.826.746.300;9,32;10
2017-10-06 15:00:21+00:00;41.098.781.565.227.100;14.106.513.394.156.200;13,31;100
2017-10-06 16:00:21+00:00;31.730.939.127.307.700;13.986.694.570.754.300;15,21;7
2017-10-06 17:00:21+00:00;413.341.898.710.443;13.885.384.915.851.900;9,81;100
2017-10-06 18:00:21+00:00;21.703.414.785.551.100;12.521.714.615.788.700;10,77;62
2017-10-06 19:00:21+00:00;1.761.229.207.782.180;15.724.481.164.664.200;13,06;100
2017-10-06 20:00:21+00:00;4.344.817.732.526.100;1.146.568.792.231.010;9,28;100
2017-10-06 21:00:21+00:00;3.102.982.377.597.240;14.168.708.382.969.300;8,10;78
2017-10-06 22:00:21+00:00;54.281.635.402.055.800;14.471.654.047.186.200;13,35;83
2017-10-06 23:00:21+00:00;31.106.180.005.228.500;13.050.705.058.970.100;9,69;100
2017-10-07 00:00:21+00:00;2.169.947.245.209.010;15.449.531.237.653.300;14,69;57
2017-10-07 01:00:21+00:00;6.979.664.277.310.540;12.396.628.212.103.500;0,99;100
2017-10-07 02:00:21+00:00;15.112.906.126.133.000;19.097.250.522.577.000;17,55;43
2017-10-07 03:00:21+00:00;3.724.452.117.993.940;14.099.073.256.505.300;1,23;68
2017-10-07 04:00:21+00:00;3.572.840.520.341.360;16.529.273.720.852.000;14,75;83
2017-10-07 05:00:21+00:00;4.382.157.510.579.700;1.567.952.730.168.590;13,80;8
2017-10-07 06:00:21+00:00;2.986.257.464.235.390;1.697.865.086.375.570;13,31;100
2017-10-07 07:00:21+00:00;31.970.392.775.008.900;13.738.763.578.579.500;10,27;100
2017-10-07 08:00:21+00:00;3.255.310.165.367.810;16.259.554.107.408.800;13,91;54
2017-10-07 09:00:21+00:00;5.717.726.505.742.660;1.705.738.781.770.720;15,04;68
2017-10-07 10:00:21+00:00;4.634.711.982.296.830;14.223.769.608.684.900;11,37;92
2017-10-07 11:00:21+00:00;25.315.610.643.594.100;11.830.324.391.431.100;11,02;12
2017-10-07 12:00:21+00:00;2.701.924.137.794.220;1.796.415.042.019.510;12,89;3
2017-10-07 13:00:21+00:00;33.858.185.342.795.600;13.571.195.886.053.400;1,14;92
2017-10-07 14:00:21+00:00;2.402.132.231.803.510;13.715.716.258.791.900;13,26;100
2017-10-07 15:00:21+00:00;14.735.796.742.913.600;1.418.092.907.376.390;11,85;100
2017-10-07 16:00:21+00:00;2.760.842.884.421.580;11.624.931.897.314.200;0,91;12
2017-10-07 17:00:21+00:00;235.700.613.385.655;14.350.256.416.415.000;13,30;10
2017-10-07 18:00:21+00:00;55.382.846.454.413.700;14.369.888.412.576.500;1,46;100
2017-10-07 19:00:21+00:00;3.664.457.521.539.220;1.350.059.721.350.410;11,99;50
2017-10-07 20:00:21+00:00;1.644.261.738.311.470;13.363.532.084.088.400;0,75;5
2017-10-07 21:00:21+00:00;3.182.879.326.663.270;12.986.025.372.374.900;8,85;100
2017-10-07 22:00:21+00:00;41.534.890.482.778.500;12.602.890.453.542.800;12,12;100
2017-10-07 23:00:21+00:00;4.421.884.984.497.350;1.528.780.007.441.560;11,28;100
2017-10-08 00:00:21+00:00;3.781.343.576.792.940;14.229.468.019.160.200;1,16;100
2017-10-08 01:00:21+00:00;41.401.534.398.537.700;1.578.423.415.729.250;1,16;86
2017-10-08 02:00:21+00:00;34.271.437.369.809.200;12.259.946.078.371.900;11,55;60
2017-10-08 03:00:21+00:00;32.702.460.426.934.400;16.261.164.017.050.300;14,07;100
2017-10-08 04:00:21+00:00;7.681.887.390.999.230;15.687.744.853.419.700;11,28;12
2017-10-08 05:00:21+00:00;28.093.676.796.893.900;12.935.753.051.276.400;12,07;68
2017-10-08 06:00:21+00:00;20.094.477.316.897.200;11.908.663.912.708.300;11,36;86
2017-10-08 07:00:21+00:00;2.937.791.877.416.860;14.967.886.359.947.200;13,18;89
2017-10-08 08:00:21+00:00;3.570.579.856.627.730;9.677.356.107.318.530;8,23;96
2017-10-08 09:00:21+00:00;15.921.694.591.847.200;12.518.182.063.933.100;1,74;100
2017-10-08 10:00:21+00:00;4.170.227.237.100.910;14.193.419.750.142.400;8,53;100
2017-10-08 11:00:21+00:00;27.900.715.166.025.200;13.161.606.181.650.600;9,96;26
2017-10-08 12:00:21+00:00;7.006.510.497.297.310;10.926.290.466.140.700;0,88;100
2017-10-08 13:00:21+00:00;3.520.376.869.547.340;13.744.367.353.418.600;13,54;49
2017-10-08 14:00:21+00:00;26.135.023.652.908.500;11.101.934.173.450.200;8,37;66
2017-10-08 15:00:21+00:00;4.827.485.371.541.490;14.157.671.016.879.300;13,63;100
2017-10-08 16:00:21+00:00;23.011.600.968.860.700;12.575.448.669.590.200;8,94;75
2017-10-08 17:00:21+00:00;28.765.906.978.988.700;13.189.180.488.883.300;11,50;83
2017-10-08 18:00:21+00:00;4.076.602.472.600.550;11.530.703.216.852.400;11,00;57
2017-10-08 19:00:21+00:00;30.083.544.878.286.600;15.402.290.999.320.700;11,13;100
2017-10-08 20:00:21+00:00;23.613.316.951.936.900;1.317.072.834.110.220;12,12;100
2017-10-08 21:00:21+00:00;2.414.986.479.288.400;11.734.642.278.587.000;12,30;8
2017-10-08 22:00:21+00:00;5.102.435.592.494.690;13.232.165.498.924.100;1,04;100
2017-10-08 23:00:21+00:00;27.032.161.741.632.200;17.733.822.411.005.600;0,12;64
2017-10-09 00:00:21+00:00;1.985.490.908.028.990;14.337.326.690.751.800;10,90;95
2017-10-09 01:00:21+00:00;31.288.751.625.977.100;1.613.517.952.231.350;1,28;86
2017-10-09 02:00:21+00:00;35.252.670.348.781.900;9.615.097.884.466.460;9,67;95
2017-10-09 03:00:21+00:00;43.097.489.164.268.500;1.304.625.687.700.030;8,70;9
2017-10-09 04:00:21+00:00;2.009.853.048.668.310;11.099.221.801.288.700;10,22;100
2017-10-09 05:00:21+00:00;5.779.856.358.156.310;12.265.104.024.968.200;10,99;100
2017-10-09 06:00:21+00:00;29.370.688.838.764.900;11.665.390.813.117.200;10,34;10
2017-10-09 07:00:21+00:00;56.395.355.251.373.300;16.653.194.522.920.100;15,79;53
2017-10-09 08:00:21+00:00;3.745.650.324.079.490;15.264.376.970.063.400;12,80;63
2017-10-09 09:00:21+00:00;4.354.477.716.800.100;11.692.468.122.049.300;8,29;100
2017-10-09 10:00:21+00:00;46.575.734.556.413.600;12.397.768.935.973.700;9,85;71
2017-10-09 11:00:21+00:00;29.902.470.660.210.000;14.405.388.592.447.700;1,17;100
2017-10-09 12:00:21+00:00;1.733.851.128.846.540;15.685.739.600.282.400;11,60;65
2017-10-09 13:00:21+00:00;4.372.084.363.920.610;16.050.569.196.109.100;9,97;55
2017-10-09 14:00:21+00:00;62.693.341.811.255.400;1.506.590.182.144.320;12,32;51
2017-10-09 15:00:21+00:00;3.393.219.189.044.670;17.926.224.888.860.800;14,86;100
2017-10-09 16:00:21+00:00;3.586.666.220.698.080;14.560.441.893.844.200;11,57;67
2017-10-09 17:00:21+00:00;4.024.891.525.883.340;12.445.729.235.909.500;10,06;72
2017-10-09 18:00:21+00:00;17.667.163.966.532.900;11.548.352.814.127.700;7,45;100
2017-10-09 19:00:21+00:00;5.165.346.484.467.020;10.906.080.186.653.300;39,34;59
2017-10-09 20:00:21+00:00;20.847.240.812.612.900;10.590.155.778.354.100;0,80;14
2017-10-09 21:00:21+00:00;54.033.462.101.322.300;15.161.801.391.710.500;9,46;100
2017-10-09 22:00:21+00:00;3.735.345.878.192.800;1.738.448.813.446.470;14,64;100
2017-10-09 23:00:21+00:00;5.182.435.164.483.450;13.779.181.137.386.000;8,89;100
2017-10-10 00:00:21+00:00;10.955.926.717.927.900;17.960.034.679.175.000;0,14;100
2017-10-10 01:00:21+00:00;4.676.971.436.483.850;13.591.845.787.292.600;10,28;64
2017-10-10 02:00:21+00:00;37.383.512.886.789.200;14.997.431.175.285.600;10,52;35
2017-10-10 03:00:21+00:00;3.389.339.407.456.120;9.686.344.728.075.570;0,10;12
2017-10-10 04:00:21+00:00;49.435.223.206.759;15.495.585.276.751.700;10,12;100
2017-10-10 05:00:21+00:00;4.612.387.861.341.780;11.979.375.313.203.300;48,75;100
2017-10-10 06:00:21+00:00;3.702.376.090.259.660;15.540.148.114.789.700;1,00;70
2017-10-10 07:00:21+00:00;6.617.213.761.223.690;1.663.795.711.797.790;16,37;6
2017-10-10 08:00:21+00:00;31.159.022.172.255.200;14.264.546.308.118.700;10,87;100
2017-10-10 09:00:21+00:00;46.728.067.773.873.200;14.576.145.513.341.900;1,38;8
2017-10-10 10:00:21+00:00;27.429.087.386.869.400;13.812.568.132.118.200;11,02;72
2017-10-10 11:00:21+00:00;3.881.899.624.210.360;15.076.783.607.548.800;14,47;66
2017-10-10 12:00:21+00:00;420.664.179.140.227;18.069.302.038.302.100;12,81;90
2017-10-10 13:00:21+00:00;5.163.650.645.467.120;13.552.960.298.406.400;11,41;61
2017-10-10 14:00:21+00:00;38.234.153.839.908.000;13.924.972.049.886.600;12,73;13
2017-10-10 15:00:21+00:00;2.549.221.797.380.460;9.210.419.696.670.780;4,84;100
2017-10-10 16:00:21+00:00;50.974.447.079.808.000;1.454.901.895.268.030;0,96;78
2017-10-10 17:00:21+00:00;3.323.668.185.655.170;1.163.004.656.140.330;8,80;81
2017-10-10 18:00:21+00:00;42.335.107.307.361.200;13.045.121.093.243.100;11,39;70
2017-10-10 19:00:21+00:00;26.912.132.989.830.600;14.683.223.353.239.200;10,16;97
2017-10-10 20:00:21+00:00;20.504.999.576.958.300;960.450.795.769.129;9,96;100
2017-10-10 21:00:21+00:00;1.912.432.278.128.060;146.546.777.985.475;13,63;100
2017-10-10 22:00:21+00:00;5.349.203.273.734.360;14.134.351.916.656.400;0,11;67
2017-10-10 23:00:21+00:00;3.436.537.478.036.220;15.231.073.124.466.600;13,08;42
2017-10-11 00:00:21+00:00;4.547.205.002.553.900;11.976.051.421.022.400;11,04;100
2017-10-11 01:00:21+00:00;6.085.523.155.958.050;16.224.215.924.872.300;14,68;91
2017-10-11 02:00:21+00:00;4.723.478.375.273.470;14.264.769.399.454.700;12,42;72
2017-10-11 03:00:21+00:00;6.053.928.743.747.190;1.180.164.922.702.870;8,28;100
2017-10-11 04:00:21+00:00;23.428.566.644.419.600;1.020.274.400.286.600;4,87;100
2017-10-11 05:00:21+00:00;3.613.833.779.335.000;12.211.480.693.192.600;10,09;52
2017-10-11 06:00:21+00:00;23.341.629.370.200.800;15.637.521.700.871.000;15,01;18
2017-10-11 07:00:21+00:00;2.147.344.641.343.030;14.605.905.593.370.600;14,35;13
2017-10-11 08:00:21+00:00;2.985.979.636.833.390;831.956.368.788.158;7,29;9
2017-10-11 09:00:21+00:00;2.632.719.432.974.500;12.717.178.456.815.200;9,26;56
2017-10-11 10:00:21+00:00;27.925.485.059.164.200;13.829.219.936.034.100;12,91;100
2017-10-11 11:00:21+00:00;3.482.356.755.783.630;1.815.750.323.802.760;12,33;100
2017-10-11 12:00:21+00:00;38.440.683.419.468.700;1.664.934.023.571.020;12,09;50
2017-10-11 13:00:21+00:00;482.026.757.232.798;13.091.872.723.270.100;7,61;100
2017-10-11 14:00:21+00:00;4.260.795.306.127.840;13.964.576.443.641.300;13,17;8
2017-10-11 15:00:21+00:00;618.829.485.395.153;10.219.209.410.661.300;0,49;73
2017-10-11 16:00:21+00:00;6.513.064.424.844.390;7.152.533.225.419.990;6,54;88
2017-10-11 17:00:21+00:00;29.628.639.221.479.900;12.562.109.269.127.100;14,70;97
2017-10-11 18:00:21+00:00;3.782.395.115.642.730;1.595.871.808.320.430;13,57;64
2017-10-11 19:00:21+00:00;3.563.979.085.294.030;13.964.251.283.414.400;0,92;100
2017-10-11 20:00:21+00:00;23.256.837.463.174.700;11.707.894.047.301.900;8,53;100
2017-10-11 21:00:21+00:00;46.397.663.467.822.900;15.738.706.303.882.000;9,57;67
2017-10-11 22:00:21+00:00;4.438.119.351.167.070;17.875.874.045.919.700;1,25;37
2017-10-11 23:00:21+00:00;46.009.027.716.222.300;9.912.667.907.920.870;6,50;87
2017-10-12 00:00:21+00:00;476.063.911.135.495;13.397.545.050.707.500;9,05;44
2017-10-12 01:00:21+00:00;28.113.462.063.491.000;12.232.517.423.967.600;10,06;33
2017-10-12 02:00:21+00:00;5.228.971.801.920.460;13.632.698.683.957.800;5,34;100
2017-10-12 03:00:21+00:00;5.212.653.027.990.490;12.418.484.141.174.600;7,45;92
2017-10-12 04:00:21+00:00;5.351.013.818.662.550;20.298.179.321.975.900;0,02;81
2017-10-12 05:00:21+00:00;301.034.076.107.889;13.235.357.197.365.800;14,79;75
2017-10-12 06:00:21+00:00;4.165.405.521.661.090;14.253.404.966.598.500;12,26;52
2017-10-12 07:00:21+00:00;7.207.164.898.406.090;13.931.837.011.167.300;9,47;100
2017-10-12 08:00:21+00:00;4.014.426.202.999.310;10.484.925.392.550.300;10,09;83
2017-10-12 09:00:21+00:00;3.970.455.996.546.740;14.018.828.582.100.500;13,40;42
2017-10-12 10:00:21+00:00;3.374.660.794.721.460;9.953.883.886.191.370;6,46;100
2017-10-12 11:00:21+00:00;32.824.620.564.815.500;17.899.764.342.769.900;1,26;9
2017-10-12 12:00:21+00:00;5.440.507.597.311.840;15.716.425.853.941.900;1,58;100
2017-10-12 13:00:21+00:00;3.754.577.953.579.340;12.125.730.319.032.000;7,54;100
2017-10-12 14:00:21+00:00;5.484.540.638.693.470;1.312.014.999.477.590;14,00;100
2017-10-12 15:00:21+00:00;31.847.543.831.232.300;16.014.728.461.983.200;13,94;66
2017-10-12 16:00:21+00:00;4.061.911.802.662.390;1.418.691.560.458.110;1,39;88
2017-10-12 17:00:21+00:00;14.087.779.007.953.800;9.518.350.474.446.850;0,10;74
2017-10-12 18:00:21+00:00;2.807.263.020.761.710;13.933.316.081.331.900;13,24;8
2017-10-12 19:00:21+00:00;30.628.736.465.212.200;1.615.837.970.284.290;10,64;35
2017-10-12 20:00:21+00:00;37.258.852.765.768.100;7.863.230.517.999.080;7,74;54
2017-10-12 21:00:21+00:00;3.407.364.100.813.620;13.859.808.676.506.200;1,36;95
2017-10-12 22:00:21+00:00;3.444.331.636.667.280;11.497.867.247.345.600;0,87;100
2017-10-12 23:00:21+00:00;5.040.130.804.433.770;16.600.018.053.677.700;9,30;95
2017-10-13 00:00:21+00:00;30.253.202.245.953.500;12.426.236.839.695.400;7,32;100
2017-10-13 01:00:21+00:00;4.445.340.691.723.880;12.177.024.330.245.000;6,59;17
2017-10-13 02:00:21+00:00;35.333.022.211.751.400;15.533.150.274.099.900;11,66;14
2017-10-13 03:00:21+00:00;32.480.501.183.392.400;1.134.763.881.863.490;6,28;58
2017-10-13 04:00:21+00:00;62.897.126.691.723.000;13.728.514.533.948.000;9,73;17
2017-10-13 05:00:21+00:00;43.266.698.818.734;14.207.092.431.283.900;1,54;100
2017-10-13 06:00:21+00:00;3.423.080.483.761.380;1.305.446.650.103.220;12,13;100
2017-10-13 07:00:21+00:00;44.843.857.224.342.200;10.361.963.452.382.600;9,52;100
2017-10-13 08:00:21+00:00;4.392.657.637.393.520;11.410.492.416.316.800;1,14;54
2017-10-13 09:00:21+00:00;3.453.709.763.435.240;13.208.138.862.283.400;0,80;100
2017-10-13 10:00:21+00:00;24.878.936.927.931.400;892.991.747.199.093;5,26;100
2017-10-13 11:00:21+00:00;306.151.887.587.975;13.732.425.501.825.600;11,19;11
2017-10-13 12:00:21+00:00;-3.686.346.503.203.270;12.886.332.750.237.500;8,97;100
2017-10-13 13:00:21+00:00;2.704.633.955.884.940;14.913.393.764.043.700;11,19;92
2017-10-13 14:00:21+00:00;43.353.719.577.110.400;1.510.090.626.593.580;13,32;100
2017-10-13 15:00:21+00:00;4.044.957.942.632.530;10.801.888.185.859.600;10,53;100
2017-10-13 16:00:21+00:00;3.265.175.760.467.530;12.265.041.755.107.000;10,89;100
2017-10-13 17:00:21+00:00;4.259.110.102.894.820;11.274.200.555.780.200;11,32;7
2017-10-13 18:00:21+00:00;48.425.802.422.778.400;1.224.797.613.445.950;4,47;60
2017-10-13 19:00:21+00:00;3.746.068.691.947.100;12.913.798.365.042.700;1,44;67
2017-10-13 20:00:21+00:00;3.116.781.591.083.230;1.624.154.195.888.410;1,46;7
2017-10-13 21:00:21+00:00;331.541.406.007.127;12.079.305.106.826.500;8,95;7
2017-10-13 22:00:21+00:00;23.366.935.242.303.900;15.676.013.519.185.100;9,59;100
2017-10-13 23:00:21+00:00;4.567.286.183.576.030;14.156.501.478.859.200;10,97;4
2017-10-14 00:00:21+00:00;6.079.325.782.716.750;1.688.731.305.920.560;11,92;100
2017-10-14 01:00:21+00:00;19.764.577.305.071.700;12.667.729.277.882.600;12,56;14
2017-10-14 02:00:21+00:00;29.421.680.045.544.900;1.155.160.306.025.420;10,60;72
2017-10-14 03:00:21+00:00;3.938.669.559.831.950;13.874.466.466.828.500;9,81;100
2017-10-14 04:00:21+00:00;3.321.091.624.956.530;9.626.032.162.301.290;0,05;92
2017-10-14 05:00:21+00:00;4.344.511.380.276.410;139.075.289.087.039;1,06;100
2017-10-14 06:00:21+00:00;2.396.481.308.579.510;14.897.613.134.328.400;13,93;100
2017-10-14 07:00:21+00:00;807.870.151.980.913;16.189.957.485.973.400;14,04;12
2017-10-14 08:00:21+00:00;471.964.225.924.643;14.510.254.893.772.900;8,80;100
2017-10-14 09:00:21+00:00;4.553.859.846.764.510;13.178.426.079.768.900;9,49;63
2017-10-14 10:00:21+00:00;4.464.113.431.079.330;18.234.172.979.575.100;1,65;84
2017-10-14 11:00:21+00:00;60.673.460.222.900.200;13.502.407.817.360.900;10,54;100
2017-10-14 12:00:21+00:00;30.461.676.245.770.400;10.956.884.309.571.200;0,87;75
2017-10-14 13:00:21+00:00;5.931.479.356.882.260;1.344.153.809.366.500;1,45;96
2017-10-14 14:00:21+00:00;5.632.057.350.430.930;10.263.845.237.725.300;6,08;100
2017-10-14 15:00:21+00:00;32.978.068.831.948.700;1.053.176.475.398.780;10,67;71
2017-10-14 16:00:21+00:00;2.042.639.279.183.780;1.411.132.188.677.660;10,44;53
2017-10-14 17:00:21+00:00;2.431.507.147.292.010;1.030.844.329.434.890;7,51;92
2017-10-14 18:00:21+00:00;4.490.395.359.687.340;12.029.085.692.720.600;9,99;100
2017-10-14 19:00:21+00:00;23.229.438.408.032.700;10.690.022.949.167.200;9,19;100
2017-10-14 20:00:21+00:00;3.838.416.210.197.410;13.865.424.292.597.000;12,32;8
2017-10-14 21:00:21+00:00;3.347.061.254.720.430;11.798.139.818.213.000;9,12;40
2017-10-14 22:00:21+00:00;38.364.888.175.856.700;1.481.600.204.507.590;1,32;80
2017-10-14 23:00:21+00:00;4.684.648.629.518.600;14.620.038.905.426.300;1,20;100
2017-10-15 00:00:21+00:00;42.016.094.664.702.600;10.360.651.839.127.800;7,19;10
2017-10-15 01:00:21+00:00;457.942.901.004.777;15.759.112.408.865.200;1,01;8
2017-10-15 02:00:21+00:00;6.031.219.307.479.560;13.108.851.583.744.200;11,75;100
2017-10-15 03:00:21+00:00;12.233.874.650.531.700;10.554.390.156.780.400;9,05;100
2017-10-15 04:00:21+00:00;3.874.492.725.504.560;14.429.781.219.876;1,02;100
2017-10-15 05:00:21+00:00;3.329.513.618.784.150;17.796.580.411.576.900;11,40;85
2017-10-15 06:00:21+00:00;3.589.054.560.886.010;13.048.552.900.864.700;9,27;100
2017-10-15 07:00:21+00:00;109.245.630.487.462;9.526.574.007.795.660;3,71;70
2017-10-15 08:00:21+00:00;3.743.227.836.219.350;15.763.894.471.538.100;14,56;100
2017-10-15 09:00:21+00:00;2.756.298.402.826.030;1.734.710.850.925.700;0,14;100
2017-10-15 10:00:21+00:00;4.561.171.344.410.690;10.904.385.985.821.300;9,25;100
2017-10-15 11:00:21+00:00;6.918.890.590.208.800;1.159.464.670.111.010;8,47;100
2017-10-15 12:00:21+00:00;2.144.495.207.333.030;13.611.098.074.304.100;14,43;100
2017-10-15 13:00:21+00:00;4.209.731.518.853.220;883.313.322.961.311;8,47;86
2017-10-15 14:00:21+00:00;1.064.781.145.667.760;18.575.330.778.185.400;14,12;100
2017-10-15 15:00:21+00:00;3.749.880.109.789.090;13.401.840.708.273.400;10,04;79
2017-10-15 16:00:21+00:00;4.766.248.329.344.710;13.625.187.292.068.800;9,65;87
2017-10-15 17:00:21+00:00;413.974.004.726.138;14.392.106.185.444.000;11,22;78
2017-10-15 18:00:21+00:00;5.324.243.195.389.680;1.289.843.329.248.380;11,09;100
2017-10-15 19:00:21+00:00;4.461.943.657.892.750;12.274.781.492.208.900;10,52;9
2017-10-15 20:00:21+00:00;1.412.829.320.999.680;11.241.085.259.595.200;8,45;70
2017-10-15 21:00:21+00:00;6.074.181.408.200.240;10.666.656.395.552.700;1,14;99
2017-10-15 22:00:21+00:00;162.109.412.103.811;1.451.124.763.943.110;0,76;90
2017-10-15 23:00:21+00:00;5.788.626.858.906.010;1.680.659.332.010.940;12,27;100
2017-10-16 00:00:21+00:00;4.332.080.251.868.930;15.829.707.881.822.200;14,04;100
2017-10-16 01:00:21+00:00;40.508.136.984.277.200;12.823.671.096.359.700;13,07;97
2017-10-16 02:00:21+00:00;5.779.319.313.600.780;13.057.862.191.851.600;10,84;100
2017-10-16 03:00:21+00:00;4.144.642.230.179.610;17.451.103.477.946.800;16,96;11
2017-10-16 04:00:21+00:00;4.880.679.989.172.150;11.587.377.814.957.400;12,69;100
2017-10-16 05:00:21+00:00;3.965.716.043.350.220;9.477.223.741.537.930;6,87;100
2017-10-16 06:00:21+00:00;27.305.183.714.629.000;14.135.177.622.474.100;9,62;100
2017-10-16 07:00:21+00:00;2.138.073.662.653.990;15.593.299.103.837.600;10,75;100
2017-10-16 08:00:21+00:00;6.494.343.106.101.080;7.489.030.625.258.290;31,38;16
2017-10-16 09:00:21+00:00;5.467.939.310.457.560;14.491.298.988.803.700;9,14;88
2017-10-16 10:00:21+00:00;35.050.334.664.126.100;107.876.747.303.426;6,74;11
2017-10-16 11:00:21+00:00;29.004.259.164.329.200;10.083.646.511.317.800;5,73;35
2017-10-16 12:00:21+00:00;5.639.213.057.504.480;12.823.520.135.208.800;12,31;100
2017-10-16 13:00:21+00:00;4.879.981.553.515.680;10.723.407.312.124.500;7,69;84
2017-10-16 14:00:21+00:00;511.203.213.565.751;9.230.957.073.453.700;4,61;10
2017-10-16 15:00:21+00:00;5.240.526.234.462.050;13.787.692.438.561.800;10,25;85
2017-10-16 16:00:21+00:00;5.101.392.218.615.840;13.417.559.113.623.600;11,23;100
2017-10-16 17:00:21+00:00;6.233.062.247.558.990;9.357.178.807.326.660;6,96;49
2017-10-16 18:00:21+00:00;47.801.747.530.550.500;10.111.714.267.743.700;7,66;66
2017-10-16 19:00:21+00:00;18.233.774.920.324.200;1.465.315.668.052.350;8,07;74
2017-10-16 20:00:21+00:00;30.757.481.706.523.100;14.807.234.059.551.300;13,67;100
2017-10-16 21:00:21+00:00;4.458.420.020.971.830;7.105.419.010.069.410;4,98;100
2017-10-16 22:00:21+00:00;4.109.883.046.621.470;1.045.966.913.123.080;5,77;100
2017-10-16 23:00:21+00:00;4.600.090.302.495.670;1.332.459.786.094.030;0,10;17
2017-10-17 00:00:21+00:00;3.570.147.990.273.530;14.551.626.064.307.700;10,65;100
2017-10-17 01:00:21+00:00;1.662.293.274.484.060;14.521.721.816.855.700;11,86;83
2017-10-17 02:00:21+00:00;38.785.173.737.893.700;1.498.790.115.298.040;17,10;100
2017-10-17 03:00:21+00:00;13.210.042.806.605.700;11.777.382.373.685.700;0,79;100
2017-10-17 04:00:21+00:00;13.622.105.151.037.800;13.956.637.367.595.800;12,66;99
2017-10-17 05:00:21+00:00;42.755.638.060.232.800;12.569.551.267.276.300;9,40;38
2017-10-17 06:00:21+00:00;24.263.555.210.365.700;12.165.345.218.618.300;0,90;11
2017-10-17 07:00:21+00:00;3.160.242.989.450.240;985.798.281.460.681;10,40;100
2017-10-17 08:00:21+00:00;4.164.004.884.161.120;1.424.645.875.398.540;11,76;100
2017-10-17 09:00:21+00:00;30.132.710.033.255.700;9.523.985.848.796.050;10,84;78
2017-10-17 10:00:21+00:00;4.200.280.803.792.160;10.685.364.345.145.700;8,45;32
2017-10-17 11:00:21+00:00;50.230.896.855.118.000;15.190.517.963.314.000;14,88;15
2017-10-17 12:00:21+00:00;24.962.043.753.129.300;13.122.529.459.877.000;9,83;100
2017-10-17 13:00:21+00:00;27.408.687.118.167.800;1.607.611.527.057.350;11,49;100
2017-10-17 14:00:21+00:00;44.010.529.589.367.500;12.708.745.195.817.700;1,10;0
2017-10-17 15:00:21+00:00;30.527.156.209.457.400;12.177.418.286.083.900;0,10;100
2017-10-17 16:00:21+00:00;424.916.280.742.914;16.307.701.964.656.300;10,37;33
2017-10-17 17:00:21+00:00;4.253.256.783.208.250;1.255.411.997.918.060;10,44;5
2017-10-17 18:00:21+00:00;31.073.419.950.253.800;14.207.397.757.881.000;9,84;52
2017-10-17 19:00:21+00:00;5.270.041.722.880.430;13.131.240.533.425.800;12,14;38
2017-10-17 20:00:21+00:00;20.096.282.225.507.600;1.381.670.613.824.370;9,73;67
2017-10-17 21:00:21+00:00;43.586.940.269.798.400;12.987.937.457.929.900;9,66;94
2017-10-17 22:00:21+00:00;7.645.245.387.074.440;15.654.995.748.661.500;10,47;100
2017-10-17 23:00:21+00:00;3.668.631.352.515.470;13.690.275.901.040.000;12,96;71
2017-10-18 00:00:21+00:00;3.665.238.093.926.220;12.719.156.228.823.100;1,10;58
2017-10-18 01:00:21+00:00;19.892.540.806.834.300;14.141.386.976.977.200;1,59;21
2017-10-18 02:00:21+00:00;56.684.537.649.363.900;9.769.635.289.814.680;10,34;100
2017-10-18 03:00:21+00:00;20.550.913.695.915.200;15.981.860.514.358.700;11,90;100
2017-10-18 04:00:21+00:00;326.987.438.738.772;9.870.201.412.965.270;4,79;100
2017-10-18 05:00:21+00:00;51.299.797.349.317.100;1.191.479.872.897.440;0,83;85
2017-10-18 06:00:21+00:00;3.888.359.849.509.550;12.427.228.856.821.800;9,63;40
2017-10-18 07:00:21+00:00;30.363.674.333.023.700;14.129.905.482.244.800;7,70;100
2017-10-18 08:00:21+00:00;2.632.281.272.883.070;1.745.588.371.440.510;12,27;100
2017-10-18 09:00:21+00:00;3.482.513.078.074.090;1.602.694.804.916.050;14,85;95
2017-10-18 10:00:21+00:00;3.200.210.598.900.170;9.953.303.188.381.290;6,24;100
2017-10-18 11:00:21+00:00;3.789.725.756.457.850;11.375.952.913.003.700;7,35;85
2017-10-18 12:00:21+00:00;2.864.106.671.878.510;10.129.832.124.194.100;9,14;75
2017-10-18 13:00:21+00:00;48.160.237.330.527.400;10.371.376.150.508.300;7,21;7
2017-10-18 14:00:21+00:00;28.043.629.093.530.100;12.093.464.455.054.000;9,70;77
2017-10-18 15:00:21+00:00;15.214.574.677.810.900;1.670.255.341.298.540;14,15;37
2017-10-18 16:00:21+00:00;7.183.186.470.890.910;12.929.075.935.006.500;9,11;13
2017-10-18 17:00:21+00:00;4.848.243.869.486.290;13.244.026.143.950.900;12,14;96
2017-10-18 18:00:21+00:00;26.724.921.449.154.000;14.080.360.574.357.900;12,65;100
2017-10-18 19:00:21+00:00;251.554.476.202.156;11.245.741.907.048.700;9,65;100
2017-10-18 20:00:21+00:00;44.417.088.159.811.800;13.353.321.733.788.400;13,71;87
2017-10-18 21:00:21+00:00;2.705.332.348.565.800;14.123.817.931.800.300;13,06;100
2017-10-18 22:00:21+00:00;4.646.209.497.735.360;19.491.013.810.729.700;15,05;100
2017-10-18 23:00:21+00:00;4.129.606.375.687.880;15.766.562.276.317.600;11,09;100
2017-10-19 00:00:21+00:00;37.671.446.610.134.500;1.751.829.601.498.450;14,32;88
2017-10-19 01:00:21+00:00;37.952.982.709.207.600;13.595.336.193.706.700;1,07;100
2017-10-19 02:00:21+00:00;53.735.551.449.595.500;1.480.712.648.408.210;11,73;7
2017-10-19 03:00:21+00:00;3.273.881.814.490.070;14.159.622.741.755.200;10,21;100
2017-10-19 04:00:21+00:00;3.909.452.856.197.580;9.185.819.271.383.930;7,43;100
2017-10-19 05:00:21+00:00;2.826.310.446.484.380;75.512.169.022.948.500;9,17;4
2017-10-19 06:00:21+00:00;4.438.673.498.217.970;107.962.337.280.705;10,01;100
2017-10-19 07:00:21+00:00;2.330.217.116.136.170;16.541.800.529.044.700;13,51;100
2017-10-19 08:00:21+00:00;51.559.083.217.929.100;1.256.657.358.322.270;12,53;100
2017-10-19 09:00:21+00:00;51.664.137.863.647.200;15.413.683.759.749.300;13,79;100
2017-10-19 10:00:21+00:00;13.035.818.285.064.700;16.690.198.189.395.900;12,70;80
2017-10-19 11:00:21+00:00;4.992.920.801.550.200;10.411.964.578.655.000;8,22;100
2017-10-19 12:00:21+00:00;18.236.272.326.677.100;17.105.671.381.661.600;15,49;9
2017-10-19 13:00:21+00:00;3.115.690.496.470.000;10.704.962.919.250.300;0,90;36
2017-10-19 14:00:21+00:00;35.468.186.990.541.700;13.024.399.334.599.300;11,27;11
2017-10-19 15:00:21+00:00;30.832.087.824.339.000;10.905.479.157.197.300;6,22;100
2017-10-19 16:00:21+00:00;3.076.937.444.291.940;14.100.174.003.951.600;10,23;14
2017-10-19 17:00:21+00:00;4.607.075.314.872.230;13.132.404.043.990.000;10,39;58
2017-10-19 18:00:21+00:00;484.744.518.039.645;1.545.871.036.990.810;1,46;100
2017-10-19 19:00:21+00:00;331.247.529.313.292;15.950.338.193.104.300;1,65;100
2017-10-19 20:00:21+00:00;33.989.441.318.663.600;17.358.679.568.438.700;12,09;75
2017-10-19 21:00:21+00:00;42.900.158.814.085.100;15.348.893.782.670.900;11,04;73
2017-10-19 22:00:21+00:00;2.129.810.566.986.770;15.501.875.167.382.300;13,30;38
2017-10-19 23:00:21+00:00;36.476.381.215.941.600;12.437.758.254.043.300;1,42;100
2017-10-20 00:00:21+00:00;328.686.789.652.324;13.093.309.074.573.100;8,48;100
2017-10-20 01:00:21+00:00;38.860.079.719.150.700;14.286.764.114.242.200;7,50;100
2017-10-20 02:00:21+00:00;2.183.873.538.478.910;10.514.795.673.250.200;8,74;43
2017-10-20 03:00:21+00:00;3.913.333.267.968.020;1.625.020.133.397.730;10,30;52
2017-10-20 04:00:21+00:00;3.931.383.059.627.340;13.200.484.017.348.200;11,70;100
2017-10-20 05:00:21+00:00;6.068.853.295.732.560;13.996.516.800.730.100;12,76;81
2017-10-20 06:00:21+00:00;2.048.306.819.356.090;9.841.763.368.265.840;7,43;100
2017-10-20 07:00:21+00:00;6.551.948.737.667.770;12.642.713.820.357.700;9,21;80
2017-10-20 08:00:21+00:00;5.932.516.647.056.470;15.617.975.209.770.600;11,07;100
2017-10-20 09:00:21+00:00;5.156.466.281.502.360;14.542.794.168.420.000;11,76;100
2017-10-20 10:00:21+00:00;2.828.960.547.852.270;15.537.606.731.571.500;0,98;100
2017-10-20 11:00:21+00:00;4.847.165.195.417.550;12.706.674.060.794.100;9,24;100
2017-10-20 12:00:21+00:00;13.339.171.616.126.000;13.837.912.638.775.400;9,61;100
2017-10-20 13:00:21+00:00;960.097.440.489.705;13.273.343.591.162.200;1,12;90
2017-10-20 14:00:21+00:00;27.539.112.711.355.500;15.137.175.272.245.600;12,81;100
2017-10-20 15:00:21+00:00;2.286.318.408.758.420;14.157.859.111.743.400;14,15;9
2017-10-20 16:00:21+00:00;1.079.202.361.424.730;12.596.273.852.027.100;8,12;67
2017-10-20 17:00:21+00:00;587.652.735.040.688;7.314.061.350.589.480;5,16;66
2017-10-20 18:00:21+00:00;2.623.600.506.901.640;13.938.810.112.909.700;13,02;100
2017-10-20 19:00:21+00:00;4.313.463.039.074.930;9.454.162.745.930.220;8,51;100
2017-10-20 20:00:21+00:00;7.088.175.721.660.070;15.196.924.719.143.400;10,84;100
2017-10-20 21:00:21+00:00;3.331.386.350.272.590;1.554.341.695.014.040;9,79;1
2017-10-20 22:00:21+00:00;21.333.431.980.237.200;7.982.789.064.530.690;10,09;95
2017-10-20 23:00:21+00:00;5.914.403.729.227.870;14.251.739.670.177.400;0,82;43
2017-10-21 00:00:21+00:00;3.341.217.775.483.380;14.192.011.193.057.700;8,86;64
2017-10-21 01:00:21+00:00;4.604.718.358.159.880;14.437.507.807.565.900;11,92;12
2017-10-21 02:00:21+00:00;19.541.487.797.249.700;10.535.474.520.541.800;10,35;100
2017-10-21 03:00:21+00:00;3.889.001.389.137.090;14.681.954.126.689.700;1,00;100
2017-10-21 04:00:21+00:00;35.990.213.710.974.800;10.470.311.389.175.400;9,74;100
2017-10-21 05:00:21+00:00;30.189.641.574.359.900;15.199.449.193.735.400;10,14;100
2017-10-21 06:00:21+00:00;4.752.038.575.287.750;14.577.605.170.781.200;13,26;86
2017-10-21 07:00:21+00:00;2.725.865.819.089.280;12.724.592.336.384.900;11,81;44
2017-10-21 08:00:21+00:00;31.581.007.406.675.800;14.555.648.479.377.900;9,89;100
2017-10-21 09:00:21+00:00;3.780.839.581.654.780;11.227.683.497.317.800;10,74;63
2017-10-21 10:00:21+00:00;47.188.253.912.744.800;1.216.984.984.703.920;50,00;98
2017-10-21 11:00:21+00:00;3.125.536.706.473.150;16.348.993.905.732.200;0,08;100
2017-10-21 12:00:21+00:00;32.450.767.756.898.800;16.253.453.862.383.300;12,71;81
2017-10-21 13:00:21+00:00;3.450.193.781.664.480;10.862.381.512.428.900;9,46;43
2017-10-21 14:00:21+00:00;339.646.777.684.899;12.023.085.365.559.700;11,14;50
2017-10-21 15:00:21+00:00;19.237.963.002.056.100;12.177.503.479.036.000;1,19;85
2017-10-21 16:00:21+00:00;4.519.438.578.064.790;13.675.634.398.560.500;0,89;46
2017-10-21 17:00:21+00:00;4.625.257.813.753.650;13.199.748.160.072.300;1,05;77
2017-10-21 18:00:21+00:00;13.510.980.959.224.100;16.659.052.782.082.200;12,44;74
2017-10-21 19:00:21+00:00;28.283.628.267.948.300;17.246.414.418.203.600;13,77;61
2017-10-21 20:00:21+00:00;5.072.679.764.641.140;17.899.860.774.864.300;18,92;50
2017-10-21 21:00:21+00:00;3.481.686.357.647.050;18.763.952.791.914.800;14,63;92
2017-10-21 22:00:21+00:00;3.298.355.378.831.270;9.692.503.745.127.150;0,58;100
2017-10-21 23:00:21+00:00;2.148.032.286.329.180;13.066.640.018.290.500;0,99;34
2017-10-22 00:00:21+00:00;5.232.831.358.140.090;11.841.769.891.921.000;11,16;100
2017-10-22 01:00:21+00:00;27.456.353.045.624.600;1.134.693.215.773.520;10,05;55
2017-10-22 02:00:21+00:00;42.974.961.173.483.900;16.942.805.798.460.100;15,63;34
2017-10-22 03:00:21+00:00;5.972.349.643.456.990;14.545.852.272.345.600;0,02;67
2017-10-22 04:00:21+00:00;3.867.463.568.255.160;9.669.752.013.072.140;11,35;3
2017-10-22 05:00:21+00:00;5.123.286.779.753.870;19.817.024.241.419.600;1,42;95
2017-10-22 06:00:21+00:00;4.329.199.591.413.300;9.120.800.774.607.700;8,80;100
2017-10-22 07:00:21+00:00;48.822.471.399.148.600;12.666.519.568.999.900;6,64;20
2017-10-22 08:00:21+00:00;3.226.217.939.233.240;13.738.118.655.908.900;13,17;100
2017-10-22 09:00:21+00:00;25.398.624.514.059.100;1.078.012.094.206.330;50,00;100
2017-10-22 10:00:21+00:00;29.111.388.014.678.100;1.485.971.302.006.690;8,80;100
2017-10-22 11:00:21+00:00;31.616.331.034.464.100;12.026.691.808.943.900;9,24;90
2017-10-22 12:00:21+00:00;3.820.253.000.609.820;15.521.724.406.577.500;0,14;100
2017-10-22 13:00:21+00:00;442.907.181.911.474;14.492.960.353.928.400;9,72;61
2017-10-22 14:00:21+00:00;18.157.025.813.635.200;7.449.682.873.845.050;4,90;93
2017-10-22 15:00:21+00:00;3.912.047.601.970.380;9.763.991.349.268.890;6,14;98
2017-10-22 16:00:21+00:00;38.768.527.439.335.400;15.584.138.592.646.400;0,13;35
2017-10-22 17:00:21+00:00;358.340.260.437.156;14.505.437.574.251.100;13,45;66
2017-10-22 18:00:21+00:00;23.203.512.340.450.700;11.035.934.330.061.400;0,89;10
2017-10-22 19:00:21+00:00;41.484.034.468.060.400;1.190.135.846.864.310;8,28;95
2017-10-22 20:00:21+00:00;4.042.502.623.338.650;1.331.186.143.357.720;13,72;94
2017-10-22 21:00:21+00:00;48.100.773.935.990.400;8.612.046.468.384.980;8,93;75
2017-10-22 22:00:21+00:00;30.531.420.203.602.800;1.903.591.623.150.140;13,66;100
2017-10-22 23:00:21+00:00;4.036.685.488.949.670;11.146.596.472.993.000;7,13;100
2017-10-23 00:00:21+00:00;4.272.137.133.721.460;13.599.770.478.032.900;10,07;7
2017-10-23 01:00:21+00:00;34.541.836.673.790.400;175.782.482.321.038;1,60;100
2017-10-23 02:00:21+00:00;18.637.669.854.305.700;13.078.435.743.355.400;5,28;100
2017-10-23 03:00:21+00:00;6.248.634.441.118.930;1.430.630.785.086.820;14,06;66
2017-10-23 04:00:21+00:00;260.986.785.980.339;11.203.432.562.258.500;8,25;100
2017-10-23 05:00:21+00:00;14.271.853.982.041.900;12.194.868.022.893.200;7,31;54
2017-10-23 06:00:21+00:00;39.681.390.208.067.300;11.280.549.002.129.600;9,31;17
2017-10-23 07:00:21+00:00;21.254.683.718.956.200;1.662.966.178.460.170;13,87;67
2017-10-23 08:00:21+00:00;2.781.753.608.512.970;11.906.147.221.900.800;11,27;13
2017-10-23 09:00:21+00:00;58.934.827.363.878.300;11.722.204.076.005.600;11,67;100
2017-10-23 10:00:21+00:00;31.345.941.888.966.600;11.435.498.898.150.900;9,84;99
2017-10-23 11:00:21+00:00;5.036.750.851.473.800;14.452.980.104.682.300;12,57;100
2017-10-23 12:00:21+00:00;3.549.481.239.700.780;1.493.577.775.457.060;1,21;100
2017-10-23 13:00:21+00:00;1.910.780.289.516.770;8.678.361.429.157.590;8,27;64
2017-10-23 14:00:21+00:00;34.960.652.053.174.300;13.689.626.309.333.300;9,73;72
2017-10-23 15:00:21+00:00;5.606.631.931.269.350;14.256.472.474.949.500;10,62;87
2017-10-23 16:00:21+00:00;3.700.716.518.716.520;16.933.912.476.329.400;10,41;100
2017-10-23 17:00:21+00:00;247.838.590.930.009;10.556.169.314.778.200;11,75;99
2017-10-23 18:00:21+00:00;363.975.117.431.691;10.804.931.891.648.800;7,38;100
2017-10-23 19:00:21+00:00;26.544.472.408.719.100;15.081.466.841.653.800;14,22;93
2017-10-23 20:00:21+00:00;50.762.746.291.528.300;13.376.839.708.920.900;1,32;58
2017-10-23 21:00:21+00:00;34.767.711.222.346.500;1.686.997.130.361.680;10,40;20
2017-10-23 22:00:21+00:00;30.473.823.228.915.500;16.196.877.912.049.500;13,23;100
2017-10-23 23:00:21+00:00;28.972.337.621.501.100;14.202.729.543.357.800;12,68;5
2017-10-24 00:00:21+00:00;38.334.921.576.040.500;13.364.259.162.893.000;0,10;100
2017-10-24 01:00:21+00:00;30.890.023.646.055.900;13.143.141.722.440.700;7,78;85
2017-10-24 02:00:21+00:00;5.995.078.554.847.000;13.452.331.264.570.600;13,73;50
2017-10-24 03:00:21+00:00;285.341.515.766.494;13.672.607.504.094.800;12,23;100
2017-10-24 04:00:21+00:00;3.421.699.938.069.970;16.973.385.776.343.100;13,66;59
2017-10-24 05:00:21+00:00;27.878.240.181.398.900;8.583.135.670.032.970;4,77;29
2017-10-24 06:00:21+00:00;3.912.054.851.410.900;12.507.456.989.354.900;7,98;40
2017-10-24 07:00:21+00:00;36.731.345.190.023.300;14.021.903.634.468.300;1,16;64
2017-10-24 08:00:21+00:00;8.073.839.159.024.460;12.062.601.358.918.000;8,72;39
2017-10-24 09:00:21+00:00;2.674.884.703.503.880;12.830.994.018.105.500;10,70;82
2017-10-24 10:00:21+00:00;5.290.422.030.416.230;12.454.758.744.259.000;10,71;100
2017-10-24 11:00:21+00:00;4.113.417.097.374.880;1.668.693.560.137.270;12,45;9
2017-10-24 12:00:21+00:00;44.016.427.086.190.500;12.498.542.720.462.000;13,39;98
2017-10-24 13:00:21+00:00;4.871.748.070.319.680;11.776.240.521.362.200;0,79;100
2017-10-24 14:00:21+00:00;31.663.212.539.408.900;15.418.651.377.806.200;10,44;85
2017-10-24 15:00:21+00:00;2.887.757.964.077.970;12.227.485.168.514.200;10,62;92
2017-10-24 16:00:21+00:00;46.527.222.194.954.600;13.116.726.346.222.900;11,46;26
2017-10-24 17:00:21+00:00;50.882.954.232.926.000;10.840.071.738.741.300;6,67;83
2017-10-24 18:00:21+00:00;5.174.086.254.704.160;12.540.609.238.562.900;9,35;61
2017-10-24 19:00:21+00:00;27.418.673.766.517.800;13.440.502.977.773.500;7,67;70
2017-10-24 20:00:21+00:00;4.518.716.986.438.110;10.456.361.912.359.600;50,00;100
2017-10-24 21:00:21+00:00;34.182.639.935.821.400;13.282.210.396.326.300;12,23;58
2017-10-24 22:00:21+00:00;4.409.800.706.684.090;14.770.241.271.838.600;9,23;74
2017-10-24 23:00:21+00:00;3.631.593.538.802.150;8.693.473.440.979.250;4,77;85
2017-10-25 00:00:21+00:00;3.585.313.463.480.580;11.942.628.468.982.400;7,90;38
2017-10-25 01:00:21+00:00;4.329.286.357.918.960;1.972.119.646.641.880;18,06;73
2017-10-25 02:00:21+00:00;31.545.770.181.180.200;13.028.799.059.908.900;12,42;74
2017-10-25 03:00:21+00:00;296.780.476.673.715;1.628.777.561.967.780;8,84;8
2017-10-25 04:00:21+00:00;4.916.401.768.892.400;13.458.132.837.907.800;7,19;13
2017-10-25 05:00:21+00:00;4.113.466.842.181.840;1.272.456.532.211.810;10,36;100
2017-10-25 06:00:21+00:00;22.039.810.515.164.400;15.789.434.367.324.400;9,42;100
2017-10-25 07:00:21+00:00;49.255.398.299.387.200;16.429.273.038.742.000;1,56;12
2017-10-25 08:00:21+00:00;5.507.072.765.681.950;11.360.244.838.646.000;46,89;100
2017-10-25 09:00:21+00:00;404.237.292.785.475;10.862.074.764.068.900;7,19;9
2017-10-25 10:00:21+00:00;32.787.352.918.529.300;10.205.488.820.718.800;8,58;35
2017-10-25 11:00:21+00:00;5.703.859.184.470.020;11.394.453.842.681.400;12,06;100
2017-10-25 12:00:21+00:00;5.423.568.689.954.050;1.628.166.244.851.040;13,02;94
2017-10-25 13:00:21+00:00;24.202.245.127.906.800;13.600.749.472.920.100;11,51;15
2017-10-25 14:00:21+00:00;31.029.183.072.133.100;1.639.750.205.249.380;13,47;72
2017-10-25 15:00:21+00:00;35.868.528.032.070.900;1.101.790.722.263.120;10,70;100
2017-10-25 16:00:21+00:00;5.751.371.455.291.630;11.091.819.226.606.200;9,49;19
2017-10-25 17:00:21+00:00;4.734.396.199.074.090;12.573.020.451.979.500;11,53;100
2017-10-25 18:00:21+00:00;31.146.918.828.273.600;14.245.275.418.432.900;12,91;100
2017-10-25 19:00:21+00:00;3.563.120.693.676.040;13.185.757.153.263.800;12,73;100
2017-10-25 20:00:21+00:00;3.348.673.298.117.880;15.218.252.214.548.000;7,83;12
2017-10-25 21:00:21+00:00;25.401.736.514.409.500;14.530.358.364.030.200;8,58;81
2017-10-25 22:00:21+00:00;4.172.813.416.333.780;1.470.787.048.176.340;13,12;9
2017-10-25 23:00:21+00:00;4.069.021.968.859.050;15.186.630.598.956.400;1,61;51
2017-10-26 00:00:21+00:00;4.206.580.344.080.550;16.184.778.043.923.300;13,60;100
2017-10-26 01:00:21+00:00;4.079.660.118.665.930;7.556.326.251.497.690;5,53;100
2017-10-26 02:00:21+00:00;21.677.696.678.119.600;13.495.106.234.935.300;12,77;100
2017-10-26 03:00:21+00:00;26.617.174.845.578.600;15.569.528.367.523.500;15,10;100
2017-10-26 04:00:21+00:00;3.391.816.425.378.450;19.648.134.363.436.700;17,07;91
2017-10-26 05:00:21+00:00;4.716.124.889.576.020;13.282.151.187.073.300;10,55;79
2017-10-26 06:00:21+00:00;4.128.866.785.041.330;8.193.590.593.265.490;0,67;8
2017-10-26 07:00:21+00:00;18.432.366.015.076.300;16.983.029.310.159.000;14,11;16
2017-10-26 08:00:21+00:00;10.865.670.423.600.200;10.571.324.241.920.800;1,11;100
2017-10-26 09:00:21+00:00;3.462.574.129.335.790;14.642.557.979.549.200;12,56;87
2017-10-26 10:00:21+00:00;4.027.376.096.386.890;14.830.049.602.889.200;1,27;89
2017-10-26 11:00:21+00:00;455.632.026.175.129;13.831.129.877.094.400;12,98;82
2017-10-26 12:00:21+00:00;60.047.472.756.800.100;8.348.901.307.361.830;6,58;65
2017-10-26 13:00:21+00:00;5.028.269.430.119.790;1.264.406.605.707.170;10,63;9
2017-10-26 14:00:21+00:00;4.496.598.501.441.750;971.733.172.881.222;11,70;44
2017-10-26 15:00:21+00:00;28.234.044.288.435.100;14.625.850.265.727.200;1,04;95
2017-10-26 16:00:21+00:00;5.487.894.885.278.600;11.377.710.018.634.700;7,96;100
2017-10-26 17:00:21+00:00;2.376.332.277.861.340;837.182.487.240.091;4,98;48
2017-10-26 18:00:21+00:00;48.872.259.399.204.900;15.251.497.994.650.300;12,83;100
2017-10-26 19:00:21+00:00;60.894.138.173.932.500;10.450.405.397.252.600;9,11;58
2017-10-26 20:00:21+00:00;53.331.874.408.596.700;13.851.729.439.299.700;7,25;100
2017-10-26 21:00:21+00:00;3.129.286.292.305.730;11.737.257.322.495.500;11,32;100
2017-10-26 22:00:21+00:00;13.676.744.991.132.200;15.630.651.988.913.900;10,34;69
2017-10-26 23:00:21+00:00;2.517.641.234.714.630;15.529.467.529.583.500;13,32;100
2017-10-27 00:00:21+00:00;35.912.386.808.971.000;1.410.232.647.637.760;1,15;80
2017-10-27 01:00:21+00:00;3.209.235.691.436.920;13.264.433.752.363.500;4,94;100
2017-10-27 02:00:21+00:00;3.906.670.400.237.440;12.455.743.774.567.800;0,52;96
2017-10-27 03:00:21+00:00;13.534.688.561.362.500;10.601.796.933.994.900;6,24;50
2017-10-27 04:00:21+00:00;4.627.937.192.066.800;12.098.179.286.184.200;12,03;67
2017-10-27 05:00:21+00:00;2.712.376.676.818.820;14.685.670.427.846.000;8,00;74
2017-10-27 06:00:21+00:00;3.364.826.657.923.440;18.267.023.336.540.100;1,68;12
2017-10-27 07:00:21+00:00;28.890.813.395.895.500;14.910.158.857.318.800;8,40;91
2017-10-27 08:00:21+00:00;4.444.646.722.010.900;15.259.721.952.255.000;50,00;7
2017-10-27 09:00:21+00:00;28.415.478.848.958.100;13.263.507.929.049.100;1,12;62
2017-10-27 10:00:21+00:00;13.120.014.137.094.300;14.801.821.770.808.500;1,18;100
2017-10-27 11:00:21+00:00;4.480.603.842.263.710;8.314.290.933.375.320;3,13;100
2017-10-27 12:00:21+00:00;1.590.077.063.004.500;11.773.743.503.419.100;7,01;100
2017-10-27 13:00:21+00:00;32.639.804.114.549.100;15.232.204.234.342.400;1,28;51
2017-10-27 14:00:21+00:00;4.879.525.693.487.980;15.275.705.764.807.000;11,48;100
2017-10-27 15:00:21+00:00;4.343.961.129.827.240;12.206.887.916.543.600;1,10;100
2017-10-27 16:00:21+00:00;3.718.594.644.288.040;1.035.091.061.511.590;7,61;9
2017-10-27 17:00:21+00:00;3.650.094.071.775.920;13.352.834.236.380.600;12,66;75
2017-10-27 18:00:21+00:00;2.254.471.961.079.610;12.471.075.406.886.100;7,68;6
2017-10-27 19:00:21+00:00;39.880.225.775.576.600;15.807.046.710.976.100;13,82;100
2017-10-27 20:00:21+00:00;4.118.288.635.661.580;15.231.323.024.401.400;9,65;10
2017-10-27 21:00:21+00:00;3.675.830.402.127.870;1.728.305.423.339.420;14,44;100
2017-10-27 22:00:21+00:00;3.460.502.654.873.560;162.190.889.845.999;1,43;70
2017-10-27 23:00:21+00:00;3.399.551.198.098.280;12.860.085.828.769.600;8,16;100
2017-10-28 00:00:21+00:00;4.533.111.047.354.620;14.370.899.328.445.200;12,25;100
2017-10-28 01:00:21+00:00;2.573.121.960.787.340;18.460.647.447.826.000;0,16;69
2017-10-28 02:00:21+00:00;1.877.162.902.487.890;1.255.378.301.456.960;11,04;33
2017-10-28 03:00:21+00:00;4.695.996.687.484.750;1.394.945.740.062.720;9,67;100
2017-10-28 04:00:21+00:00;18.674.008.544.031.600;13.514.450.801.511.400;10,08;100
2017-10-28 05:00:21+00:00;2.605.408.454.016.170;13.565.355.059.389.400;14,27;100
2017-10-28 06:00:21+00:00;4.183.370.442.609.840;11.404.464.441.229.500;7,35;84
2017-10-28 07:00:21+00:00;3.853.411.851.920.270;1.669.939.974.776.980;13,64;100
2017-10-28 08:00:21+00:00;3.436.768.855.850.670;11.299.950.255.696.000;8,63;9
2017-10-28 09:00:21+00:00;5.175.885.805.990.760;18.032.805.853.461.500;15,10;100
2017-10-28 10:00:21+00:00;4.644.076.739.895.430;17.500.658.649.556.600;1,68;98
2017-10-28 11:00:21+00:00;3.395.155.822.185.550;14.133.755.815.662.200;10,12;100
2017-10-28 12:00:21+00:00;28.364.893.916.095.600;13.538.754.556.779.600;11,56;100
2017-10-28 13:00:21+00:00;3.971.109.412.712.110;11.640.094.981.764.500;10,73;94
2017-10-28 14:00:21+00:00;37.899.872.196.653.300;1.369.719.868.025.420;10,29;8
2017-10-28 15:00:21+00:00;4.969.935.387.369.330;16.145.456.417.468.900;11,22;82
2017-10-28 16:00:21+00:00;3.368.835.943.341.450;11.865.097.792.687.900;9,69;87
2017-10-28 17:00:21+00:00;47.253.800.576.100.500;17.086.220.048.403.800;13,71;37
2017-10-28 18:00:21+00:00;1.751.876.263.920.710;16.011.909.315.107.400;9,53;100
2017-10-28 19:00:21+00:00;4.015.851.501.792.170;13.267.655.330.883.000;0,90;77
2017-10-28 20:00:21+00:00;25.717.769.261.630.200;15.456.443.943.855.700;13,82;100
2017-10-28 21:00:21+00:00;36.519.959.383.953.900;11.311.084.308.751.100;8,15;2
2017-10-28 22:00:21+00:00;3.284.716.374.463.890;13.275.155.837.554.500;11,54;32
2017-10-28 23:00:21+00:00;19.203.932.630.422.700;18.903.524.457.883.500;13,02;100
2017-10-29 00:00:21+00:00;2.499.379.738.787.260;16.421.947.814.995.300;1,34;100
2017-10-29 01:00:21+00:00;29.148.750.758.907.600;14.733.966.586.909.700;12,03;100
2017-10-29 02:00:21+00:00;5.781.225.838.853.710;13.692.356.023.089.300;11,55;100
2017-10-29 03:00:21+00:00;28.801.789.408.188.400;13.345.026.160.062.700;9,92;88
2017-10-29 04:00:21+00:00;11.326.685.485.965.400;13.455.310.285.894.500;11,08;84
2017-10-29 05:00:21+00:00;2.683.251.213.537.620;11.647.976.188.579.700;13,11;1
2017-10-29 06:00:21+00:00;12.376.576.086.173.600;15.107.021.654.171.400;12,92;73
2017-10-29 07:00:21+00:00;21.184.423.894.101.100;16.058.833.863.422.900;15,79;100
2017-10-29 08:00:21+00:00;46.193.768.393.018;1.291.338.122.063.550;1,00;100
2017-10-29 09:00:21+00:00;27.152.126.286.529.900;14.659.006.700.157.600;6,55;56
2017-10-29 10:00:21+00:00;41.035.983.784.725.900;1.175.976.364.664.330;10,91;1
2017-10-29 11:00:21+00:00;3.033.719.050.495.720;13.363.163.880.948.500;14,62;100
2017-10-29 12:00:21+00:00;317.731.608.772.756;11.472.105.321.041.700;9,45;100
2017-10-29 13:00:21+00:00;6.843.102.223.869.050;12.974.454.004.702.000;0,92;9
2017-10-29 14:00:21+00:00;27.732.675.615.060.400;1.381.474.311.637.260;11,23;100
2017-10-29 15:00:21+00:00;3.776.405.073.826.030;14.991.465.801.543.000;14,33;69
2017-10-29 16:00:21+00:00;375.028.607.086.609;12.038.822.794.193.500;9,90;33
2017-10-29 17:00:21+00:00;38.342.876.228.555.600;14.680.275.096.726.000;10,39;77
2017-10-29 18:00:21+00:00;28.701.331.681.593.800;11.204.951.201.131.500;6,99;20
2017-10-29 19:00:21+00:00;4.505.146.739.596.850;14.294.431.289.498.900;12,86;66
2017-10-29 20:00:21+00:00;4.860.303.773.457.380;1.888.908.629.539.250;21,37;100
2017-10-29 21:00:21+00:00;3.676.559.145.669.540;12.624.071.183.968.400;7,76;79
2017-10-29 22:00:21+00:00;51.762.066.826.002.600;10.289.337.134.424.200;9,48;11
2017-10-29 23:00:21+00:00;4.159.512.877.192.830;1.570.042.561.950.810;13,94;100
2017-10-30 00:00:21+00:00;3.742.076.027.207.670;14.219.000.548.934.700;0,91;38
2017-10-30 01:00:21+00:00;2.186.385.278.832.020;14.637.110.305.581.200;13,32;72
2017-10-30 02:00:21+00:00;32.744.374.066.385.700;16.610.701.615.255.100;1,74;13
2017-10-30 03:00:21+00:00;489.774.233.340.222;1.180.080.014.210.870;1,14;96
2017-10-30 04:00:21+00:00;31.262.516.091.773.100;11.872.446.489.674.000;8,76;9
2017-10-30 05:00:21+00:00;36.033.770.966.230.900;14.846.238.311.249.600;9,15;68
2017-10-30 06:00:21+00:00;2.078.595.278.482.040;16.047.220.132.208.600;13,73;37
2017-10-30 07:00:21+00:00;4.007.784.489.144.110;1.410.071.406.036.830;10,99;76
2017-10-30 08:00:21+00:00;4.155.568.884.298.180;13.351.778.217.637.500;12,00;93
2017-10-30 09:00:21+00:00;6.522.383.441.324.540;14.308.184.319.212.800;10,85;9
2017-10-30 10:00:21+00:00;37.823.016.485.093.100;15.304.693.517.528.500;10,41;73
2017-10-30 11:00:21+00:00;4.082.281.011.775.210;10.012.178.408.663.600;8,16;76
2017-10-30 12:00:21+00:00;3.455.220.810.079.690;11.122.992.198.548.000;11,23;100
2017-10-30 13:00:21+00:00;3.453.615.278.428.570;13.309.664.848.015.500;12,28;72
2017-10-30 14:00:21+00:00;31.030.321.278.110.600;15.199.249.339.005.600;11,60;39
2017-10-30 15:00:21+00:00;50.838.538.364.607.100;1.879.330.585.042.410;12,68;64
2017-10-30 16:00:21+00:00;29.068.811.060.106.400;13.250.036.930.321.200;1,00;100
2017-10-30 17:00:21+00:00;5.001.205.375.380.580;14.120.061.942.182.800;1,07;100
2017-10-30 18:00:21+00:00;3.508.916.295.257.400;11.911.687.628.766.900;0,94;32
2017-10-30 19:00:21+00:00;2.421.261.749.335.140;15.119.303.821.956.600;1,61;9
2017-10-30 20:00:21+00:00;29.457.072.990.750.100;10.861.409.485.838.900;8,07;4
2017-10-30 21:00:21+00:00;26.729.383.057.098.000;1.349.739.058.889.190;0,11;79
2017-10-30 22:00:21+00:00;29.641.108.525.951.200;11.220.174.043.075.100;1,05;100
2017-10-30 23:00:21+00:00;22.158.524.502.688.100;8.400.393.791.354.550;7,73;100
2017-10-31 00:00:21+00:00;23.387.772.088.571.700;20.060.324.372.885.600;18,98;100
2017-10-31 01:00:21+00:00;3.062.521.324.328.520;1.547.053.829.336.570;11,29;85
2017-10-31 02:00:21+00:00;3.612.435.388.404.380;15.487.381.447.709.100;11,06;75
2017-10-31 03:00:21+00:00;27.510.134.760.574.700;15.730.166.320.555.400;11,85;83
2017-10-31 04:00:21+00:00;31.342.061.478.191.200;1.698.234.368.943.600;1,17;100
2017-10-31 05:00:21+00:00;24.862.717.271.806.000;13.919.036.078.843.000;11,24;48
2017-10-31 06:00:21+00:00;5.209.487.749.917.570;15.631.332.876.899.400;12,82;99
2017-10-31 07:00:21+00:00;11.956.115.243.356.800;12.310.811.011.410.800;9,18;78
2017-10-31 08:00:21+00:00;476.844.912.722.302;13.107.259.344.971.000;11,58;100
2017-10-31 09:00:21+00:00;1.694.380.726.304.850;980.100.322.790.423;8,99;100
2017-10-31 10:00:21+00:00;25.854.496.325.329.700;14.014.968.375.568.500;9,75;100
2017-10-31 11:00:21+00:00;40.741.872.906.867.600;12.239.282.656.128.400;10,94;74
2017-10-31 12:00:21+00:00;6.062.831.051.443.680;1.320.212.962.892.940;0,83;100
2017-10-31 13:00:21+00:00;4.471.525.965.213.660;15.536.572.179.564.800;1,06;100
2017-10-31 14:00:21+00:00;22.357.409.982.448.500;14.257.893.188.247.700;14,27;46
2017-10-31 15:00:21+00:00;3.900.398.142.277.120;1.602.403.133.037.650;1,24;100
2017-10-31 16:00:21+00:00;25.790.221.669.305.100;1.209.182.072.380.020;9,27;48
2017-10-31 17:00:21+00:00;6.585.898.078.169.440;14.451.483.438.936.100;1,49;100
2017-10-31 18:00:21+00:00;4.014.865.040.695.610;11.973.593.466.523.100;9,93;97
2017-10-31 19:00:21+00:00;4.791.697.300.714.970;13.097.980.216.524.900;9,96;45
2017-10-31 20:00:21+00:00;24.696.979.192.962.900;12.781.474.373.484.000;8,43;100
2017-10-31 21:00:21+00:00;245.977.137.468.062;11.065.573.488.056.000;9,78;100
2017-10-31 22:00:21+00:00;3.532.136.458.117.950;12.523.544.356.248.400;12,92;72
2017-10-31 23:00:21+00:00;2.538.215.951.138.600;14.926.056.192.266.300;11,81;7
2017-11-01 00:00:21+00:00;4.065.167.270.043.770;11.303.071.340.315.600;11,62;57
2017-11-01 01:00:21+00:00;30.475.639.676.815.500;11.914.322.124.191.900;9,24;75
2017-11-01 02:00:21+00:00;3.400.193.844.797.680;16.542.294.590.796.300;11,72;100
2017-11-01 03:00:21+00:00;4.656.548.418.101.410;16.964.905.603.300.100;12,60;100
2017-11-01 04:00:21+00:00;351.500.515.907.533;15.543.684.457.243.200;10,95;100
2017-11-01 05:00:21+00:00;3.047.114.245.675.790;17.668.790.437.872.400;1,69;74
2017-11-01 06:00:21+00:00;2.516.118.090.617.920;168.357.872.327.821;15,73;100
2017-11-01 07:00:21+00:00;2.890.950.617.235.860;13.310.468.770.725.300;11,43;97
2017-11-01 08:00:21+00:00;4.267.037.048.819.500;1.835.084.880.560.480;0,99;100
2017-11-01 09:00:21+00:00;322.728.905.467.236;1.730.854.977.773.170;16,80;100
2017-11-01 10:00:21+00:00;2.336.581.305.832.600;13.349.298.843.857.800;9,92;57
2017-11-01 11:00:21+00:00;3.021.330.457.112.380;14.134.563.524.822.500;1,01;100
2017-11-01 12:00:21+00:00;4.681.551.416.428.830;11.919.428.799.849.400;8,87;96
2017-11-01 13:00:21+00:00;31.557.812.626.754.500;13.292.833.436.487.500;10,71;99
2017-11-01 14:00:21+00:00;4.192.094.969.265.990;9.754.059.560.749.110;8,66;36
2017-11-01 15:00:21+00:00;47.701.536.512.890.700;12.102.211.879.920.600;11,86;100
2017-11-01 16:00:21+00:00;31.647.694.737.596.900;15.451.047.531.921.700;13,42;100
2017-11-01 17:00:21+00:00;4.671.013.070.613.940;11.040.111.312.359.700;0,09;100
2017-11-01 18:00:21+00:00;30.630.868.830.673.100;12.765.244.874.123.400;9,47;9
2017-11-01 19:00:21+00:00;41.144.462.380.706.200;14.880.114.761.366.300;10,15;10
2017-11-01 20:00:21+00:00;4.315.702.663.544.870;12.822.569.656.422.800;1,10;83
2017-11-01 21:00:21+00:00;25.003.150.156.199.700;16.318.650.782.627.000;14,11;16
2017-11-01 22:00:21+00:00;17.352.468.327.677.600;16.428.988.727.377.900;11,62;100
2017-11-01 23:00:21+00:00;21.508.550.047.112.800;12.025.926.234.324.200;7,51;100
2017-11-02 00:00:21+00:00;38.580.594.291.730.900;12.465.033.827.396.300;1,15;64
2017-11-02 01:00:21+00:00;3.356.645.897.331.760;13.634.084.420.131.800;10,06;100
2017-11-02 02:00:21+00:00;35.947.742.490.178.300;11.911.647.254.191.100;7,19;67
2017-11-02 03:00:21+00:00;39.432.108.204.299.100;17.488.490.124.325.800;12,10;100
2017-11-02 04:00:21+00:00;31.810.612.256.634.000;12.524.590.129.997.400;11,05;100
2017-11-02 05:00:21+00:00;28.872.508.869.374.800;15.734.857.118.112.600;15,73;100
2017-11-02 06:00:21+00:00;26.460.827.053.344.500;9.892.637.429.571.450;9,95;100
2017-11-02 07:00:21+00:00;4.109.060.042.117.850;11.650.023.173.682.000;5,56;92
2017-11-02 08:00:21+00:00;5.835.035.964.706.890;10.891.948.613.912.300;8,52;73
2017-11-02 09:00:21+00:00;30.333.812.784.708.800;10.506.570.083.780.200;10,04;100
2017-11-02 10:00:21+00:00;41.773.107.265.382.800;12.272.368.201.748.500;6,87;100
2017-11-02 11:00:21+00:00;52.086.315.187.691.200;14.416.611.331.639.800;14,77;37
2017-11-02 12:00:21+00:00;25.418.316.640.329.900;17.245.271.120.868.800;10,19;100
2017-11-02 13:00:21+00:00;58.201.860.427.960.000;13.034.510.367.155.500;11,64;56
2017-11-02 14:00:21+00:00;2.356.284.341.471.820;13.723.694.005.108.500;10,28;57
2017-11-02 15:00:21+00:00;4.231.964.488.447.900;14.348.172.370.288.100;11,92;74
2017-11-02 16:00:21+00:00;22.053.257.638.722.600;11.757.815.256.710.400;9,58;100
2017-11-02 17:00:21+00:00;4.230.232.183.956.300;13.467.291.246.170.900;9,02;100
2017-11-02 18:00:21+00:00;2.513.526.189.544.540;1.858.983.057.617.190;1,59;75
2017-11-02 19:00:21+00:00;56.869.482.296.299.700;1.446.676.767.266.310;11,12;100
2017-11-02 20:00:21+00:00;51.373.000.539.899.800;18.589.194.285.641.900;16,04;100
2017-11-02 21:00:21+00:00;38.178.834.284.064.900;13.583.300.050.872.200;9,57;85
2017-11-02 22:00:21+00:00;2.927.129.453.849.010;12.020.271.910.578.900;9,13;12
2017-11-02 23:00:21+00:00;3.155.089.183.522.600;16.056.676.775.882.700;13,96;100
2017-11-03 00:00:21+00:00;31.877.333.416.720.700;16.591.242.688.748.800;11,83;100
2017-11-03 01:00:21+00:00;3.146.997.815.004.000;12.320.500.717.469.000;12,20;12
2017-11-03 02:00:21+00:00;30.219.583.182.889.300;14.409.338.379.004.000;12,12;34
2017-11-03 03:00:21+00:00;3.383.617.361.528.380;13.370.841.542.587.100;14,66;87
2017-11-03 04:00:21+00:00;62.334.817.853.585.100;10.175.389.443.838.300;7,81;38
2017-11-03 05:00:21+00:00;7.680.472.541.273.740;10.315.439.372.502.100;0,88;100
2017-11-03 06:00:21+00:00;10.000.464.056.836.900;13.027.039.454.043.600;1,00;100
2017-11-03 07:00:21+00:00;4.018.190.580.953.740;1.631.504.381.394.870;13,06;100
2017-11-03 08:00:21+00:00;16.787.476.635.381.800;15.587.976.262.839.100;13,58;64
2017-11-03 09:00:21+00:00;30.044.379.603.964.800;1.130.212.011.094.790;12,28;100
2017-11-03 10:00:21+00:00;26.607.824.704.256.400;10.801.907.052.065.900;1,15;100
2017-11-03 11:00:21+00:00;35.906.597.180.691.700;11.405.459.671.138.900;1,07;62
2017-11-03 12:00:21+00:00;2.847.182.359.918.770;1.120.179.048.981.050;0,68;95
2017-11-03 13:00:21+00:00;3.451.580.191.485.590;11.385.885.146.657.900;8,37;13
2017-11-03 14:00:21+00:00;27.547.599.278.713.100;8.610.863.122.511.510;8,06;100
2017-11-03 15:00:21+00:00;21.839.162.551.817.400;7.598.967.034.135.910;4,49;100
2017-11-03 16:00:21+00:00;346.360.328.242.992;7.314.800.427.746.740;5,82;100
2017-11-03 17:00:21+00:00;43.595.704.505.454.000;9.763.451.775.762.960;8,13;79
2017-11-03 18:00:21+00:00;4.248.318.770.248.670;16.354.876.541.499.600;16,72;100
2017-11-03 19:00:21+00:00;3.436.338.970.414.440;22.272.394.564.308.300;17,50;2
2017-11-03 20:00:21+00:00;4.990.741.132.887.730;18.425.662.278.225.500;11,59;33
2017-11-03 21:00:21+00:00;364.112.074.068.677;14.128.729.903.425.400;12,84;83
2017-11-03 22:00:21+00:00;4.683.237.364.538.250;11.642.925.156.608.000;11,40;100
2017-11-03 23:00:21+00:00;3.259.660.746.588.930;1.247.886.273.629.220;0,15;100
2017-11-04 00:00:21+00:00;412.672.678.298.724;13.865.873.913.992.900;10,21;49
2017-11-04 01:00:21+00:00;5.861.227.531.433.930;18.539.876.160.766.600;12,09;73
2017-11-04 02:00:21+00:00;38.792.409.435.241.300;11.119.369.117.621.700;9,60;15
2017-11-04 03:00:21+00:00;5.086.780.150.739.210;13.532.240.978.165.300;1,19;57
2017-11-04 04:00:21+00:00;35.589.708.230.855.100;13.761.273.547.641.000;12,17;39
2017-11-04 05:00:21+00:00;1.959.874.389.255.570;1.331.101.917.862.190;9,84;47
2017-11-04 06:00:21+00:00;3.952.763.282.685.800;8.651.757.435.737.060;50,00;100
2017-11-04 07:00:21+00:00;42.658.354.431.459.800;12.856.064.814.397.800;10,50;11
2017-11-04 08:00:21+00:00;4.773.172.113.067.970;10.244.165.151.847.500;7,07;100
2017-11-04 09:00:21+00:00;24.619.943.084.509.300;19.075.792.230.944.700;13,07;47
2017-11-04 10:00:21+00:00;831.783.698.974.984;14.910.300.649.585.600;11,28;9
2017-11-04 11:00:21+00:00;4.828.424.278.195.880;16.233.627.137.013.200;1,29;57
2017-11-04 12:00:21+00:00;5.248.837.948.073.840;11.378.212.380.032.000;10,48;9
2017-11-04 13:00:21+00:00;4.724.349.361.677.740;12.435.319.569.834.300;9,89;100
2017-11-04 14:00:21+00:00;228.212.622.229.006;1.847.912.347.157.310;13,76;100
2017-11-04 15:00:21+00:00;2.920.823.993.983.540;1.600.951.566.409.820;13,88;96
2017-11-04 16:00:21+00:00;4.234.503.492.098.660;14.547.799.328.630.600;1,15;58
2017-11-04 17:00:21+00:00;106.473.238.039.347;16.784.864.815.199.900;0,12;46
2017-11-04 18:00:21+00:00;27.581.070.910.518.700;18.282.986.862.141.500;15,31;18
2017-11-04 19:00:21+00:00;27.632.259.470.402.400;17.206.667.243.752.400;15,10;73
2017-11-04 20:00:21+00:00;4.229.164.959.585.860;1.607.124.538.786.360;12,68;54
2017-11-04 21:00:21+00:00;21.737.279.873.174.400;16.304.872.153.293.000;16,34;100
2017-11-04 22:00:21+00:00;6.159.481.680.305.410;12.725.780.527.478.300;1,27;31
2017-11-04 23:00:21+00:00;7.662.380.253.186.850;1.399.979.473.569.740;12,24;100
2017-11-05 00:00:21+00:00;4.043.675.849.611.960;15.176.399.509.634.200;11,41;100
2017-11-05 01:00:21+00:00;5.115.980.539.960.540;142.971.085.014.927;7,80;42
2017-11-05 02:00:21+00:00;4.141.671.103.448.890;1.474.545.817.029.970;9,36;49
2017-11-05 03:00:21+00:00;2.877.894.467.589.610;1.318.259.346.347.500;12,33;41
2017-11-05 04:00:21+00:00;26.210.673.262.529.200;6.900.542.385.616.600;3,67;100
2017-11-05 05:00:21+00:00;3.928.366.876.654.780;1.516.651.208.413.840;12,95;79
2017-11-05 06:00:21+00:00;26.819.665.203.513.700;13.787.259.753.220.500;9,24;100
2017-11-05 07:00:21+00:00;4.839.590.633.963.160;1.383.317.692.440.500;10,70;87
2017-11-05 08:00:21+00:00;25.192.499.797.684.400;18.864.940.237.620.700;14,13;43
2017-11-05 09:00:21+00:00;3.803.017.332.045.900;14.390.393.845.013.400;13,19;100
2017-11-05 10:00:21+00:00;2.536.969.618.223.550;11.572.296.584.249.500;11,07;100
2017-11-05 11:00:21+00:00;2.304.934.496.421.830;15.194.002.956.194.300;8,92;48
2017-11-05 12:00:21+00:00;539.467.714.872.965;13.732.649.565.668.100;13,69;100
2017-11-05 13:00:21+00:00;28.571.292.638.468.200;16.232.647.576.039.900;12,46;100
2017-11-05 14:00:21+00:00;3.094.243.630.091.130;12.077.397.976.965.700;11,83;100
2017-11-05 15:00:21+00:00;28.075.702.712.483.000;11.547.920.496.677.000;1,19;10
2017-11-05 16:00:21+00:00;29.651.819.398.984.200;12.215.062.356.272.100;8,64;42
2017-11-05 17:00:21+00:00;35.862.963.325.719.900;9.330.074.685.501.000;10,70;100
2017-11-05 18:00:21+00:00;10.086.975.219.447.900;1.246.328.685.541.390;6,39;97
2017-11-05 19:00:21+00:00;4.441.417.814.132.020;17.381.665.721.568.300;0,12;48
2017-11-05 20:00:21+00:00;4.130.721.936.334.260;11.761.849.172.905.700;8,57;90
2017-11-05 21:00:21+00:00;4.809.197.732.584.670;10.233.191.391.568.300;6,12;61
2017-11-05 22:00:21+00:00;52.634.396.356.067.000;12.244.050.765.930.000;6,90;100
2017-11-05 23:00:21+00:00;3.720.869.068.692.980;14.059.536.122.367.100;13,30;100
2017-11-06 00:00:21+00:00;3.760.705.559.871.370;11.715.185.886.327.600;8,48;85
2017-11-06 01:00:21+00:00;431.210.841.796.377;1.369.896.902.740.420;11,12;100
2017-11-06 02:00:21+00:00;18.474.338.459.613.000;14.134.876.929.004.500;1,27;66
2017-11-06 03:00:21+00:00;30.972.094.344.979.400;13.529.263.988.401.200;13,00;100
2017-11-06 04:00:21+00:00;4.816.472.105.982.560;13.308.273.402.606.700;13,75;41
2017-11-06 05:00:21+00:00;448.929.027.926.679;17.803.827.780.222.200;12,50;100
2017-11-06 06:00:21+00:00;6.351.419.758.951.650;13.953.617.213.560.700;14,26;100
2017-11-06 07:00:21+00:00;3.534.645.346.738.520;11.606.323.071.071.500;9,61;100
2017-11-06 08:00:21+00:00;5.038.688.795.853.910;1.535.580.608.487.190;12,62;58
2017-11-06 09:00:21+00:00;34.859.261.097.402.200;13.379.485.289.466.000;10,15;100
2017-11-06 10:00:21+00:00;21.408.853.792.178.900;13.698.403.288.844.500;1,16;88
2017-11-06 11:00:21+00:00;36.833.032.411.678;15.983.686.028.940.900;15,87;100
2017-11-06 12:00:21+00:00;31.448.756.375.296.700;16.779.522.706.041.300;1,47;100
2017-11-06 13:00:21+00:00;3.127.366.843.892.150;10.761.332.947.056.600;10,81;24
2017-11-06 14:00:21+00:00;201.317.134.643.162;1.772.695.590.492.860;12,44;79
2017-11-06 15:00:21+00:00;32.309.745.083.640.200;1.336.791.150.177.240;9,83;58
2017-11-06 16:00:21+00:00;24.874.543.194.459.600;13.384.717.798.385.200;10,87;54
2017-11-06 17:00:21+00:00;6.191.985.952.495.110;1.107.489.417.318.910;0,99;50
2017-11-06 18:00:21+00:00;46.434.218.305.009.500;15.336.608.451.072.000;12,96;66
2017-11-06 19:00:21+00:00;21.987.835.169.508.500;1.007.591.144.415.280;11,66;83
2017-11-06 20:00:21+00:00;2.739.803.877.866.570;1.483.125.104.869.620;1,05;10
2017-11-06 21:00:21+00:00;28.900.584.679.374.700;1.753.126.868.314.090;14,96;95
2017-11-06 22:00:21+00:00;3.319.597.652.668.590;1.276.173.231.214.240;11,23;6
2017-11-06 23:00:21+00:00;23.790.678.994.457.900;1.614.963.345.621.380;12,12;100
2017-11-07 00:00:21+00:00;34.060.680.470.478.200;1.372.387.255.847.150;10,85;100
2017-11-07 01:00:21+00:00;498.913.406.926.436;10.147.606.743.381.400;0,68;100
2017-11-07 02:00:21+00:00;30.719.960.646.527.200;1.381.556.416.230.670;1,16;1
2017-11-07 03:00:21+00:00;20.487.885.547.885.000;13.075.478.407.620.300;7,82;70
2017-11-07 04:00:21+00:00;8.883.062.309.926.500;15.699.917.641.866.600;15,94;72
2017-11-07 05:00:21+00:00;1.083.924.724.232.670;12.643.594.103.525.000;9,63;33
2017-11-07 06:00:21+00:00;38.711.862.110.012.100;14.735.445.103.613.100;10,36;100
2017-11-07 07:00:21+00:00;3.819.897.555.594.390;10.963.927.843.473.400;5,30;46
2017-11-07 08:00:21+00:00;32.552.755.839.159.900;14.566.973.398.677.800;10,94;100
2017-11-07 09:00:21+00:00;28.087.849.879.241.200;13.582.742.225.743.500;10,39;85
2017-11-07 10:00:21+00:00;3.024.614.253.740.420;13.215.732.366.291.900;11,18;100
2017-11-07 11:00:21+00:00;3.884.095.705.048.690;13.600.490.591.458.300;10,46;98
2017-11-07 12:00:21+00:00;28.250.584.124.361.100;12.815.750.251.937.500;16,05;50
2017-11-07 13:00:21+00:00;36.043.891.083.133.900;13.868.579.643.852.500;8,55;56
2017-11-07 14:00:21+00:00;3.251.282.358.407.840;1.304.710.658.450.020;11,67;86
2017-11-07 15:00:21+00:00;3.775.941.087.630.180;11.163.707.455.954.000;9,74;93
2017-11-07 16:00:21+00:00;8.904.821.006.178.650;10.380.384.230.622.400;5,61;100
2017-11-07 17:00:21+00:00;4.639.296.870.809.060;12.325.853.747.528.300;9,21;63
2017-11-07 18:00:21+00:00;3.941.994.412.090.380;12.755.723.529.567.800;14,90;66
2017-11-07 19:00:21+00:00;3.240.124.240.932.110;6.235.657.640.219.160;39,42;100
2017-11-07 20:00:21+00:00;3.149.232.676.176.900;1.357.193.632.355.420;14,90;11
2017-11-07 21:00:21+00:00;4.016.102.738.409.370;18.869.633.437.922.800;14,87;11
2017-11-07 22:00:21+00:00;3.323.475.041.113.800;15.198.949.211.577.900;12,22;60
2017-11-07 23:00:21+00:00;43.464.898.260.553.900;13.109.185.878.031.500;9,74;100
2017-11-08 00:00:21+00:00;3.779.479.659.418.620;11.547.111.906.469.400;7,25;5
2017-11-08 01:00:21+00:00;4.910.558.834.244.670;940.561.260.198.915;5,10;100
2017-11-08 02:00:21+00:00;22.339.551.904.876.200;15.680.840.144.340.100;11,33;96
2017-11-08 03:00:21+00:00;3.676.187.977.209.240;14.557.147.886.981.100;13,15;100
2017-11-08 04:00:21+00:00;1.397.245.461.525.240;10.528.978.404.295.300;9,51;84
2017-11-08 05:00:21+00:00;22.275.606.457.185.700;15.862.029.503.164.900;11,95;100
2017-11-08 06:00:21+00:00;1.741.992.455.063.120;15.561.930.960.681.400;16,21;12
2017-11-08 07:00:21+00:00;3.417.991.968.591.870;11.896.416.396.391.300;7,83;57
2017-11-08 08:00:21+00:00;31.530.775.839.000.400;12.816.877.561.750.100;11,17;100
2017-11-08 09:00:21+00:00;27.497.107.003.541.200;14.131.191.779.469.500;8,69;100
2017-11-08 10:00:21+00:00;17.926.987.119.758.500;14.866.283.295.644.900;12,50;13
2017-11-08 11:00:21+00:00;15.281.284.946.504.200;10.869.252.870.794.600;9,73;14
2017-11-08 12:00:21+00:00;20.456.763.800.275.700;14.900.489.183.226.100;11,53;100
2017-11-08 13:00:21+00:00;4.664.252.967.413.470;1.366.870.259.388.900;11,02;100
2017-11-08 14:00:21+00:00;3.484.458.429.922.710;1.622.003.463.694.420;12,02;100
2017-11-08 15:00:21+00:00;22.948.996.870.818.100;15.375.349.419.817.500;14,16;100
2017-11-08 16:00:21+00:00;3.425.175.559.987.690;13.665.409.637.015.900;12,68;100
2017-11-08 17:00:21+00:00;37.971.065.890.280.400;15.749.277.074.577.500;1,35;100
2017-11-08 18:00:21+00:00;3.833.898.107.006.540;9.863.008.860.647.720;9,29;70
2017-11-08 19:00:21+00:00;2.897.720.188.905.960;12.617.210.645.304.100;11,20;100
2017-11-08 20:00:21+00:00;2.960.119.489.612.560;11.165.052.713.388.100;0,08;38
2017-11-08 21:00:21+00:00;3.008.402.149.083.570;1.217.762.604.698.150;1,05;9
2017-11-08 22:00:21+00:00;5.156.764.916.483.190;12.148.061.303.652.300;11,23;90
2017-11-08 23:00:21+00:00;4.435.985.381.665.710;1.046.152.567.289.190;0,80;50
2017-11-09 00:00:21+00:00;511.282.593.619.357;15.836.561.330.114.300;13,81;61
2017-11-09 01:00:21+00:00;3.631.813.187.814.760;15.346.790.345.608.000;9,63;78
2017-11-09 02:00:21+00:00;23.511.899.027.606.600;1.205.256.383.587.070;50,00;46
2017-11-09 03:00:21+00:00;5.436.513.082.976.010;7.908.327.503.832.440;6,49;54
2017-11-09 04:00:21+00:00;31.827.385.949.724.900;12.299.611.614.800.700;9,21;100
2017-11-09 05:00:21+00:00;2.135.285.093.882.590;1.340.712.677.274.140;12,93;31
2017-11-09 06:00:21+00:00;21.873.040.437.459.700;16.817.069.184.171.700;1,31;7
2017-11-09 07:00:21+00:00;44.922.971.171.805.100;12.157.001.303.912.400;12,02;100
2017-11-09 08:00:21+00:00;36.368.429.602.587.000;15.898.602.637.327.200;1,27;99
2017-11-09 09:00:21+00:00;26.748.615.085.795.900;12.300.367.193.617.200;10,54;60
2017-11-09 10:00:21+00:00;25.609.125.993.993.000;1.490.480.123.814.210;11,08;14
2017-11-09 11:00:21+00:00;6.932.407.106.008.610;15.484.372.789.072.600;12,15;100
2017-11-09 12:00:21+00:00;40.728.717.947.034.500;14.928.484.591.551.400;10,48;100
2017-11-09 13:00:21+00:00;341.502.352.037.969;11.203.041.282.225.000;6,84;57
2017-11-09 14:00:21+00:00;4.167.195.992.868.310;12.643.066.715.678.100;11,97;90
2017-11-09 15:00:21+00:00;10.634.675.309.333.100;14.949.616.701.902.800;14,11;100
2017-11-09 16:00:21+00:00;24.783.367.108.812.300;9.691.912.298.413.860;9,62;100
2017-11-09 17:00:21+00:00;24.387.396.366.584.100;1.544.082.244.742.360;1,46;100
2017-11-09 18:00:21+00:00;53.588.060.782.026.500;10.583.113.764.533.900;8,90;70
2017-11-09 19:00:21+00:00;11.538.393.993.653.600;10.245.474.118.062.300;7,32;71
2017-11-09 20:00:21+00:00;23.968.850.323.387.100;12.232.726.777.614.100;0,08;7
2017-11-09 21:00:21+00:00;3.674.471.685.070.670;11.863.082.244.274.100;5,98;8
2017-11-09 22:00:21+00:00;2.948.423.347.759.040;13.966.183.141.953.500;12,24;65
2017-11-09 23:00:21+00:00;22.741.463.278.405.600;1.417.332.947.071.560;11,59;82
2017-11-10 00:00:21+00:00;31.903.360.665.651.800;1.369.565.928.172.570;11,71;81
2017-11-10 01:00:21+00:00;57.295.000.053.164.900;11.140.244.656.473.600;10,12;47
2017-11-10 02:00:21+00:00;45.431.597.529.539.800;16.457.939.119.594.800;15,94;12
2017-11-10 03:00:21+00:00;14.323.516.112.367.200;1.368.172.874.365.560;10,29;100
2017-11-10 04:00:21+00:00;3.564.582.523.536.610;15.782.689.088.281.900;13,58;91
2017-11-10 05:00:21+00:00;15.171.252.738.503.200;7.960.815.202.322.600;0,54;100
2017-11-10 06:00:21+00:00;3.847.858.089.348.670;14.823.303.391.126.500;8,45;100
2017-11-10 07:00:21+00:00;4.787.916.461.359.290;12.134.958.784.345.400;9,35;52
2017-11-10 08:00:21+00:00;17.298.723.200.497.900;15.366.743.931.504.700;15,21;72
2017-11-10 09:00:21+00:00;38.634.610.758.064.100;1.785.844.552.617.430;13,92;95
2017-11-10 10:00:21+00:00;5.607.781.010.698.610;10.690.993.119.138.700;6,78;56
2017-11-10 11:00:21+00:00;6.784.046.651.186.580;15.607.235.512.665.600;13,26;68
2017-11-10 12:00:21+00:00;37.416.598.749.380.500;1.207.227.703.908.080;11,44;100
2017-11-10 13:00:21+00:00;39.218.336.017.582.800;8.984.900.020.956.170;8,21;100
2017-11-10 14:00:21+00:00;3.328.988.977.495.010;15.774.187.832.943.600;15,33;89
2017-11-10 15:00:21+00:00;20.278.313.006.745.400;1.793.905.675.324.790;12,48;56
2017-11-10 16:00:21+00:00;3.726.280.516.323.410;1.864.676.441.334.320;17,70;100
2017-11-10 17:00:21+00:00;3.010.614.347.803.420;14.254.345.581.016.700;50,00;63
2017-11-10 18:00:21+00:00;4.007.873.013.756.790;10.020.939.350.069.700;3,96;100
2017-11-10 19:00:21+00:00;26.538.196.922.028.900;13.022.007.712.414.000;7,49;84
2017-11-10 20:00:21+00:00;3.607.446.201.831.750;1.326.009.368.691.890;11,57;10
2017-11-10 21:00:21+00:00;6.842.799.314.388.270;16.184.626.212.699.400;9,93;100
2017-11-10 22:00:21+00:00;15.806.995.020.577.600;13.465.733.546.773.300;9,50;12
2017-11-10 23:00:21+00:00;4,90114E+16;8.489.279.906.805.850;5,94;89
2017-11-11 00:00:21+00:00;366.305.554.206.446;15.054.659.786.798.200;13,54;10
2017-11-11 01:00:21+00:00;3.134.476.793.009.180;13.699.449.674.052.500;13,52;70
2017-11-11 02:00:21+00:00;3.208.210.471.728.010;15.717.998.534.030.000;14,38;100
2017-11-11 03:00:21+00:00;22.007.881.369.739.300;1.412.773.335.463.840;8,44;15
2017-11-11 04:00:21+00:00;3.975.539.106.795.290;15.196.518.703.848.000;12,51;100
2017-11-11 05:00:21+00:00;5.376.758.902.725.480;13.560.830.078.709.300;10,11;100
2017-11-11 06:00:21+00:00;26.063.860.429.519.300;14.213.117.668.746.000;11,04;100
2017-11-11 07:00:21+00:00;4.884.913.358.592.810;11.289.489.530.707.300;0,89;97
2017-11-11 08:00:21+00:00;3.875.431.270.092.700;14.384.388.145.404.200;10,58;100
2017-11-11 09:00:21+00:00;4.104.335.947.065.970;13.075.965.169.141.000;9,01;21
2017-11-11 10:00:21+00:00;3.726.387.820.582.080;14.713.681.235.732.200;10,87;88
2017-11-11 11:00:21+00:00;3.096.314.790.124.170;10.656.549.718.222.600;7,14;100
2017-11-11 12:00:21+00:00;4.272.663.316.814.190;16.919.520.755.395.000;1,56;100
2017-11-11 13:00:21+00:00;2.816.809.035.478.170;14.127.576.176.679.400;11,17;65
2017-11-11 14:00:21+00:00;47.313.133.727.926.800;15.449.234.818.306.500;14,38;100
2017-11-11 15:00:21+00:00;50.108.386.218.670.400;13.536.603.441.525.500;1,30;70
2017-11-11 16:00:21+00:00;32.396.868.063.540.400;14.988.552.714.000.300;14,76;70
2017-11-11 17:00:21+00:00;2.415.179.337.635.440;8.078.170.574.208.430;3,95;13
2017-11-11 18:00:21+00:00;3.539.424.555.608.650;132.641.595.810.466;11,14;100
2017-11-11 19:00:21+00:00;50.626.710.475.533.500;11.601.540.588.962.300;6,80;100
2017-11-11 20:00:21+00:00;2.951.743.361.673.690;12.651.845.188.017.800;13,80;26
2017-11-11 21:00:21+00:00;3.625.005.566.934.620;15.977.010.906.037.400;13,96;54
2017-11-11 22:00:21+00:00;34.093.922.714.277.500;9.644.269.099.751.770;6,78;84
2017-11-11 23:00:21+00:00;2.989.210.122.721.560;15.319.670.450.185.900;1,16;77
2017-11-12 00:00:21+00:00;5.622.358.541.016.670;14.644.276.144.496.200;13,39;100
2017-11-12 01:00:21+00:00;4.607.260.404.767.540;16.631.532.864.648.600;12,57;15
2017-11-12 02:00:21+00:00;27.459.340.585.324.900;8.494.288.725.700.960;4,08;75
2017-11-12 03:00:21+00:00;8.991.534.962.150.560;14.955.225.230.094.500;12,86;91
2017-11-12 04:00:21+00:00;4.126.649.814.060.950;14.138.159.188.493.300;13,78;94
2017-11-12 05:00:21+00:00;2.478.948.237.814.920;13.396.099.510.307.900;10,57;100
2017-11-12 06:00:21+00:00;3.733.015.501.270.490;1.702.851.107.718.100;15,12;11
2017-11-12 07:00:21+00:00;3.465.549.241.304.450;84.108.821.936.757;5,55;52
2017-11-12 08:00:21+00:00;5.175.077.474.077.240;13.828.696.609.407.300;11,31;46
2017-11-12 09:00:21+00:00;32.432.451.678.970.400;16.005.509.020.802.800;13,00;100
2017-11-12 10:00:21+00:00;39.875.684.344.636.200;9.581.755.175.477.870;6,96;100
2017-11-12 11:00:21+00:00;62.937.363.183.346.000;14.967.286.905.858.700;10,08;67
2017-11-12 12:00:21+00:00;5.031.584.138.476.380;14.314.503.977.564.300;9,99;100
2017-11-12 13:00:21+00:00;14.876.182.631.280.800;8.357.908.029.337.300;0,53;52
2017-11-12 14:00:21+00:00;3.086.138.412.892.640;16.186.138.459.897.000;12,03;20
2017-11-12 15:00:21+00:00;29.434.922.198.781.900;11.361.509.945.000.800;8,82;68
2017-11-12 16:00:21+00:00;41.414.767.398.573.300;1.735.450.673.111.180;14,17;50
2017-11-12 17:00:21+00:00;27.755.410.062.211.600;14.917.804.660.526.600;12,22;50
2017-11-12 18:00:21+00:00;15.501.457.805.907.400;14.252.316.588.952.600;0,11;100
2017-11-12 19:00:21+00:00;3.595.062.716.195.180;1.598.197.055.381.310;12,82;8
2017-11-12 20:00:21+00:00;4.691.837.842.927.760;15.694.718.718.312.200;10,84;100
2017-11-12 21:00:21+00:00;35.525.374.913.410.000;8.772.264.340.721.080;7,40;70
2017-11-12 22:00:21+00:00;3.438.773.218.851.430;9.388.762.427.323.470;43,79;67
2017-11-12 23:00:21+00:00;345.374.161.991.987;13.177.115.787.418.500;8,52;96
2017-11-13 00:00:21+00:00;26.847.531.194.746.000;10.918.860.734.674.700;0,67;64
2017-11-13 01:00:21+00:00;30.993.610.228.210.100;17.551.446.838.359.900;12,90;100
2017-11-13 02:00:21+00:00;3.270.738.684.234.430;11.121.428.648.072.600;9,48;70
2017-11-13 03:00:21+00:00;4.316.625.158.605.210;13.748.422.486.700.800;11,35;100
2017-11-13 04:00:21+00:00;50.214.011.100.151.400;14.939.614.803.251.300;12,50;81
2017-11-13 05:00:21+00:00;42.701.172.940.020.500;19.454.812.151.646.000;17,18;100
2017-11-13 06:00:21+00:00;28.966.817.615.340.300;1.631.338.061.393.150;13,41;100
2017-11-13 07:00:21+00:00;12.317.748.700.710.700;11.921.037.486.297.400;7,52;100
2017-11-13 08:00:21+00:00;3.211.816.528.360.900;14.798.111.133.079.700;11,90;0
2017-11-13 09:00:21+00:00;4.306.213.879.130.920;15.219.250.159.233.700;1,03;100
2017-11-13 10:00:21+00:00;4.739.175.994.881.680;1.503.397.304.359.460;11,36;0
2017-11-13 11:00:21+00:00;33.493.923.966.223.200;11.146.311.341.361.200;9,71;34
2017-11-13 12:00:21+00:00;26.158.287.960.235.200;1.845.430.832.839.320;14,43;100
2017-11-13 13:00:21+00:00;21.321.669.872.772.500;10.555.280.903.854.800;9,73;94
2017-11-13 14:00:21+00:00;4.531.716.062.627.170;15.175.288.553.180.800;0,12;93
2017-11-13 15:00:21+00:00;168.546.798.182.732;11.384.766.678.738.300;6,08;74
2017-11-13 16:00:21+00:00;46.558.783.721.053.700;14.473.068.312.608.400;10,79;100
2017-11-13 17:00:21+00:00;2.831.601.765.542.630;13.049.774.787.009.300;11,71;47
2017-11-13 18:00:21+00:00;2.187.940.544.592.300;10.365.125.799.941.200;9,21;100
2017-11-13 19:00:21+00:00;55.790.203.065.699.500;7.521.001.181.338.880;38,74;100
2017-11-13 20:00:21+00:00;1.879.617.799.118.030;15.673.682.369.876.800;11,62;22
2017-11-13 21:00:21+00:00;1.771.179.073.542.830;12.168.104.835.759.200;10,15;31
2017-11-13 22:00:21+00:00;606.944.117.916.066;13.862.657.980.186.700;10,05;100
2017-11-13 23:00:21+00:00;4.141.489.833.469.490;1.789.243.218.094.130;13,64;100
2017-11-14 00:00:21+00:00;4.012.735.000.423.390;15.038.395.477.373.700;12,53;97
2017-11-14 01:00:21+00:00;4.123.670.612.667.330;6.494.169.053.597.200;8,86;55
2017-11-14 02:00:21+00:00;2.804.407.385.827.220;10.553.875.467.757.100;9,06;77
2017-11-14 03:00:21+00:00;3.091.542.788.789.940;9.058.129.272.378.010;0,86;12
2017-11-14 04:00:21+00:00;5.854.628.112.485.200;115.025.292.071.989;7,43;100
2017-11-14 05:00:21+00:00;3.465.442.084.480.940;12.867.780.588.812.800;7,80;8
2017-11-14 06:00:21+00:00;24.627.480.494.178.100;19.723.282.159.416.700;14,03;100
2017-11-14 07:00:21+00:00;516.870.478.107.929;15.966.909.676.653.300;12,42;100
2017-11-14 08:00:21+00:00;2.566.145.434.371.750;14.389.781.625.012.700;1,20;100
2017-11-14 09:00:21+00:00;4.112.818.452.592.270;1.460.185.475.354.120;12,64;100
2017-11-14 10:00:21+00:00;5.277.371.628.095.000;1.467.766.233.917.910;1,35;88
2017-11-14 11:00:21+00:00;3.491.097.282.715.270;9.273.869.968.837.660;9,93;100
2017-11-14 12:00:21+00:00;9.033.993.788.020.540;1.010.585.404.124.210;3,93;100
2017-11-14 13:00:21+00:00;4.640.561.506.749.120;14.629.695.398.452.500;9,74;63
2017-11-14 14:00:21+00:00;519.040.122.563.009;13.537.081.793.462.600;14,16;100
2017-11-14 15:00:21+00:00;35.530.750.065.162.800;14.258.342.468.129.500;12,10;67
2017-11-14 16:00:21+00:00;31.204.030.180.804.400;17.419.579.295.109.700;1,37;49
2017-11-14 17:00:21+00:00;36.009.415.794.824.900;1.184.621.865.600.040;5,02;100
2017-11-14 18:00:21+00:00;3.709.477.484.785.420;12.628.454.148.128.800;50,00;100
2017-11-14 19:00:21+00:00;30.900.250.683.814.200;14.123.793.940.498.600;13,07;85
2017-11-14 20:00:21+00:00;59.710.637.809.297.900;9.395.691.038.189.570;6,58;87
2017-11-14 21:00:21+00:00;39.555.238.838.362.000;9.951.371.053.025.970;9,05;60
2017-11-14 22:00:21+00:00;34.477.564.345.192.000;16.831.973.394.168.300;1,27;81
2017-11-14 23:00:21+00:00;4.581.386.440.721.040;12.811.356.178.039.200;14,61;100
2017-11-15 00:00:21+00:00;30.666.245.702.090.000;12.335.622.959.266.900;9,78;17
2017-11-15 01:00:21+00:00;32.203.141.277.599.200;14.110.353.731.426.900;8,31;71
2017-11-15 02:00:21+00:00;4.358.657.808.768.050;9.474.913.722.951.960;8,74;17
2017-11-15 03:00:21+00:00;3.535.681.462.471.700;12.780.805.893.084.500;10,37;82
2017-11-15 04:00:21+00:00;45.723.462.154.104.000;1.213.108.127.270.570;8,46;55
2017-11-15 05:00:21+00:00;3.122.957.527.223.180;14.416.402.517.694.600;11,93;100
2017-11-15 06:00:21+00:00;4.293.139.735.522.760;840.500.320.608.641;8,82;100
2017-11-15 07:00:21+00:00;4.665.675.185.609.220;11.581.406.424.812.300;8,79;78
2017-11-15 08:00:21+00:00;4.904.211.934.672.570;12.407.798.333.430.600;8,02;7
2017-11-15 09:00:21+00:00;10.667.046.375.559.800;12.348.848.038.382.700;10,29;19
2017-11-15 10:00:21+00:00;3.838.029.435.391.860;16.076.248.355.875.300;11,58;54
2017-11-15 11:00:21+00:00;4.712.520.300.829.610;11.615.271.040.319.500;9,95;46
2017-11-15 12:00:21+00:00;2.025.167.086.476.950;20.986.761.481.628.300;19,32;100
2017-11-15 13:00:21+00:00;4.860.029.512.638.870;15.337.191.680.635.500;1,00;77
2017-11-15 14:00:21+00:00;3.871.985.614.747.250;1.234.470.250.979.840;6,18;100
2017-11-15 15:00:21+00:00;2.943.686.100.128.600;14.991.650.297.414.800;16,58;100
2017-11-15 16:00:21+00:00;4.031.839.664.514.570;152.877.261.798.259;12,50;39
2017-11-15 17:00:21+00:00;463.893.759.062.521;12.772.256.793.037.600;7,72;7
2017-11-15 18:00:21+00:00;6.885.095.050.641.740;16.319.340.257.290.400;11,05;100
2017-11-15 19:00:21+00:00;5.721.575.872.721.100;11.157.908.339.969.500;7,98;1
2017-11-15 20:00:21+00:00;10.054.203.488.358.400;1.494.745.154.632.430;12,56;38
2017-11-15 21:00:21+00:00;21.535.515.749.814.500;13.270.559.448.120.100;50,00;66
2017-11-15 22:00:21+00:00;53.515.942.156.289.000;14.227.436.462.951.200;12,78;5
2017-11-15 23:00:21+00:00;47.157.992.626.436.700;14.080.065.840.079.200;9,89;100
2017-11-16 00:00:21+00:00;2.977.340.961.872.360;13.568.960.425.014.600;13,82;92
2017-11-16 01:00:21+00:00;46.800.355.814.277.700;1.832.031.282.568.380;15,43;100
2017-11-16 02:00:21+00:00;40.506.151.689.034.500;12.105.711.844.154.000;11,47;59
2017-11-16 03:00:21+00:00;3.932.721.668.804.230;11.609.372.072.298.300;8,82;100
2017-11-16 04:00:21+00:00;-12.979.070.095.904.400;13.310.412.751.868.300;11,14;69
2017-11-16 05:00:21+00:00;2.112.388.578.961.830;16.686.778.495.036.600;1,61;11
2017-11-16 06:00:21+00:00;3.081.979.607.818.660;1.361.764.184.005.600;9,19;100
2017-11-16 07:00:21+00:00;5.510.240.954.749.740;13.351.584.054.791.300;1,16;7
2017-11-16 08:00:21+00:00;46.003.590.097.166.000;1.217.697.201.232.280;1,08;100
2017-11-16 09:00:21+00:00;3.527.060.859.998.070;12.344.916.485.188.300;12,60;30
2017-11-16 10:00:21+00:00;5.140.372.464.071.920;161.200.240.235.934;1,16;51
2017-11-16 11:00:21+00:00;2.903.458.303.085.800;1.337.393.589.839.000;0,90;100
2017-11-16 12:00:21+00:00;17.256.429.406.897.300;14.142.764.155.017.600;13,69;100
2017-11-16 13:00:21+00:00;23.578.888.071.488.200;11.831.589.595.932.000;9,02;54
2017-11-16 14:00:21+00:00;3.871.812.159.198.730;15.409.785.794.618.000;10,53;100
2017-11-16 15:00:21+00:00;4.848.874.428.112.490;16.492.502.294.006.400;12,20;100
2017-11-16 16:00:21+00:00;3.678.133.191.816.320;1.127.471.773.643.690;6,25;63
2017-11-16 17:00:21+00:00;49.118.829.716.615.100;1.133.612.580.553.050;9,01;93
2017-11-16 18:00:21+00:00;3.627.533.987.715.600;11.476.519.127.614.300;3,42;100
2017-11-16 19:00:21+00:00;4.262.349.558.498.160;160.376.731.878.057;13,36;100
2017-11-16 20:00:21+00:00;5.847.779.597.000.420;11.193.702.324.122.800;5,87;9
2017-11-16 21:00:21+00:00;428.856.152.145.447;12.690.350.794.773.000;12,69;76
2017-11-16 22:00:21+00:00;27.144.173.912.511.900;11.136.698.841.222.600;7,50;17
2017-11-16 23:00:21+00:00;3.731.303.981.129.150;17.629.343.782.560.200;12,45;100
2017-11-17 00:00:21+00:00;3.736.582.319.797.250;12.235.244.494.893.100;9,87;18
2017-11-17 01:00:21+00:00;29.334.398.226.769.100;17.560.163.494.946.200;14,83;7
2017-11-17 02:00:21+00:00;25.371.490.963.454.200;1.346.071.112.071.850;10,84;49
2017-11-17 03:00:21+00:00;645.927.740.758.157;1.232.785.353.660.280;6,62;67
2017-11-17 04:00:21+00:00;31.408.229.630.227.100;15.463.199.524.513.900;12,61;77
2017-11-17 05:00:21+00:00;5.662.091.145.313.390;13.429.816.789.498.200;10,59;65
2017-11-17 06:00:21+00:00;26.060.683.008.684.800;16.946.000.267.799.900;13,32;1
2017-11-17 07:00:21+00:00;2.592.564.633.453.550;12.999.777.525.465.100;11,56;44
2017-11-17 08:00:21+00:00;3.281.863.581.094.510;12.429.146.943.576.700;8,40;89
2017-11-17 09:00:21+00:00;16.828.718.582.145.900;12.419.426.504.581.400;7,67;82
2017-11-17 10:00:21+00:00;27.335.150.597.353.100;1.654.015.321.780.350;1,45;100
2017-11-17 11:00:21+00:00;3.852.971.093.383.240;14.133.650.367.966.600;7,41;89
2017-11-17 12:00:21+00:00;1.913.567.008.649.310;11.735.917.780.513.500;9,95;95
2017-11-17 13:00:21+00:00;5.195.082.134.774.330;10.042.461.326.529.200;5,61;44
2017-11-17 14:00:21+00:00;3.589.549.600.919.590;14.037.572.874.124.600;14,03;100
2017-11-17 15:00:21+00:00;3.864.813.771.766.280;11.249.074.156.974.400;6,09;30
2017-11-17 16:00:21+00:00;32.160.852.497.428.100;9.235.837.167.936.890;4,52;83
2017-11-17 17:00:21+00:00;3.735.290.104.665.060;16.166.337.646.863.900;1,76;89
2017-11-17 18:00:21+00:00;4.656.521.330.721.310;10.535.138.098.169.300;1,10;100
2017-11-17 19:00:21+00:00;40.342.508.777.054.300;9.189.745.505.193.810;5,74;100
2017-11-17 20:00:21+00:00;50.172.832.836.625.900;13.191.522.371.991.800;0,81;73
2017-11-17 21:00:21+00:00;37.645.001.394.723.200;12.797.858.419.432.600;8,39;21
2017-11-17 22:00:21+00:00;4.712.001.305.620.660;11.406.418.261.778.500;0,98;100
2017-11-17 23:00:21+00:00;40.781.656.099.824.000;14.056.300.178.774.800;11,81;41
2017-11-18 00:00:21+00:00;918.770.702.273.181;12.805.430.102.976.300;9,45;57
2017-11-18 01:00:21+00:00;22.135.090.774.542.100;18.860.378.894.300.200;1,85;71
2017-11-18 02:00:21+00:00;25.183.741.459.803.500;13.057.197.857.951.000;8,87;100
2017-11-18 03:00:21+00:00;26.564.610.910.059.300;10.437.830.855.451.000;0,46;100
2017-11-18 04:00:21+00:00;21.479.484.754.321.000;14.253.377.365.119.100;1,67;100
2017-11-18 05:00:21+00:00;4.966.016.547.926.320;14.454.392.763.634.300;13,39;89
2017-11-18 06:00:21+00:00;55.237.920.294.270.200;12.712.320.714.504.600;9,76;36
2017-11-18 07:00:21+00:00;1.617.246.818.035.190;9.489.596.004.723.400;8,01;63
2017-11-18 08:00:21+00:00;4.417.979.576.325.900;17.277.199.710.373.800;14,06;100
2017-11-18 09:00:21+00:00;44.413.641.820.642.100;10.462.306.285.442.000;50,00;100
2017-11-18 10:00:21+00:00;63.144.908.149.578.700;15.668.738.007.310.900;12,50;100
2017-11-18 11:00:21+00:00;3.337.089.576.805.890;16.515.958.655.018.200;14,08;90
2017-11-18 12:00:21+00:00;16.077.235.135.281.800;12.773.075.320.873.700;10,99;100
2017-11-18 13:00:21+00:00;14.870.289.233.033.600;15.658.844.397.154.800;7,76;100
2017-11-18 14:00:21+00:00;4.891.258.959.696.590;15.871.250.587.938.600;13,07;94
2017-11-18 15:00:21+00:00;25.735.609.631.524.900;10.923.928.774.171.600;9,67;10
2017-11-18 16:00:21+00:00;4.333.950.576.306.780;17.093.896.312.423.500;1,36;100
2017-11-18 17:00:21+00:00;348.846.973.459.073;14.324.019.628.470.200;9,03;82
2017-11-18 18:00:21+00:00;49.015.010.136.930.700;8.273.778.152.492.940;9,24;95
2017-11-18 19:00:21+00:00;15.559.710.501.222.900;14.005.810.769.948.400;1,11;67
2017-11-18 20:00:21+00:00;36.970.407.297.436.900;12.169.041.098.061.200;9,31;100
2017-11-18 21:00:21+00:00;4.519.842.061.668.900;14.606.840.715.917.600;1,14;30
2017-11-18 22:00:21+00:00;4.501.511.967.117.660;11.972.156.751.264.300;6,65;43
2017-11-18 23:00:21+00:00;4.848.697.012.632.400;119.872.609.320.782;13,50;71
2017-11-19 00:00:21+00:00;15.046.232.107.515.100;1.101.230.997.794.540;1,11;62
2017-11-19 01:00:21+00:00;33.858.141.531.061.300;14.070.572.196.179.300;9,88;100
2017-11-19 02:00:21+00:00;3.469.803.042.278.010;14.787.124.476.402.000;50,00;89
2017-11-19 03:00:21+00:00;5.432.280.021.591.320;13.518.307.873.888.600;1,19;10
2017-11-19 04:00:21+00:00;709.529.165.256.448;12.811.723.040.821.400;1,17;32
2017-11-19 05:00:21+00:00;538.503.017.968.896;13.759.515.527.966.400;11,14;93
2017-11-19 06:00:21+00:00;45.994.679.976.629.800;16.089.245.331.856.200;1,22;4
2017-11-19 07:00:21+00:00;422.942.400.534.618;11.001.907.926.536.800;5,47;100
2017-11-19 08:00:21+00:00;372.730.215.255.107;1.028.263.137.230.130;0,94;52
2017-11-19 09:00:21+00:00;5.288.959.854.746.560;1.061.207.251.313.080;5,12;100
2017-11-19 10:00:21+00:00;3.971.051.287.791.840;9.548.598.518.200.710;8,19;100
2017-11-19 11:00:21+00:00;30.487.447.633.287.300;11.065.556.496.777.500;10,31;96
2017-11-19 12:00:21+00:00;3.365.856.528.343.810;1.629.365.736.050.160;12,42;99
2017-11-19 13:00:21+00:00;28.281.977.656.650.600;9.402.037.857.683.600;7,01;100
2017-11-19 14:00:21+00:00;12.028.107.221.685.500;1.291.565.843.490.370;50,00;65
2017-11-19 15:00:21+00:00;13.016.916.435.066.600;15.142.151.383.852.600;10,26;100
2017-11-19 16:00:21+00:00;3.609.847.423.759.660;13.553.701.706.897.000;9,89;85
2017-11-19 17:00:21+00:00;8.503.208.900.294.100;15.641.768.405.892.600;0,93;96
2017-11-19 18:00:21+00:00;2.134.320.802.112.660;12.117.581.135.794.500;12,26;20
2017-11-19 19:00:21+00:00;4.202.122.208.479.270;1.232.952.607.464.840;8,31;100
2017-11-19 20:00:21+00:00;26.339.080.254.528.000;12.579.469.734.142.300;9,13;91
2017-11-19 21:00:21+00:00;1.927.942.556.576.100;14.867.411.150.229.900;15,46;100
2017-11-19 22:00:21+00:00;18.622.900.467.490.200;20.148.710.820.250.100;18,16;76
2017-11-19 23:00:21+00:00;5.083.535.713.664.170;13.506.786.376.528.300;14,32;100
2017-11-20 00:00:21+00:00;46.372.390.254.593.400;12.951.316.133.373.900;12,91;100
2017-11-20 01:00:21+00:00;25.820.816.818.042.400;11.188.492.253.446.900;10,34;93
2017-11-20 02:00:21+00:00;4.015.170.296.950.550;17.747.004.416.179.400;12,59;96
2017-11-20 03:00:21+00:00;3.728.465.646.529.180;12.586.655.304.688.100;7,12;65
2017-11-20 04:00:21+00:00;46.668.872.133.804.400;12.026.034.481.723.000;11,22;100
2017-11-20 05:00:21+00:00;5.210.698.943.403.720;13.015.736.237.953.800;9,32;100
2017-11-20 06:00:21+00:00;11.705.849.368.568.800;17.946.686.329.055.400;0,97;44
2017-11-20 07:00:21+00:00;4.148.025.375.443.900;12.163.397.929.745.500;1,06;67
2017-11-20 08:00:21+00:00;3.606.607.376.641.920;13.464.026.804.757.600;11,23;100
2017-11-20 09:00:21+00:00;5.201.968.388.348.920;7.420.843.794.580.230;33,34;34
2017-11-20 10:00:21+00:00;12.611.567.381.544.700;1.590.328.919.710.620;15,52;100
2017-11-20 11:00:21+00:00;1.940.446.680.684.460;12.830.549.918.402.500;8,52;18
2017-11-20 12:00:21+00:00;35.894.273.377.561.500;1.573.772.655.832.950;17,05;2
2017-11-20 13:00:21+00:00;31.421.838.240.884.700;15.062.921.186.070.500;14,68;1
2017-11-20 14:00:21+00:00;3.990.493.983.505.520;13.910.460.355.183.200;13,15;100
2017-11-20 15:00:21+00:00;15.009.336.482.076.400;12.433.650.767.297.400;0,87;11
2017-11-20 16:00:21+00:00;5.076.937.152.526.670;13.678.770.823.852.300;11,29;96
2017-11-20 17:00:21+00:00;39.178.258.428.255.800;10.272.888.487.388.000;8,76;54
2017-11-20 18:00:21+00:00;3.764.989.225.962.500;14.070.388.700.748.400;1,07;4
2017-11-20 19:00:21+00:00;33.135.062.298.905;14.867.226.995.786.500;11,93;67
2017-11-20 20:00:21+00:00;2.078.039.025.923.570;13.723.897.759.511.000;14,44;100
2017-11-20 21:00:21+00:00;2.558.438.769.907.000;13.612.634.012.765.500;9,49;100
2017-11-20 22:00:21+00:00;57.128.204.949.975.600;1.205.464.739.986.770;10,56;100
2017-11-20 23:00:21+00:00;3.667.073.198.641.430;1.313.560.138.296.650;9,38;68
2017-11-21 00:00:21+00:00;3.672.562.477.007.100;10.863.919.574.675.900;5,54;100
2017-11-21 01:00:21+00:00;47.009.044.746.586.200;12.201.535.674.899.500;11,88;83
2017-11-21 02:00:21+00:00;23.473.121.508.496.400;18.534.396.218.464.300;15,64;16
2017-11-21 03:00:21+00:00;4.096.957.902.056.320;13.740.324.459.806.400;1,30;82
2017-11-21 04:00:21+00:00;3.703.907.015.067.860;14.702.703.570.588.700;9,85;60
2017-11-21 05:00:21+00:00;31.971.830.198.601.700;13.461.348.593.999.100;0,10;100
2017-11-21 06:00:21+00:00;2.927.042.460.358.120;13.684.241.922.448.900;11,74;2
2017-11-21 07:00:21+00:00;4.390.771.985.507.640;13.851.153.874.667.300;1,26;100
2017-11-21 08:00:21+00:00;42.885.782.565.565.500;12.940.472.342.635.800;12,74;0
2017-11-21 09:00:21+00:00;2.527.897.830.051.860;14.964.442.030.679.300;11,77;100
2017-11-21 10:00:21+00:00;42.268.593.115.203.300;11.788.572.889.815.400;10,44;100
2017-11-21 11:00:21+00:00;2.261.114.683.891.810;9.926.701.587.782.300;11,52;100
2017-11-21 12:00:21+00:00;26.506.083.598.707.900;14.002.340.400.518.900;10,44;34
2017-11-21 13:00:21+00:00;3.932.140.671.716.590;16.238.111.894.699.700;13,55;100
2017-11-21 14:00:21+00:00;39.450.109.387.640.700;11.949.965.566.504.300;0,09;86
2017-11-21 15:00:21+00:00;209.670.461.948.244;15.427.933.087.964.300;12,76;100
2017-11-21 16:00:21+00:00;39.441.467.011.660.900;151.564.834.077.069;14,90;89
2017-11-21 17:00:21+00:00;3.167.556.363.374.200;17.310.239.606.977.900;12,66;100
2017-11-21 18:00:21+00:00;4.733.281.780.765.530;18.046.458.480.110.000;12,75;100
2017-11-21 19:00:21+00:00;4.036.353.809.803.720;14.932.558.647.224.800;13,70;42
2017-11-21 20:00:21+00:00;21.169.874.765.452.500;13.234.398.783.679.400;13,61;37
2017-11-21 21:00:21+00:00;3.946.518.383.750.080;9.603.653.552.554.720;4,77;100
2017-11-21 22:00:21+00:00;2.478.626.157.706.900;15.894.171.427.860.100;12,04;100
2017-11-21 23:00:21+00:00;3.544.440.602.041.840;1.626.984.053.298.380;13,65;11
2017-11-22 00:00:21+00:00;40.779.477.661.037.300;12.900.419.752.321.100;10,41;100
2017-11-22 01:00:21+00:00;4.148.262.722.856.090;14.379.114.155.687.100;11,78;25
2017-11-22 02:00:21+00:00;24.279.820.633.099.900;11.034.412.549.582.800;8,96;4
2017-11-22 03:00:21+00:00;28.333.080.003.652.200;12.073.670.397.612.700;8,19;83
2017-11-22 04:00:21+00:00;3.742.366.450.094.660;10.318.574.785.214.300;3,13;58
2017-11-22 05:00:21+00:00;29.667.108.554.672.800;14.177.726.677.256.200;1,13;100
2017-11-22 06:00:21+00:00;3.057.592.576.869.310;12.555.560.256.546.000;9,59;46
2017-11-22 07:00:21+00:00;2.066.900.247.457.440;16.556.850.794.526.800;10,26;100
2017-11-22 08:00:21+00:00;4.012.126.567.829.680;14.094.576.163.142.600;0,99;100
2017-11-22 09:00:21+00:00;26.887.669.242.898.400;14.381.696.786.751.700;13,29;100
2017-11-22 10:00:21+00:00;31.389.482.245.383.900;13.552.799.417.397.800;10,45;59
2017-11-22 11:00:21+00:00;3.455.024.555.570.720;1.735.766.364.467.460;14,26;100
2017-11-22 12:00:21+00:00;20.805.261.880.724.800;1.704.845.195.735.980;11,50;85
2017-11-22 13:00:21+00:00;1.525.036.458.788.980;13.108.705.112.152.700;1,17;1
2017-11-22 14:00:21+00:00;55.564.728.041.956.100;14.249.110.832.218.700;15,85;98
2017-11-22 15:00:21+00:00;14.255.513.298.953.700;1.695.740.330.510.160;14,61;96
2017-11-22 16:00:21+00:00;4.846.859.651.001.900;10.672.130.178.857.000;0,94;100
2017-11-22 17:00:21+00:00;46.613.634.282.795.200;14.257.688.205.261.300;11,91;100
2017-11-22 18:00:21+00:00;3.566.197.683.322.870;12.675.839.421.316.200;8,82;100
2017-11-22 19:00:21+00:00;532.095.814.690.759;17.097.610.387.206.500;1,56;82
2017-11-22 20:00:21+00:00;4.555.471.590.759.810;1.481.238.268.458.000;1,16;100
2017-11-22 21:00:21+00:00;39.763.996.276.098.100;9.309.142.441.242.140;10,89;60
2017-11-22 22:00:21+00:00;4.093.562.733.185.240;12.516.507.636.528.300;13,59;100
2017-11-22 23:00:21+00:00;4.639.146.809.239.110;16.930.525.850.334.400;12,47;52
2017-11-23 00:00:21+00:00;3.977.087.370.551.080;1.568.910.676.185.200;14,08;100
2017-11-23 01:00:21+00:00;4.747.805.082.668.350;1.099.597.597.950.150;7,62;44
2017-11-23 02:00:21+00:00;5.708.557.894.673.140;11.150.599.751.273.800;11,25;93
2017-11-23 03:00:21+00:00;5.153.098.409.239.220;13.714.584.947.785.800;9,21;61
2017-11-23 04:00:21+00:00;3.163.135.410.134.700;1.339.314.423.267.770;1,12;100
2017-11-23 05:00:21+00:00;24.903.775.027.206.100;12.902.274.778.457.700;1,14;45
2017-11-23 06:00:21+00:00;365.514.566.037.803;1.254.674.853.272.730;1,16;55
2017-11-23 07:00:21+00:00;6.267.379.805.000.110;12.098.906.790.693.900;7,64;8
2017-11-23 08:00:21+00:00;1.830.340.061.805.930;18.996.973.226.352.900;16,11;100
2017-11-23 09:00:21+00:00;33.173.328.382.151.400;12.637.689.934.790.100;1,05;77
2017-11-23 10:00:21+00:00;3.446.538.943.794.370;11.926.058.765.014.600;7,27;71
2017-11-23 11:00:21+00:00;2.421.298.056.004.720;1.475.254.101.392.530;14,11;100
2017-11-23 12:00:21+00:00;37.178.262.618.142.700;13.279.239.709.212.000;1,38;91
2017-11-23 13:00:21+00:00;2.912.660.775.974.420;11.289.372.518.832.800;9,15;51
2017-11-23 14:00:21+00:00;3.513.241.730.608.690;12.918.400.183.816.300;10,07;45
2017-11-23 15:00:21+00:00;3.346.715.080.213.210;13.379.253.472.696.800;0,10;70
2017-11-23 16:00:21+00:00;35.566.269.320.099.900;14.568.997.001.818.700;1,67;100
2017-11-23 17:00:21+00:00;2.293.515.847.836.510;14.284.541.273.263.600;13,31;55
2017-11-23 18:00:21+00:00;30.038.746.895.338.700;11.061.484.474.235.800;7,42;41
2017-11-23 19:00:21+00:00;3.294.084.503.067.090;15.001.805.388.018.700;0,88;100
2017-11-23 20:00:21+00:00;3.425.401.696.051.450;15.689.389.471.335.400;11,70;80
2017-11-23 21:00:21+00:00;36.701.740.402.835.000;10.914.992.726.791.400;7,89;79
2017-11-23 22:00:21+00:00;4.387.283.959.292.110;1.164.075.617.753.850;0,98;48
2017-11-23 23:00:21+00:00;21.682.736.480.733.200;13.099.203.576.475.200;10,57;54
2017-11-24 00:00:21+00:00;31.924.473.087.401.500;14.057.722.639.915.000;1,35;31
2017-11-24 01:00:21+00:00;23.418.651.340.411.900;14.150.029.691.777.500;0,59;36
2017-11-24 02:00:21+00:00;2.239.235.567.278.170;13.421.431.473.554.800;11,81;6
2017-11-24 03:00:21+00:00;41.413.545.091.509.300;10.052.185.352.324.600;9,83;87
2017-11-24 04:00:21+00:00;3.560.099.630.401.720;1.598.038.900.165.390;9,19;100
2017-11-24 05:00:21+00:00;2.958.257.833.602.830;111.193.013.666.417;7,16;100
2017-11-24 06:00:21+00:00;26.662.737.934.069.500;16.801.638.335.637.500;12,47;13
2017-11-24 07:00:21+00:00;1.768.139.799.384.520;163.575.098.958.236;14,10;100
2017-11-24 08:00:21+00:00;5.008.984.570.600.760;10.823.628.011.832.600;7,83;81
2017-11-24 09:00:21+00:00;33.456.606.534.426.400;14.380.190.534.361.000;11,44;97
2017-11-24 10:00:21+00:00;13.548.919.029.744.000;16.827.073.688.185.800;11,88;64
2017-11-24 11:00:21+00:00;35.877.712.154.381.100;14.953.642.597.378.600;12,09;40
2017-11-24 12:00:21+00:00;27.461.734.132.322.100;9.406.332.415.158.870;0,63;100
2017-11-24 13:00:21+00:00;27.866.688.756.760.000;13.434.165.554.388.700;8,99;12
2017-11-24 14:00:21+00:00;4.738.811.713.703.710;15.547.821.224.483.900;12,72;100
2017-11-24 15:00:21+00:00;30.852.890.413.004.200;1.760.313.939.242.550;15,81;97
2017-11-24 16:00:21+00:00;5.694.495.292.493.480;13.196.166.820.831.200;11,08;100
2017-11-24 17:00:21+00:00;7.558.088.726.916.660;9.482.682.671.805.080;0,71;100
2017-11-24 18:00:21+00:00;51.006.233.616.151.800;1.883.357.932.067.760;1,71;93
2017-11-24 19:00:21+00:00;22.140.746.241.690.600;13.227.988.861.310.100;9,67;100
2017-11-24 20:00:21+00:00;5.212.580.433.609.240;17.029.478.343.965.800;13,46;89
2017-11-24 21:00:21+00:00;28.470.850.235.563.400;12.898.890.347.440.800;12,66;14
2017-11-24 22:00:21+00:00;4.141.023.360.916.680;14.858.872.172.335.000;11,03;88
2017-11-24 23:00:21+00:00;5.390.865.347.129.560;11.862.066.295.657.300;0,84;100
2017-11-25 00:00:21+00:00;21.865.346.176.641.700;11.909.149.992.875.700;11,01;9
2017-11-25 01:00:21+00:00;35.347.744.742.002.000;17.915.277.434.362.800;12,34;55
2017-11-25 02:00:21+00:00;3.614.672.024.948.550;15.804.878.509.739.800;15,05;39
2017-11-25 03:00:21+00:00;24.433.260.298.529.100;13.457.310.649.554.900;6,89;47
2017-11-25 04:00:21+00:00;11.443.407.526.204.100;1.579.226.232.936.630;12,78;100
2017-11-25 05:00:21+00:00;45.380.578.897.493.700;1.188.050.894.355.500;8,20;100
2017-11-25 06:00:21+00:00;17.458.806.551.105.000;1.352.885.197.417.550;11,50;90
2017-11-25 07:00:21+00:00;43.785.471.121.765.200;13.773.110.542.115.600;13,95;94
2017-11-25 08:00:21+00:00;33.840.100.491.329.200;11.685.050.406.978.200;7,03;100
2017-11-25 09:00:21+00:00;5.355.759.396.004.610;11.367.250.430.999.500;6,28;1
2017-11-25 10:00:21+00:00;22.923.036.181.727.100;8.943.311.816.369.510;9,46;100
2017-11-25 11:00:21+00:00;3.552.869.262.736.530;11.177.774.919.330.100;8,48;87
2017-11-25 12:00:21+00:00;6.058.440.939.572.150;1.795.962.408.014.850;14,20;7
2017-11-25 13:00:21+00:00;28.208.247.788.826.800;9.213.961.114.469.760;50,00;100
2017-11-25 14:00:21+00:00;5.655.980.989.194.320;13.441.124.137.499.300;10,03;56
2017-11-25 15:00:21+00:00;2.538.174.314.615.620;1.389.530.177.093.600;9,29;100
2017-11-25 16:00:21+00:00;3.785.249.329.169.130;12.919.130.091.250.100;9,85;100
2017-11-25 17:00:21+00:00;23.798.193.031.715.300;15.646.312.825.824.200;10,83;19
2017-11-25 18:00:21+00:00;42.471.821.333.965.100;12.857.787.948.501.600;1,23;96
2017-11-25 19:00:21+00:00;18.473.118.926.439.100;15.838.266.222.905.500;11,56;54
2017-11-25 20:00:21+00:00;28.153.109.951.058.300;14.857.269.565.045.600;1,45;4
2017-11-25 21:00:21+00:00;3.039.126.104.063.040;10.241.956.061.887.200;9,53;100
2017-11-25 22:00:21+00:00;252.992.418.004.692;16.343.048.297.231.200;1,11;100
2017-11-25 23:00:21+00:00;54.654.226.707.509.500;12.763.833.548.470.900;8,08;94
2017-11-26 00:00:21+00:00;2.743.136.840.323.490;9.179.745.762.379.190;6,90;79
2017-11-26 01:00:21+00:00;3.666.139.860.700.820;14.668.459.326.636.700;1,03;100
2017-11-26 02:00:21+00:00;59.582.691.946.224.500;12.828.687.775.613.600;8,78;100
2017-11-26 03:00:21+00:00;3.716.606.762.916.840;17.476.311.927.585.300;15,66;100
2017-11-26 04:00:21+00:00;2.694.863.140.076.600;16.183.055.937.017.800;1,35;26
2017-11-26 05:00:21+00:00;623.732.725.382.306;11.336.135.147.264.400;11,53;35
2017-11-26 06:00:21+00:00;489.089.622.889.007;15.827.357.943.421.200;10,52;19
2017-11-26 07:00:21+00:00;5.271.252.294.007.300;11.836.477.021.231.100;5,80;100
2017-11-26 08:00:21+00:00;5.436.339.088.502.530;9.504.956.894.882.180;6,14;41
2017-11-26 09:00:21+00:00;3.494.059.670.792.070;12.034.077.824.140.900;11,78;13
2017-11-26 10:00:21+00:00;1.801.865.868.679.900;1.030.059.770.816.340;50,00;74
2017-11-26 11:00:21+00:00;4.818.443.433.563.960;13.491.954.966.179.800;14,07;73
2017-11-26 12:00:21+00:00;11.893.390.623.674.200;1.820.864.591.531.100;13,50;43
2017-11-26 13:00:21+00:00;1.718.570.443.086.330;13.716.022.791.174.700;12,14;8
2017-11-26 14:00:21+00:00;35.007.438.393.781.700;14.644.469.198.655.700;11,66;100
2017-11-26 15:00:21+00:00;4.980.048.533.037.390;11.091.380.731.662.200;4,95;100
2017-11-26 16:00:21+00:00;27.381.940.422.387.600;12.214.174.044.201.900;8,45;100
2017-11-26 17:00:21+00:00;27.247.570.649.524.400;14.847.895.978.180.700;1,28;68
2017-11-26 18:00:21+00:00;6.828.380.898.170.850;13.358.692.491.931.400;10,59;94
2017-11-26 19:00:21+00:00;4.813.485.238.648.220;11.776.525.040.571.900;8,55;12
2017-11-26 20:00:21+00:00;4.032.748.168.407.010;15.957.916.299.402.400;0,12;100
2017-11-26 21:00:21+00:00;5.436.733.818.531.710;1.386.588.126.706.290;11,39;100
2017-11-26 22:00:21+00:00;4.129.791.599.921.050;18.510.741.592.137.500;9,37;100
2017-11-26 23:00:21+00:00;20.608.343.602.458.400;15.124.584.529.134.500;10,98;60
2017-11-27 00:00:21+00:00;21.239.015.302.383.400;10.772.366.693.330.700;7,00;34
2017-11-27 01:00:21+00:00;3.351.234.375.628.220;13.805.659.689.717.900;12,43;72
2017-11-27 02:00:21+00:00;3.312.873.670.968.400;10.604.215.539.718.000;10,00;97
2017-11-27 03:00:21+00:00;6.055.890.524.298.790;18.389.236.702.243.300;1,51;75
2017-11-27 04:00:21+00:00;3.505.176.514.293.640;11.125.993.392.408.700;9,13;100
2017-11-27 05:00:21+00:00;5.683.944.800.909.920;1.622.806.855.971.900;8,96;100
2017-11-27 06:00:21+00:00;3.947.631.647.948.040;15.840.212.393.965.900;10,85;100
2017-11-27 07:00:21+00:00;4.681.973.696.093.530;1.186.926.513.463.420;8,79;30
2017-11-27 08:00:21+00:00;-245.757.099.171.641;1.432.180.118.113.230;11,24;56
2017-11-27 09:00:21+00:00;6.560.564.717.246.570;14.145.711.269.501.900;11,31;70
2017-11-27 10:00:21+00:00;25.085.826.480.650.300;15.545.303.010.953.000;8,54;97
2017-11-27 11:00:21+00:00;4.960.774.902.949.030;13.954.437.481.081.900;1,31;65
2017-11-27 12:00:21+00:00;16.003.916.506.162.900;11.904.280.905.634.700;7,48;100
2017-11-27 13:00:21+00:00;562.543.690.132.948;14.885.538.489.084.700;7,37;14
2017-11-27 14:00:21+00:00;15.007.083.995.326.600;14.893.800.349.831.900;13,48;100
2017-11-27 15:00:21+00:00;2.385.860.353.349.660;11.266.177.648.621.600;50,00;89
2017-11-27 16:00:21+00:00;31.916.194.426.568.100;7.932.109.002.428.910;7,73;40
2017-11-27 17:00:21+00:00;30.011.272.930.765.900;1.496.020.717.613.430;8,48;94
2017-11-27 18:00:21+00:00;3.092.480.234.369.130;14.430.819.472.528.000;10,73;100
2017-11-27 19:00:21+00:00;3.995.334.461.524.990;14.572.644.976.980.600;9,73;76
2017-11-27 20:00:21+00:00;2.052.645.276.714.650;16.725.059.471.802.700;14,17;100
2017-11-27 21:00:21+00:00;3.888.963.309.871.880;15.650.522.871.434.900;10,74;100
2017-11-27 22:00:21+00:00;5.626.278.078.531.500;1.666.283.696.735.240;14,12;100
2017-11-27 23:00:21+00:00;21.132.336.297.507.600;15.424.772.727.536.100;11,49;100
2017-11-28 00:00:21+00:00;34.051.024.637.133.800;13.874.305.645.507.500;0,98;41
2017-11-28 01:00:21+00:00;4.760.713.808.184.880;1.054.203.516.038.920;10,23;100
2017-11-28 02:00:21+00:00;12.123.396.443.434.600;17.264.076.299.729.500;17,72;12
2017-11-28 03:00:21+00:00;19.183.739.260.155.300;13.016.642.032.888.900;9,68;92
2017-11-28 04:00:21+00:00;4.299.727.738.431.750;1.205.516.833.666.270;8,10;100
2017-11-28 05:00:21+00:00;30.566.502.788.803.500;15.070.611.490.712.400;11,78;55
2017-11-28 06:00:21+00:00;4.014.325.658.801.750;9.071.698.474.442.920;7,47;7
2017-11-28 07:00:21+00:00;4.157.247.915.171.350;11.732.190.631.332.000;5,80;100
2017-11-28 08:00:21+00:00;14.776.145.519.820.000;11.998.510.766.880.500;7,57;100
2017-11-28 09:00:21+00:00;58.481.574.849.145.800;11.929.225.327.640.400;50,00;53
2017-11-28 10:00:21+00:00;32.324.479.870.661.900;1.821.997.982.951.440;12,27;37
2017-11-28 11:00:21+00:00;347.427.251.281.597;1.332.533.850.087.850;1,36;11
2017-11-28 12:00:21+00:00;33.734.405.158.379.100;1.197.511.080.691.580;5,01;100
2017-11-28 13:00:21+00:00;4.269.108.371.821.470;13.407.844.908.355.700;11,47;100
2017-11-28 14:00:21+00:00;44.387.529.705.667.600;1.559.619.841.632.660;11,74;100
2017-11-28 15:00:21+00:00;1,87815E+15;8.900.465.749.233.460;7,61;54
2017-11-28 16:00:21+00:00;4.570.500.682.780.530;13.802.658.219.792.000;8,71;37
2017-11-28 17:00:21+00:00;19.740.166.228.337.800;12.426.192.651.847.000;9,02;100
2017-11-28 18:00:21+00:00;2.849.642.144.466.990;14.179.038.263.485.200;13,79;7
2017-11-28 19:00:21+00:00;22.867.875.952.763.800;10.745.205.015.691.500;7,69;84
2017-11-28 20:00:21+00:00;28.585.162.829.002.800;13.088.872.166.613.000;13,29;86
2017-11-28 21:00:21+00:00;31.072.165.168.713.500;1.319.367.269.805.510;5,10;66
2017-11-28 22:00:21+00:00;3.385.134.815.111.120;10.442.621.200.373.700;0,94;43
2017-11-28 23:00:21+00:00;12.421.243.743.379.600;1.804.802.868.646.270;14,52;59
2017-11-29 00:00:21+00:00;3.523.247.362.858.450;14.531.635.249.776.900;8,75;92
2017-11-29 01:00:21+00:00;4.052.771.767.707.810;15.760.113.759.117.300;14,44;100
2017-11-29 02:00:21+00:00;34.679.629.903.531.400;12.666.263.032.930.100;8,64;100
2017-11-29 03:00:21+00:00;27.912.749.732.886.900;14.046.011.011.922.200;11,70;63
2017-11-29 04:00:21+00:00;24.581.071.949.366.700;10.609.451.689.286.000;6,51;88
2017-11-29 05:00:21+00:00;16.197.759.529.383.000;1.197.211.284.527.200;8,56;100
2017-11-29 06:00:21+00:00;4.272.265.556.583.510;1.134.440.089.946.590;10,49;99
2017-11-29 07:00:21+00:00;385.763.977.686.329;14.244.443.547.296.500;16,10;100
2017-11-29 08:00:21+00:00;284.760.784.816.224;1.766.625.216.156.880;12,34;8
2017-11-29 09:00:21+00:00;13.107.749.097.390.400;15.716.893.418.567.500;15,07;100
2017-11-29 10:00:21+00:00;31.149.422.921.267.100;1.792.044.520.488.420;1,70;15
2017-11-29 11:00:21+00:00;27.355.678.154.061.700;15.450.834.257.955.100;13,64;97
2017-11-29 12:00:21+00:00;5.221.059.599.175.460;14.544.538.365.348.100;13,17;54
2017-11-29 13:00:21+00:00;5.074.599.599.688.080;1.128.718.634.602.840;0,76;89
2017-11-29 14:00:21+00:00;2.497.668.157.625.370;1.430.945.015.709.610;9,51;100
2017-11-29 15:00:21+00:00;4.537.150.156.390.950;12.374.758.853.232.700;0,90;85
2017-11-29 16:00:21+00:00;2.046.195.938.913.280;1.554.367.971.047.540;12,97;90
2017-11-29 17:00:21+00:00;53.095.241.943.216.000;10.227.655.030.305.900;0,76;100
2017-11-29 18:00:21+00:00;3.798.022.792.089.090;13.262.776.120.531.200;0,91;90
2017-11-29 19:00:21+00:00;621.025.553.806.493;1.356.740.619.976.680;9,45;8
2017-11-29 20:00:21+00:00;2.481.937.472.519.680;178.592.748.176.023;1,37;100
2017-11-29 21:00:21+00:00;5.247.655.032.172.950;11.042.923.622.808.200;10,55;100
2017-11-29 22:00:21+00:00;53.132.075.903.350.500;163.590.697.708.806;1,09;100
2017-11-29 23:00:21+00:00;2.877.175.399.392.250;15.522.707.657.157.300;13,55;7
2017-11-30 00:00:21+00:00;1.823.708.541.683.980;12.904.528.936.034.100;1,14;58
2017-11-30 01:00:21+00:00;44.753.917.311.477.000;14.518.938.242.541.100;10,57;48
2017-11-30 02:00:21+00:00;23.082.328.474.124.100;12.919.061.462.923.100;10,93;98
2017-11-30 03:00:21+00:00;3.101.037.393.489.780;13.560.501.651.032.800;13,22;57
2017-11-30 04:00:21+00:00;2.434.409.725.643.190;15.351.895.239.985.800;11,63;100
2017-11-30 05:00:21+00:00;5.741.008.265.390.300;19.698.468.042.151.300;14,21;35
2017-11-30 06:00:21+00:00;35.219.025.000.030.600;15.864.188.762.213.400;10,77;47
2017-11-30 07:00:21+00:00;3.970.960.335.037.320;14.125.588.245.257.800;9,61;100
2017-11-30 08:00:21+00:00;3.413.897.128.145.770;16.979.028.202.609.700;1,52;100
2017-11-30 09:00:21+00:00;2.708.229.746.887.450;10.078.863.905.091.800;7,95;100
2017-11-30 10:00:21+00:00;43.514.906.760.759.800;12.543.583.606.956.700;50,00;14
2017-11-30 11:00:21+00:00;4.727.469.267.774.730;13.688.118.428.392.700;13,46;100
2017-11-30 12:00:21+00:00;2.854.081.843.356.390;11.005.492.296.078.400;8,44;100
2017-11-30 13:00:21+00:00;3.718.415.666.231.340;12.212.496.986.116.100;1,07;70
2017-11-30 14:00:21+00:00;50.553.472.429.977.900;9.507.646.298.769.400;8,81;89
2017-11-30 15:00:21+00:00;21.717.800.357.790.900;10.422.772.047.583.100;0,67;90
2017-11-30 16:00:21+00:00;33.647.057.559.824.200;12.930.681.028.495.900;7,88;100
2017-11-30 17:00:21+00:00;4.696.808.581.739.070;11.243.118.951.084.600;50,00;100
2017-11-30 18:00:21+00:00;22.075.757.303.078.000;14.545.942.174.014.400;1,12;90
2017-11-30 19:00:21+00:00;36.907.342.669.948.200;14.174.656.488.782.400;12,21;100
2017-11-30 20:00:21+00:00;2.831.402.508.809.310;14.391.356.248.093.700;1,52;61
2017-11-30 21:00:21+00:00;26.949.574.498.376.100;12.301.307.272.001.800;11,64;55
2017-11-30 22:00:21+00:00;2.555.989.009.512.430;1.615.093.834.619.160;8,99;81
2017-11-30 23:00:21+00:00;17.890.825.707.325.600;14.739.948.663.161.400;11,49;8
2017-12-01 00:00:21+00:00;6.858.001.858.466.090;14.069.784.066.491.500;50,00;76
2017-12-01 01:00:21+00:00;2.304.088.248.554.040;14.089.881.807.241.800;13,19;100
2017-12-01 02:00:21+00:00;4.098.531.421.155.260;1.302.159.463.903.250;10,02;44
2017-12-01 03:00:21+00:00;216.907.095.532.659;1.672.391.356.375.940;13,45;4
2017-12-01 04:00:21+00:00;28.639.526.183.469.000;16.294.800.791.370.100;12,56;59
2017-12-01 05:00:21+00:00;1.825.671.280.294.260;12.638.787.260.490.000;1,03;75
2017-12-01 06:00:21+00:00;37.135.990.741.074.600;13.925.196.626.655.600;9,77;100
2017-12-01 07:00:21+00:00;58.131.604.762.699.800;12.562.977.188.666.500;10,25;68
2017-12-01 08:00:21+00:00;40.351.573.804.721.000;1.950.660.976.441.800;1,37;37
2017-12-01 09:00:21+00:00;32.457.090.020.581.600;12.905.895.622.711.900;10,91;100
2017-12-01 10:00:21+00:00;3.962.257.991.187.010;1.642.490.028.336.600;13,68;100
2017-12-01 11:00:21+00:00;48.036.720.263.837.000;200.250.926.460.507;16,98;100
2017-12-01 12:00:21+00:00;4.804.801.162.000.750;14.293.995.700.223.800;11,24;61
2017-12-01 13:00:21+00:00;51.634.672.001.603.800;929.914.583.110.006;9,52;100
2017-12-01 14:00:21+00:00;3.717.074.747.720.830;17.188.958.226.872.000;1,74;100
2017-12-01 15:00:21+00:00;58.855.963.249.211.400;12.283.564.326.986.600;6,76;100
2017-12-01 16:00:21+00:00;31.674.708.064.187.800;11.858.348.698.229.400;6,95;72
2017-12-01 17:00:21+00:00;5.232.072.406.838.810;1.784.167.084.796.230;13,93;98
2017-12-01 18:00:21+00:00;4.588.928.294.184.720;10.367.343.509.333.400;7,39;39
2017-12-01 19:00:21+00:00;25.820.069.780.897.900;17.005.599.569.117.400;14,55;69
2017-12-01 20:00:21+00:00;1.364.768.208.728.440;12.982.129.033.624.400;1,13;88
2017-12-01 21:00:21+00:00;39.957.482.996.409.400;9.029.663.444.149.000;7,82;100
2017-12-01 22:00:21+00:00;13.976.063.460.610.500;15.669.791.924.474.300;9,22;93
2017-12-01 23:00:21+00:00;4.050.373.630.891.900;8.062.447.282.566.220;6,84;87
2017-12-02 00:00:21+00:00;2.314.989.402.973.410;13.413.817.251.252.900;14,43;73
2017-12-02 01:00:21+00:00;4.739.248.249.404.080;9.559.791.826.644.570;8,68;0
2017-12-02 02:00:21+00:00;1.885.073.730.053.070;12.729.170.408.254.500;10,05;100
2017-12-02 03:00:21+00:00;5.933.092.557.382.730;15.216.023.250.760.100;13,41;100
2017-12-02 04:00:21+00:00;3.860.093.539.803.790;1.455.034.745.892.080;0,10;100
2017-12-02 05:00:21+00:00;13.306.545.215.605.500;14.029.668.640.710.700;12,06;100
2017-12-02 06:00:21+00:00;4.444.431.978.306.180;1.597.355.565.854.210;12,74;61
2017-12-02 07:00:21+00:00;14.970.679.060.686.700;13.524.981.016.558.100;8,53;8
2017-12-02 08:00:21+00:00;4.325.784.884.007.030;1.300.019.687.817.570;10,89;100
2017-12-02 09:00:21+00:00;24.803.947.579.487.500;14.217.257.806.245.700;11,46;100
2017-12-02 10:00:21+00:00;6.516.891.950.232.470;119.200.517.194.926;11,15;100
2017-12-02 11:00:21+00:00;33.815.031.223.908.700;15.618.310.115.476.800;12,76;100
2017-12-02 12:00:21+00:00;786.001.796.949.279;13.696.458.211.388.100;11,37;100
2017-12-02 13:00:21+00:00;3.250.918.015.135.940;15.261.586.485.336.700;12,51;23
2017-12-02 14:00:21+00:00;23.006.450.001.755.400;13.094.898.217.808.000;10,74;100
2017-12-02 15:00:21+00:00;5.366.899.015.074.670;14.735.626.211.102.400;14,07;100
2017-12-02 16:00:21+00:00;3.895.569.975.096.400;15.138.527.124.571.500;13,54;72
2017-12-02 17:00:21+00:00;3.204.395.110.531.080;862.588.621.863.155;5,02;10
2017-12-02 18:00:21+00:00;4.232.322.940.063.730;9.980.353.232.243.280;0,77;44
2017-12-02 19:00:21+00:00;47.133.635.987.847.200;12.170.634.279.798.600;6,92;100
2017-12-02 20:00:21+00:00;457.845.248.507.561;1.320.682.459.291.040;13,55;78
2017-12-02 21:00:21+00:00;5.696.499.729.957.840;1.661.912.121.258.760;11,90;96
2017-12-02 22:00:21+00:00;52.570.331.449.337;14.626.353.991.318.700;10,18;72
2017-12-02 23:00:21+00:00;11.692.685.913.780.500;14.794.616.520.155.200;15,49;83
2017-12-03 00:00:21+00:00;4.798.894.605.000.680;1.726.534.888.018.190;12,62;100
2017-12-03 01:00:21+00:00;26.550.763.371.122.000;1.686.348.764.719.710;11,59;96
2017-12-03 02:00:21+00:00;3.216.571.703.969.880;11.078.391.589.641.700;10,18;64
2017-12-03 03:00:21+00:00;3.070.069.405.715.700;16.516.355.431.073.700;13,20;90
2017-12-03 04:00:21+00:00;3.673.619.266.455.000;13.779.416.636.102.700;9,24;100
2017-12-03 05:00:21+00:00;5.221.743.378.985.520;12.275.024.506.211.100;10,49;85
2017-12-03 06:00:21+00:00;5.245.724.938.332.540;12.813.110.578.440.200;11,50;79
2017-12-03 07:00:21+00:00;38.586.718.526.588.100;12.007.591.216.043.200;11,33;100
2017-12-03 08:00:21+00:00;4.608.273.800.567.960;13.867.563.726.692.200;1,16;100
2017-12-03 09:00:21+00:00;327.224.994.538.951;13.323.814.178.527.700;12,43;100
2017-12-03 10:00:21+00:00;2.986.397.379.897.050;16.523.632.810.784.200;14,91;100
2017-12-03 11:00:21+00:00;4.473.886.046.282.430;1.821.463.284.663.350;13,65;7
2017-12-03 12:00:21+00:00;4.925.091.528.786.580;12.542.093.681.393.200;13,45;1
2017-12-03 13:00:21+00:00;29.252.282.552.161.200;10.381.507.515.182.800;0,96;100
2017-12-03 14:00:21+00:00;5.575.522.015.055.710;15.145.274.778.594.300;14,91;99
2017-12-03 15:00:21+00:00;51.553.683.164.857.000;15.809.884.974.945.000;12,37;81
2017-12-03 16:00:21+00:00;12.579.848.958.694.900;14.448.133.624.653.300;13,25;13
2017-12-03 17:00:21+00:00;26.252.520.131.117.300;9.792.074.453.541.050;8,38;100
2017-12-03 18:00:21+00:00;2.819.985.760.484.200;1.160.300.761.521.010;11,22;100
2017-12-03 19:00:21+00:00;30.729.275.423.725.000;13.882.221.799.613.300;10,27;7
2017-12-03 20:00:21+00:00;22.244.404.080.534.400;12.030.541.161.932.300;8,51;100
2017-12-03 21:00:21+00:00;345.063.811.594.809;11.104.563.966.359.600;11,35;14
2017-12-03 22:00:21+00:00;36.150.335.426.668.400;1.872.755.300.359.610;1,55;63
2017-12-03 23:00:21+00:00;5.862.043.304.330.600;11.099.696.162.672.000;10,84;100
2017-12-04 00:00:21+00:00;4.814.904.634.409.350;16.452.196.481.358.800;10,34;8
2017-12-04 01:00:21+00:00;6.551.530.879.781.010;14.526.276.617.832.600;1,00;8
2017-12-04 02:00:21+00:00;18.379.711.330.837.600;15.000.802.281.386.200;10,95;100
2017-12-04 03:00:21+00:00;3.611.793.353.713.410;16.285.635.341.566.400;15,62;100
2017-12-04 04:00:21+00:00;34.405.589.572.468.200;11.853.802.432.144.400;12,00;0
2017-12-04 05:00:21+00:00;34.236.294.701.869.100;12.797.785.504.213.500;10,41;50
2017-12-04 06:00:21+00:00;27.738.507.461.765.000;14.671.637.831.632.200;12,70;97
2017-12-04 07:00:21+00:00;3.166.435.113.862.870;9.038.725.978.015.530;7,57;63
2017-12-04 08:00:21+00:00;2.886.813.002.033.840;17.527.155.729.288.300;1,20;100
2017-12-04 09:00:21+00:00;4.482.007.588.862.550;13.806.421.329.856.900;11,16;15
2017-12-04 10:00:21+00:00;40.674.016.270.713.300;11.239.881.552.602.900;7,19;80
2017-12-04 11:00:21+00:00;25.840.368.186.157.300;1.617.870.867.611.940;12,18;14
2017-12-04 12:00:21+00:00;4.748.185.316.011.610;13.747.335.216.852.700;10,55;13
2017-12-04 13:00:21+00:00;16.381.509.496.046.600;11.774.734.395.885.000;1,27;100
2017-12-04 14:00:21+00:00;4.503.679.087.847.290;1.581.969.855.547.330;12,97;30
2017-12-04 15:00:21+00:00;44.171.653.988.925.800;7.883.298.618.040.200;0,05;70
2017-12-04 16:00:21+00:00;22.225.867.796.969.100;14.542.950.222.121.500;1,29;100
2017-12-04 17:00:21+00:00;3.708.194.178.534.660;16.703.855.240.430.200;1,20;36
2017-12-04 18:00:21+00:00;22.847.559.714.449.900;11.504.270.307.068.900;14,52;9
2017-12-04 19:00:21+00:00;4.262.988.574.739.300;1.041.536.518.932.460;9,19;100
2017-12-04 20:00:21+00:00;14.747.348.100.031.500;14.551.744.751.680.900;6,70;39
2017-12-04 21:00:21+00:00;4.220.666.765.059.090;11.883.221.355.507.600;7,90;62
2017-12-04 22:00:21+00:00;64.864.362.516.017;18.979.033.236.899.200;18,79;100
2017-12-04 23:00:21+00:00;4.208.335.949.144.600;12.239.037.183.381.200;10,09;83
2017-12-05 00:00:21+00:00;20.287.836.622.183.400;13.053.466.503.812.700;9,50;42
2017-12-05 01:00:21+00:00;37.619.913.332.450.700;14.790.082.285.742.100;1,26;93
2017-12-05 02:00:21+00:00;4.980.072.605.872.630;911.374.018.361.895;4,11;13
2017-12-05 03:00:21+00:00;20.247.716.784.090.200;1.366.989.611.780.540;8,99;8
2017-12-05 04:00:21+00:00;10.428.377.924.826.700;16.240.897.857.280.600;1,02;99
2017-12-05 05:00:21+00:00;1.737.883.551.415.520;133.282.693.321.827;9,93;100
2017-12-05 06:00:21+00:00;3.007.617.510.677.160;10.740.161.715.471.100;11,81;9
2017-12-05 07:00:21+00:00;2.034.778.253.740.510;12.471.711.245.722.100;1,12;16
2017-12-05 08:00:21+00:00;13.468.661.513.746.900;8.879.633.933.978.260;8,06;2
2017-12-05 09:00:21+00:00;21.581.777.353.919.500;12.819.343.014.792.800;8,94;7
2017-12-05 10:00:21+00:00;4.930.393.315.117.880;16.218.239.392.787.000;14,53;17
2017-12-05 11:00:21+00:00;5.471.750.398.219.710;12.010.379.551.405.800;8,06;39
2017-12-05 12:00:21+00:00;1.627.606.864.660.270;15.221.307.363.825.700;11,77;90
2017-12-05 13:00:21+00:00;4.346.236.309.472.510;9.928.942.110.214.100;9,45;92
2017-12-05 14:00:21+00:00;39.212.561.910.009.700;1.808.455.865.631.010;14,31;100
2017-12-05 15:00:21+00:00;21.963.584.517.987.000;16.269.701.514.437.800;14,85;71
2017-12-05 16:00:21+00:00;6.527.382.198.515.310;12.331.046.150.141.600;0,95;91
2017-12-05 17:00:21+00:00;3.468.009.357.848.370;10.315.289.792.939.000;1,10;78
2017-12-05 18:00:21+00:00;3.679.063.233.162.060;12.292.309.625.482.000;10,67;35
2017-12-05 19:00:21+00:00;12.031.491.822.633.300;14.209.167.020.631.000;9,60;36
2017-12-05 20:00:21+00:00;4.185.903.414.659.400;1.615.977.978.398.670;1,18;100
2017-12-05 21:00:21+00:00;13.919.657.810.238.700;8.405.523.701.712.650;50,00;59
2017-12-05 22:00:21+00:00;365.297.547.240.184;1.644.964.636.509.190;1,51;35
2017-12-05 23:00:21+00:00;2.813.831.569.385.090;14.148.243.263.520.300;14,99;1
2017-12-06 00:00:21+00:00;2.779.966.026.592.410;10.702.553.851.083.500;5,59;54
2017-12-06 01:00:21+00:00;28.955.545.978.790.000;7.340.876.331.320.200;50,00;87
2017-12-06 02:00:21+00:00;5.311.465.510.764.270;13.858.594.479.023.200;13,54;11
2017-12-06 03:00:21+00:00;4.730.333.307.924.710;14.058.538.506.699.600;11,14;55
2017-12-06 04:00:21+00:00;4.684.653.474.386.080;12.029.865.310.629.200;9,31;11
2017-12-06 05:00:21+00:00;33.816.728.479.117.100;15.737.840.935.869.300;13,74;69
2017-12-06 06:00:21+00:00;21.589.016.803.609.200;18.459.458.177.244.500;12,07;11
2017-12-06 07:00:21+00:00;28.347.286.973.164.000;12.555.924.482.250.300;11,26;100
2017-12-06 08:00:21+00:00;27.485.838.087.770.900;11.713.652.526.640.000;9,98;100
2017-12-06 09:00:21+00:00;3.806.273.305.867.070;17.690.139.920.721.300;14,55;71
2017-12-06 10:00:21+00:00;39.808.860.677.361.500;12.989.667.748.433.200;12,55;97
2017-12-06 11:00:21+00:00;3.507.294.346.321.830;15.124.591.865.346.800;1,20;100
2017-12-06 12:00:21+00:00;4.818.766.243.365.440;12.051.863.709.156.200;9,72;75
2017-12-06 13:00:21+00:00;3.095.370.945.332.840;16.291.500.049.939.700;13,39;100
2017-12-06 14:00:21+00:00;4.285.468.967.709.840;10.505.884.534.245.300;4,31;72
2017-12-06 15:00:21+00:00;19.291.573.531.966.100;13.877.035.546.360.100;13,20;3
2017-12-06 16:00:21+00:00;6.005.629.439.546.210;14.243.067.235.637.400;12,58;91
2017-12-06 17:00:21+00:00;4.820.580.731.565.650;13.082.178.871.668.800;0,12;68
2017-12-06 18:00:21+00:00;2.609.409.051.611.870;11.981.282.690.217.300;10,27;88
2017-12-06 19:00:21+00:00;452.371.008.579.605;17.874.837.897.415.400;17,02;76
2017-12-06 20:00:21+00:00;4.557.600.153.093.610;15.487.412.331.791.500;12,82;14
2017-12-06 21:00:21+00:00;14.874.554.890.871.400;11.426.202.222.274.600;8,71;1
2017-12-06 22:00:21+00:00;5.038.486.013.458.250;895.477.285.783.689;36,95;34
2017-12-06 23:00:21+00:00;20.597.068.895.298.000;17.112.021.732.179.600;11,15;80
2017-12-07 00:00:21+00:00;442.307.923.103.253;11.278.328.617.266.500;8,41;12
2017-12-07 01:00:21+00:00;58.177.274.575.180.900;13.675.010.656.381.500;11,14;64
2017-12-07 02:00:21+00:00;4.008.720.663.212.470;13.747.944.005.880.400;9,82;76
2017-12-07 03:00:21+00:00;7.439.153.014.145.010;14.218.686.242.895.900;10,92;5
2017-12-07 04:00:21+00:00;47.607.144.034.620.900;9.428.995.233.642.320;5,73;48
2017-12-07 05:00:21+00:00;3.447.526.196.816.150;12.678.131.017.707.200;1,20;25
2017-12-07 06:00:21+00:00;3.358.653.809.117.120;13.486.833.234.044.800;10,22;100
2017-12-07 07:00:21+00:00;407.140.881.716.888;13.390.434.477.376.300;0,13;100
2017-12-07 08:00:21+00:00;34.317.362.451.916.300;15.259.256.159.977.100;11,68;77
2017-12-07 09:00:21+00:00;13.537.970.371.231.300;13.925.286.856.266.400;11,86;100
2017-12-07 10:00:21+00:00;30.306.088.932.046.700;14.605.246.587.759.700;1,26;84
2017-12-07 11:00:21+00:00;25.868.317.547.231.900;12.072.615.193.980.700;9,98;92
2017-12-07 12:00:21+00:00;4.432.403.326.782.400;1.766.654.195.518.380;11,92;49
2017-12-07 13:00:21+00:00;26.383.881.637.979.400;1.282.312.207.292.080;9,57;76
2017-12-07 14:00:21+00:00;4.067.953.892.607.480;14.323.905.059.588.300;7,31;100
2017-12-07 15:00:21+00:00;370.113.040.121.775;13.802.246.869.236.900;14,33;81
2017-12-07 16:00:21+00:00;3.119.604.858.612.370;14.619.257.301.772.600;4,97;100
2017-12-07 17:00:21+00:00;2.614.214.789.411.810;16.437.509.431.330.200;14,83;46
2017-12-07 18:00:21+00:00;3.750.882.675.007.140;11.485.082.624.292.100;9,41;97
2017-12-07 19:00:21+00:00;3.564.858.955.126.350;15.528.167.820.507.600;8,95;100
2017-12-07 20:00:21+00:00;25.025.391.371.802.500;15.313.597.247.789.600;12,77;76
2017-12-07 21:00:21+00:00;3.208.402.922.816.580;13.945.653.105.825.300;8,94;40
2017-12-07 22:00:21+00:00;3.162.353.874.546.880;14.075.241.663.539.500;1,21;55
2017-12-07 23:00:21+00:00;4.287.394.343.449.320;10.721.527.026.473.300;8,46;100
2017-12-08 00:00:21+00:00;3.620.509.444.846.370;12.701.044.943.906.000;10,62;56
2017-12-08 01:00:21+00:00;40.246.261.218.766.500;8.898.022.451.547.100;6,38;100
2017-12-08 02:00:21+00:00;37.076.015.150.034.300;12.782.359.882.307.400;12,89;100
2017-12-08 03:00:21+00:00;30.915.686.471.396.900;13.371.592.713.332.800;8,67;14
2017-12-08 04:00:21+00:00;30.203.506.006.189.200;10.131.440.247.344.900;0,68;70
2017-12-08 05:00:21+00:00;5.142.784.041.825.190;14.250.726.946.484.900;11,06;10
2017-12-08 06:00:21+00:00;24.222.954.573.454.500;16.453.716.307.206.500;12,96;36
2017-12-08 07:00:21+00:00;567.374.573.462.534;14.047.749.407.834.300;8,97;99
2017-12-08 08:00:21+00:00;5.728.971.936.661.870;13.511.774.994.311.000;6,82;100
2017-12-08 09:00:21+00:00;27.585.366.230.261.500;12.250.407.006.306.900;10,51;89
2017-12-08 10:00:21+00:00;4.255.249.600.159.690;14.426.537.813.072.400;1,22;100
2017-12-08 11:00:21+00:00;4.366.841.925.408.460;11.059.612.013.189.600;12,25;100
2017-12-08 12:00:21+00:00;4.754.154.550.506.910;767.401.165.383.537;8,64;100
2017-12-08 13:00:21+00:00;3.950.922.464.516.260;1.735.722.362.878.060;1,40;80
2017-12-08 14:00:21+00:00;2.226.080.116.467.810;15.855.825.114.013.500;11,33;33
2017-12-08 15:00:21+00:00;55.342.424.944.253.400;1.085.830.307.889.460;10,94;37
2017-12-08 16:00:21+00:00;5.846.834.605.284.280;10.016.778.438.895.300;6,32;38
2017-12-08 17:00:21+00:00;2.865.280.769.840.440;13.783.162.558.374.400;12,81;39
2017-12-08 18:00:21+00:00;2.602.052.621.258.950;13.681.345.380.960.000;8,08;100
2017-12-08 19:00:21+00:00;884.374.765.469.569;15.505.201.698.517.100;16,34;88
2017-12-08 20:00:21+00:00;4.207.575.287.831.460;12.712.378.435.144.600;8,03;84
2017-12-08 21:00:21+00:00;31.342.300.000.892.700;16.327.041.917.311.900;11,08;89
2017-12-08 22:00:21+00:00;20.740.046.417.961.400;12.999.479.541.110.200;6,59;35
2017-12-08 23:00:21+00:00;36.457.439.527.529.900;16.467.881.822.964.100;12,38;1
2017-12-09 00:00:21+00:00;25.112.421.439.071.300;13.084.883.934.777.800;1,13;100
2017-12-09 01:00:21+00:00;4.206.010.821.857.460;1.142.843.853.295.950;7,95;99
2017-12-09 02:00:21+00:00;271.139.356.452.703;12.616.673.902.658.400;8,32;10
2017-12-09 03:00:21+00:00;24.593.428.603.913.400;1.511.228.937.697.210;9,19;78
2017-12-09 04:00:21+00:00;3.636.646.926.379.400;14.383.497.876.929.700;12,07;7
2017-12-09 05:00:21+00:00;3.077.468.325.310.790;13.652.510.258.501.500;12,31;80
2017-12-09 06:00:21+00:00;18.047.719.072.244.900;1.099.276.657.106.640;9,12;100
2017-12-09 07:00:21+00:00;5.059.715.592.369.920;13.379.518.832.769.400;12,09;17
2017-12-09 08:00:21+00:00;31.333.034.512.769.600;11.941.153.923.659.400;7,12;2
2017-12-09 09:00:21+00:00;4.721.489.003.463.150;11.878.270.195.607.000;8,24;100
2017-12-09 10:00:21+00:00;3.822.359.421.536.820;15.939.729.968.263.700;12,35;100
2017-12-09 11:00:21+00:00;12.199.411.122.647.900;11.665.868.174.276.400;11,89;79
2017-12-09 12:00:21+00:00;4.302.801.886.734.580;11.528.080.442.782.800;11,77;60
2017-12-09 13:00:21+00:00;30.316.676.929.899.400;14.287.042.361.775.200;1,30;9
2017-12-09 14:00:21+00:00;3.351.648.976.091.260;11.302.325.611.994.300;10,58;100
2017-12-09 15:00:21+00:00;6.421.128.078.259.930;121.805.299.709.096;8,17;94
2017-12-09 16:00:21+00:00;39.814.195.496.615;1.819.654.051.723.900;14,76;69
2017-12-09 17:00:21+00:00;3.385.015.514.213.860;13.119.190.398.265.700;7,16;70
2017-12-09 18:00:21+00:00;29.474.811.177.499.900;15.164.699.569.538.400;13,67;89
2017-12-09 19:00:21+00:00;5.814.097.176.684.360;1.962.719.038.177.410;15,20;83
2017-12-09 20:00:21+00:00;3.525.116.920.367.410;14.009.056.827.112.800;1,53;100
2017-12-09 21:00:21+00:00;481.362.748.678.416;14.798.107.868.447.300;12,36;100
2017-12-09 22:00:21+00:00;3.965.030.525.641.970;14.283.395.471.383.600;0,99;97
2017-12-09 23:00:21+00:00;37.928.668.582.449.500;127.358.483.053.545;9,64;100
2017-12-10 00:00:21+00:00;48.512.468.606.909.200;13.830.503.018.397.000;9,80;60
2017-12-10 01:00:21+00:00;38.853.937.542.612.200;13.091.569.074.058.900;0,93;100
2017-12-10 02:00:21+00:00;36.198.840.698.709.900;11.315.177.884.955.300;9,01;82
2017-12-10 03:00:21+00:00;4.138.719.976.215.990;15.546.202.685.395.200;10,46;100
2017-12-10 04:00:21+00:00;2.268.877.259.022.960;9.135.335.846.890.720;7,19;85
2017-12-10 05:00:21+00:00;4.144.344.197.947.980;13.543.633.170.104.100;6,89;100
2017-12-10 06:00:21+00:00;3.737.526.367.393.530;12.847.536.672.009.300;10,60;11
2017-12-10 07:00:21+00:00;30.186.431.770.930.400;11.011.269.796.585.600;7,29;100
2017-12-10 08:00:21+00:00;39.490.711.927.647.100;15.036.106.902.623.400;9,33;54
2017-12-10 09:00:21+00:00;2.853.938.806.203.370;11.046.293.681.447.000;10,29;100
2017-12-10 10:00:21+00:00;25.086.145.074.937.100;12.535.663.256.359.900;6,49;100
2017-12-10 11:00:21+00:00;49.489.528.312.110.200;1.529.065.839.591.440;13,48;100
2017-12-10 12:00:21+00:00;4.785.716.386.983.280;8.854.261.768.251.760;8,02;75
2017-12-10 13:00:21+00:00;44.988.779.519.243.200;161.391.539.488.209;11,13;91
2017-12-10 14:00:21+00:00;5.187.678.162.368.480;13.436.741.166.842.300;10,20;90
2017-12-10 15:00:21+00:00;44.766.207.415.488.600;1.277.518.605.711.020;10,75;94
2017-12-10 16:00:21+00:00;17.165.160.039.957.300;10.178.684.018.869.200;8,61;82
2017-12-10 17:00:21+00:00;47.861.819.339.148.600;13.744.456.230.488.700;12,82;10
2017-12-10 18:00:21+00:00;30.328.776.750.229.600;13.585.304.479.280.700;1,23;55
2017-12-10 19:00:21+00:00;2.833.804.656.329.410;14.850.966.220.703.700;13,95;95
2017-12-10 20:00:21+00:00;4.362.420.655.888.620;12.385.905.685.726.500;1,22;100
2017-12-10 21:00:21+00:00;49.342.145.632.599.900;11.158.834.237.834.100;9,15;100
2017-12-10 22:00:21+00:00;4.143.546.187.306.510;14.286.198.129.942.600;10,85;17
2017-12-10 23:00:21+00:00;3.403.954.367.298.500;12.123.810.857.873.500;9,46;63
2017-12-11 00:00:21+00:00;4.651.623.607.916.690;1.474.897.710.391.480;11,12;65
2017-12-11 01:00:21+00:00;3.961.458.032.289.330;11.023.458.655.195.700;11,71;68
2017-12-11 02:00:21+00:00;39.959.265.695.021.300;15.451.419.702.651.800;10,84;100
2017-12-11 03:00:21+00:00;21.313.052.007.703.700;1.713.994.152.852.990;15,98;8
2017-12-11 04:00:21+00:00;19.299.056.582.069.700;13.121.033.401.336.800;9,53;100
2017-12-11 05:00:21+00:00;30.008.872.077.610.500;16.797.300.728.106.600;15,65;42
2017-12-11 06:00:21+00:00;22.162.539.114.677.500;1.535.306.340.382.480;13,74;49
2017-12-11 07:00:21+00:00;524.878.159.150.567;14.341.477.127.007.300;11,39;33
2017-12-11 08:00:21+00:00;1.670.389.825.972.440;13.492.425.063.804.600;11,31;100
2017-12-11 09:00:21+00:00;2.702.479.860.957.220;12.204.671.496.572.100;7,54;83
2017-12-11 10:00:21+00:00;12.263.591.707.227.300;1.643.089.932.449.080;1,43;100
2017-12-11 11:00:21+00:00;3.966.294.495.139.280;15.941.180.916.380.200;14,65;38
2017-12-11 12:00:21+00:00;28.487.531.392.766.700;10.989.040.373.531.400;11,47;53
2017-12-11 13:00:21+00:00;5.680.635.042.847.230;13.804.190.780.302.100;10,39;12
2017-12-11 14:00:21+00:00;4.123.348.728.026.390;11.550.498.973.660.700;13,64;98
2017-12-11 15:00:21+00:00;3.142.049.849.672.870;14.677.641.650.881.400;11,11;41
2017-12-11 16:00:21+00:00;3.801.033.256.592.940;15.342.393.082.947.900;11,37;55
2017-12-11 17:00:21+00:00;4.271.737.056.313.810;9.732.011.022.847.860;0,75;100
2017-12-11 18:00:21+00:00;45.728.993.812.640.200;13.322.483.911.705.100;10,34;40
2017-12-11 19:00:21+00:00;4.791.640.076.184.950;14.554.792.044.612.300;8,78;100
2017-12-11 20:00:21+00:00;30.525.038.055.081.500;13.746.711.916.724.400;0,87;8
2017-12-11 21:00:21+00:00;22.909.945.703.273.700;17.852.172.045.306.900;11,84;79
2017-12-11 22:00:21+00:00;41.931.791.476.170.300;9.709.006.001.424.140;0,82;100
2017-12-11 23:00:21+00:00;5.623.513.558.200.710;16.812.843.519.044.500;16,44;100
2017-12-12 00:00:21+00:00;52.680.249.790.548.500;11.381.639.822.723.700;7,77;1
2017-12-12 01:00:21+00:00;6.202.027.515.758.730;832.548.228.894.829;6,40;44
2017-12-12 02:00:21+00:00;5.600.182.860.895.580;14.301.964.611.706.300;9,83;100
2017-12-12 03:00:21+00:00;2.101.504.260.511.370;1.322.053.440.486.390;11,90;91
2017-12-12 04:00:21+00:00;3.496.061.746.935.730;137.486.681.660.384;1,15;81
2017-12-12 05:00:21+00:00;33.567.012.992.270.300;14.790.202.802.792.300;13,68;100
2017-12-12 06:00:21+00:00;3.649.065.532.126.950;14.858.515.732.988.800;9,88;100
2017-12-12 07:00:21+00:00;3.839.439.878.426.260;12.237.323.203.992.000;9,72;53
2017-12-12 08:00:21+00:00;4.877.434.592.270.600;15.494.494.824.314.700;11,93;39
2017-12-12 09:00:21+00:00;15.634.793.940.473.700;8.632.548.885.773.660;6,57;100
2017-12-12 10:00:21+00:00;4.584.006.649.164.710;13.295.717.955.489.500;12,63;36
2017-12-12 11:00:21+00:00;4.206.131.344.190.080;16.264.891.384.926.700;11,87;74
2017-12-12 12:00:21+00:00;42.955.379.786.543.100;14.218.179.290.260.600;10,48;100
2017-12-12 13:00:21+00:00;27.869.620.735.464.000;13.646.337.928.042.300;9,33;48
2017-12-12 14:00:21+00:00;43.656.395.122.472.000;12.690.607.842.158.700;14,47;100
2017-12-12 15:00:21+00:00;28.656.988.611.533.200;1.436.752.336.058.410;0,96;97
2017-12-12 16:00:21+00:00;39.218.447.530.182.000;1.284.450.286.717.030;11,46;100
2017-12-12 17:00:21+00:00;3.290.668.235.875.110;15.046.101.581.842.500;9,30;100
2017-12-12 18:00:21+00:00;26.579.027.688.235.100;12.265.146.832.644.100;10,74;38
2017-12-12 19:00:21+00:00;12.976.901.214.910.300;17.226.334.645.864.500;11,48;100
2017-12-12 20:00:21+00:00;4.600.654.202.832.760;14.851.949.317.178.400;12,19;79
2017-12-12 21:00:21+00:00;27.778.599.742.589.000;1.792.315.615.113.550;14,96;26
2017-12-12 22:00:21+00:00;33.176.348.446.805.300;12.584.084.046.651.100;0,10;100
2017-12-12 23:00:21+00:00;40.121.014.941.034.300;16.495.511.339.110.600;14,61;47
2017-12-13 00:00:21+00:00;20.902.695.608.446.200;1.045.538.024.965.130;9,29;100
2017-12-13 01:00:21+00:00;4.276.012.017.846.520;15.276.742.815.268.000;10,86;8
2017-12-13 02:00:21+00:00;3.918.150.321.387.090;1.324.431.815.121.360;1,16;32
2017-12-13 03:00:21+00:00;1.848.164.083.220.920;13.814.062.867.943.100;11,51;33
2017-12-13 04:00:21+00:00;26.789.419.042.839.600;1.529.449.515.244.100;14,15;42
2017-12-13 05:00:21+00:00;4.693.721.674.659.870;15.328.427.446.841.800;9,36;100
2017-12-13 06:00:21+00:00;5.004.318.896.909.880;15.559.378.595.423.900;12,67;54
2017-12-13 07:00:21+00:00;4.692.098.648.942.080;14.378.733.462.032.400;11,69;69
2017-12-13 08:00:21+00:00;25.246.165.610.079.100;14.839.612.234.714.900;11,13;100
2017-12-13 09:00:21+00:00;28.446.131.192.333.500;12.986.949.461.724.700;12,51;100
2017-12-13 10:00:21+00:00;2.178.107.540.981.100;11.962.275.109.514.400;8,15;100
2017-12-13 11:00:21+00:00;44.782.946.458.527.100;13.929.489.444.399.500;12,57;79
2017-12-13 12:00:21+00:00;21.624.513.160.913.200;83.204.977.038.208;5,21;48
2017-12-13 13:00:21+00:00;57.421.213.314.041.300;14.541.721.303.841.100;14,29;12
2017-12-13 14:00:21+00:00;3.392.147.550.659.940;15.635.297.712.494.500;13,32;100
2017-12-13 15:00:21+00:00;3.115.054.411.000.430;15.029.118.161.333.500;0,09;41
2017-12-13 16:00:21+00:00;30.012.611.240.804.900;12.042.197.670.929.500;11,91;93
2017-12-13 17:00:21+00:00;2.868.605.301.023.130;8.564.426.108.466.730;7,98;40
2017-12-13 18:00:21+00:00;3.462.129.297.224.660;15.117.024.814.182.900;1,23;100
2017-12-13 19:00:21+00:00;24.508.290.064.098.200;11.611.826.186.872.600;8,01;100
2017-12-13 20:00:21+00:00;49.339.085.192.724.800;10.401.830.661.110.200;50,00;100
2017-12-13 21:00:21+00:00;4.535.687.654.575.230;15.825.817.735.457.900;13,67;100
2017-12-13 22:00:21+00:00;3.964.333.199.543.590;1.023.694.330.477.330;5,11;100
2017-12-13 23:00:21+00:00;4.657.004.493.437.170;1.310.889.885.769.220;9,13;100
2017-12-14 00:00:21+00:00;22.982.894.946.785.100;1.783.707.213.543.500;1,57;100
2017-12-14 01:00:21+00:00;21.931.186.561.755.200;11.906.216.473.216.800;6,71;6
2017-12-14 02:00:21+00:00;4.253.704.737.176.760;10.939.710.088.044.500;50,00;61
2017-12-14 03:00:21+00:00;3.331.913.301.128.410;1.475.573.921.005.720;12,85;100
2017-12-14 04:00:21+00:00;3.616.667.859.181.110;14.318.482.899.736.200;10,92;100
2017-12-14 05:00:21+00:00;23.880.090.131.160.300;9.504.242.031.132.580;10,93;57
2017-12-14 06:00:21+00:00;36.161.529.354.606.600;13.652.684.625.623.800;10,31;9
2017-12-14 07:00:21+00:00;19.887.769.631.619.600;16.383.303.425.354.900;10,00;96
2017-12-14 08:00:21+00:00;4.802.760.394.236.750;1.692.133.140.807.420;15,80;100
2017-12-14 09:00:21+00:00;3.519.340.680.731.400;12.893.155.255.927.700;7,66;38
2017-12-14 10:00:21+00:00;5.298.763.246.410.910;14.727.860.970.412.700;9,76;100
2017-12-14 11:00:21+00:00;37.276.589.988.161.600;14.840.176.001.963.800;11,20;12
2017-12-14 12:00:21+00:00;2.495.939.600.771.350;15.970.935.480.173.000;13,10;100
2017-12-14 13:00:21+00:00;45.647.741.514.214.000;13.304.747.674.945.800;11,41;30
2017-12-14 14:00:21+00:00;1.979.754.940.422.600;1.666.754.959.732.770;15,26;66
2017-12-14 15:00:21+00:00;32.478.513.580.712.200;11.754.772.641.472.900;4,25;52
2017-12-14 16:00:21+00:00;3.261.242.921.191.110;15.417.923.498.960.400;10,45;98
2017-12-14 17:00:21+00:00;7.445.265.736.642.400;11.093.996.415.416.600;10,99;100
2017-12-14 18:00:21+00:00;5.594.627.259.115.300;9.181.953.484.143.180;5,56;46
2017-12-14 19:00:21+00:00;41.869.579.696.497.900;15.010.421.177.081.500;11,91;85
2017-12-14 20:00:21+00:00;14.436.730.324.943.600;20.694.837.388.417.700;19,25;67
2017-12-14 21:00:21+00:00;39.343.140.409.993.400;14.302.458.333.277.500;11,10;29
2017-12-14 22:00:21+00:00;21.399.315.628.457.100;13.017.671.626.457.300;0,99;55
2017-12-14 23:00:21+00:00;383.477.240.870.952;16.538.423.287.389.600;12,91;0
2017-12-15 00:00:21+00:00;24.239.517.770.080.500;12.446.338.167.638.600;12,53;22
2017-12-15 01:00:21+00:00;3.815.761.535.838.960;9.243.490.041.148.860;4,19;87
2017-12-15 02:00:21+00:00;3.978.534.171.045.660;15.812.050.461.200.800;16,22;52
2017-12-15 03:00:21+00:00;3.731.093.791.624.140;17.296.816.150.066.900;13,38;100
2017-12-15 04:00:21+00:00;31.354.937.425.305.400;13.837.760.377.011.000;10,39;100
2017-12-15 05:00:21+00:00;2.675.028.255.652.050;14.283.424.201.063.700;9,80;16
2017-12-15 06:00:21+00:00;32.632.153.668.555.500;12.048.037.900.241.100;7,37;65
2017-12-15 07:00:21+00:00;48.673.717.640.759.200;1.313.071.652.522.180;5,83;100
2017-12-15 08:00:21+00:00;4.144.531.784.103.110;14.064.499.933.410.800;13,69;12
2017-12-15 09:00:21+00:00;45.287.785.592.837.500;13.634.152.942.979.500;6,48;26
2017-12-15 10:00:21+00:00;35.130.419.431.079.900;1.361.192.589.404.830;10,79;100
2017-12-15 11:00:21+00:00;5.167.651.612.165.470;59.054.092.241.341.700;38,40;0
2017-12-15 12:00:21+00:00;5.444.536.848.670.280;13.925.156.035.195.000;11,73;100
2017-12-15 13:00:21+00:00;19.460.474.676.621.500;1.030.429.842.369.040;4,25;38
2017-12-15 14:00:21+00:00;21.559.621.445.475.300;14.679.061.289.401.800;10,09;100
2017-12-15 15:00:21+00:00;4.834.173.124.626.860;16.090.594.083.312.900;13,82;14
2017-12-15 16:00:21+00:00;5.708.231.253.749.290;14.884.215.595.403.600;1,23;100
2017-12-15 17:00:21+00:00;2.250.396.940.395.570;10.739.937.632.155.600;50,00;61
2017-12-15 18:00:21+00:00;1.896.010.226.827.400;1.150.134.962.629.760;9,41;100
2017-12-15 19:00:21+00:00;2.593.397.644.151.180;13.363.163.456.373.900;14,14;100
2017-12-15 20:00:21+00:00;28.494.436.449.511.600;15.595.470.393.047.000;14,65;38
2017-12-15 21:00:21+00:00;3.653.277.332.061.510;15.937.817.228.319.800;14,69;100
2017-12-15 22:00:21+00:00;451.075.684.498.157;14.399.976.766.187.700;1,26;69
2017-12-15 23:00:21+00:00;3.413.529.910.899.320;11.185.780.678.722.500;9,31;88
2017-12-16 00:00:21+00:00;56.550.339.428.419.400;16.373.070.021.040.700;1,17;100
2017-12-16 01:00:21+00:00;34.983.743.062.022.600;1.346.251.160.209.580;10,88;100
2017-12-16 02:00:21+00:00;27.149.451.306.095.300;1.256.035.993.483.780;1,40;84
2017-12-16 03:00:21+00:00;23.826.386.593.204.100;12.344.191.480.423.100;11,71;100
2017-12-16 04:00:21+00:00;31.490.972.574.110.100;9.832.671.933.296.300;7,15;10
2017-12-16 05:00:21+00:00;36.909.042.352.810.500;16.193.167.006.453.100;8,76;16
2017-12-16 06:00:21+00:00;34.070.012.386.872.100;13.221.498.308.724.600;12,09;80
2017-12-16 07:00:21+00:00;31.206.788.558.434.200;11.845.859.152.180.400;11,35;100
2017-12-16 08:00:21+00:00;3.096.084.886.229.520;14.998.353.390.672.000;10,91;100
2017-12-16 09:00:21+00:00;24.700.534.213.735.500;15.435.176.824.028.900;11,01;100
2017-12-16 10:00:21+00:00;4.015.400.553.586.520;9.321.697.217.322.230;0,36;100
2017-12-16 11:00:21+00:00;5.955.470.814.360.140;17.287.016.065.946.900;1,63;100
2017-12-16 12:00:21+00:00;29.403.147.442.683.000;1.891.409.288.850.910;14,30;56
2017-12-16 13:00:21+00:00;4.025.852.922.649.620;13.772.500.887.381.000;11,54;100
2017-12-16 14:00:21+00:00;2.913.302.520.992.830;1.410.578.729.954.540;0,91;93
2017-12-16 15:00:21+00:00;55.000.903.223.717.800;19.331.815.352.277.500;12,57;9
2017-12-16 16:00:21+00:00;29.289.727.610.339.100;10.873.921.118.974.000;11,69;91
2017-12-16 17:00:21+00:00;3.084.555.532.381.710;12.259.530.174.290.000;0,90;75
2017-12-16 18:00:21+00:00;14.624.267.052.319.100;14.935.305.048.367.300;10,45;100
2017-12-16 19:00:21+00:00;104.856.046.315.874;1.630.938.149.886.610;1,89;100
2017-12-16 20:00:21+00:00;3.275.200.630.042.950;13.617.424.051.960.900;12,86;100
2017-12-16 21:00:21+00:00;29.223.774.439.019.200;1.155.128.737.190.150;7,80;100
2017-12-16 22:00:21+00:00;40.736.927.507.267.300;16.650.110.960.365.100;14,79;100
2017-12-16 23:00:21+00:00;42.277.984.344.538.400;13.506.390.128.272.900;7,59;48
2017-12-17 00:00:21+00:00;3.808.830.739.826.640;13.528.462.574.206.800;10,18;100
2017-12-17 01:00:21+00:00;4.083.348.554.238.600;15.780.819.718.049.800;10,95;82
2017-12-17 02:00:21+00:00;419.974.922.676.886;17.177.929.446.684.200;14,58;100
2017-12-17 03:00:21+00:00;40.635.916.766.648.300;14.106.602.688.341.600;14,60;97
2017-12-17 04:00:21+00:00;2.776.036.327.314.980;14.685.392.146.762.000;8,36;58
2017-12-17 05:00:21+00:00;2.407.804.921.895.780;16.063.572.693.574.900;16,57;76
2017-12-17 06:00:21+00:00;3.246.771.492.604.460;1.297.579.701.469.970;11,88;9
2017-12-17 07:00:21+00:00;3.103.217.482.725.710;12.194.493.424.584.700;7,76;95
2017-12-17 08:00:21+00:00;3.821.668.053.982.500;12.632.878.501.968.100;8,15;100
2017-12-17 09:00:21+00:00;4.924.616.416.470.170;1.129.222.486.889.110;0,76;100
2017-12-17 10:00:21+00:00;3.239.008.958.352.290;10.886.053.054.810.600;6,98;86
2017-12-17 11:00:21+00:00;35.736.130.329.141.600;18.913.435.620.985.400;1,35;85
2017-12-17 12:00:21+00:00;6.166.321.459.312.150;11.354.586.500.193.500;5,46;70
2017-12-17 13:00:21+00:00;39.501.492.564.911.100;14.183.715.938.294.000;10,96;58
2017-12-17 14:00:21+00:00;4.209.296.419.731.520;1.331.715.123.699.230;1,21;100
2017-12-17 15:00:21+00:00;557.447.462.432.432;16.069.194.592.982.600;11,71;100
2017-12-17 16:00:21+00:00;3.284.849.810.479.990;1.380.689.932.458.470;11,64;5
2017-12-17 17:00:21+00:00;42.454.688.134.633.700;16.890.042.019.302.700;15,76;100
2017-12-17 18:00:21+00:00;24.741.533.969.313.000;13.211.218.571.278.600;7,58;100
2017-12-17 19:00:21+00:00;3.071.292.311.981.840;14.120.248.530.436.400;9,96;84
2017-12-17 20:00:21+00:00;30.274.124.260.919.700;15.346.717.382.501.200;9,27;100
2017-12-17 21:00:21+00:00;41.406.197.000.069.600;14.008.276.939.424.400;0,84;44
2017-12-17 22:00:21+00:00;61.659.022.014.664.100;14.803.363.121.792.900;14,57;32
2017-12-17 23:00:21+00:00;25.230.928.246.211;14.213.300.825.310.700;10,36;41
2017-12-18 00:00:21+00:00;51.173.977.132.816.800;10.095.538.969.018.900;9,00;100
2017-12-18 01:00:21+00:00;45.721.575.981.859.800;15.382.365.517.081.600;1,26;100
2017-12-18 02:00:21+00:00;3.739.531.573.843.460;1.638.193.978.285.680;14,52;86
2017-12-18 03:00:21+00:00;3.916.476.786.170.150;13.210.758.821.119.800;10,86;84
2017-12-18 04:00:21+00:00;4.493.299.918.455.060;13.027.130.221.008.600;10,64;100
2017-12-18 05:00:21+00:00;35.597.791.502.258.000;14.236.773.400.953.700;8,42;100
2017-12-18 06:00:21+00:00;28.189.455.183.940.300;18.245.498.676.190.700;14,67;78
2017-12-18 07:00:21+00:00;5.015.263.287.391.590;1.283.467.388.853.510;10,32;55
2017-12-18 08:00:21+00:00;33.213.360.045.037.700;15.035.133.224.947.100;10,14;100
2017-12-18 09:00:21+00:00;3.746.818.642.099.960;13.100.777.341.769.600;0,63;4
2017-12-18 10:00:21+00:00;22.175.103.750.662.400;14.974.729.809.736.400;12,47;23
2017-12-18 11:00:21+00:00;3.592.415.175.914.370;10.430.182.444.800.200;1,08;72
2017-12-18 12:00:21+00:00;15.587.831.559.185.500;17.881.819.584.969.700;10,77;14
2017-12-18 13:00:21+00:00;37.055.050.250.351.500;14.416.351.305.965.000;1,12;100
2017-12-18 14:00:21+00:00;17.589.289.878.019.800;12.848.790.241.947.700;5,81;100
2017-12-18 15:00:21+00:00;1.350.701.037.662.140;12.914.513.626.326.700;11,63;99
2017-12-18 16:00:21+00:00;16.712.405.427.560.600;14.199.970.831.670.600;13,73;100
2017-12-18 17:00:21+00:00;3.944.435.261.881.490;1.838.381.048.872.760;14,51;95
2017-12-18 18:00:21+00:00;21.658.686.685.030.800;17.277.107.489.388.700;1,51;100
2017-12-18 19:00:21+00:00;34.178.662.341.335.300;12.872.812.178.212.000;10,43;49
2017-12-18 20:00:21+00:00;27.301.459.661.230.200;13.753.507.865.825.800;9,06;100
2017-12-18 21:00:21+00:00;40.886.862.226.890.800;1.387.542.076.780.400;10,83;84
2017-12-18 22:00:21+00:00;14.883.863.549.460.000;8.789.838.705.576.120;0,70;63
2017-12-18 23:00:21+00:00;35.104.255.797.602.800;12.966.062.920.758.000;10,08;79
2017-12-19 00:00:21+00:00;30.094.772.761.930.800;14.034.851.163.472.600;11,97;100
2017-12-19 01:00:21+00:00;4.583.704.735.192.490;11.322.696.241.371.900;9,32;83
2017-12-19 02:00:21+00:00;41.643.079.249.878.800;17.715.035.387.740.100;13,78;12
2017-12-19 03:00:21+00:00;9.244.887.901.730.450;10.793.779.165.580.700;7,35;100
2017-12-19 04:00:21+00:00;5.156.193.711.516.260;11.062.039.436.589.000;9,85;100
2017-12-19 05:00:21+00:00;4.810.709.666.537.950;15.202.968.986.701.800;13,02;13
2017-12-19 06:00:21+00:00;4.115.639.039.624.750;14.201.408.860.803.900;11,72;100
2017-12-19 07:00:21+00:00;18.194.592.987.133.400;124.276.016.172.034;8,28;100
2017-12-19 08:00:21+00:00;4.111.377.564.104.370;15.968.629.402.322.100;10,51;62
2017-12-19 09:00:21+00:00;44.269.325.933.264.500;14.116.468.180.635.800;12,64;100
2017-12-19 10:00:21+00:00;2.968.684.651.284.790;18.011.200.045.927.300;12,63;74
2017-12-19 11:00:21+00:00;4.935.724.020.353.080;92.104.644.186.571;6,69;34
2017-12-19 12:00:21+00:00;5.763.038.408.271.300;1.225.934.005.588.140;6,70;100
2017-12-19 13:00:21+00:00;28.928.199.636.800.500;17.538.527.638.692.700;1,49;33
2017-12-19 14:00:21+00:00;23.668.253.472.881.100;14.690.658.965.812.200;9,27;9
2017-12-19 15:00:21+00:00;3.300.431.481.499.350;13.269.736.563.635.600;8,03;61
2017-12-19 16:00:21+00:00;42.714.088.392.705.300;12.546.208.124.919.900;8,06;98
2017-12-19 17:00:21+00:00;3.502.999.351.521.120;1.437.376.135.362.380;12,36;60
2017-12-19 18:00:21+00:00;2.440.475.481.825.600;10.747.701.551.035.500;8,17;71
2017-12-19 19:00:21+00:00;51.835.600.046.989.400;10.045.101.868.719.000;6,77;100
2017-12-19 20:00:21+00:00;3.282.709.897.722.480;14.891.627.066.176.000;15,22;91
2017-12-19 21:00:21+00:00;4.246.372.186.016.870;15.600.169.941.157.800;1,35;100
2017-12-19 22:00:21+00:00;42.880.414.027.876.500;15.807.653.474.315.500;8,66;100
2017-12-19 23:00:21+00:00;3.366.057.236.966.610;12.483.528.691.158.400;0,82;63
2017-12-20 00:00:21+00:00;4.397.608.089.827.350;12.387.364.416.775.700;50,00;70
2017-12-20 01:00:21+00:00;577.119.037.931.547;13.516.964.822.035.600;9,86;67
2017-12-20 02:00:21+00:00;48.211.228.616.986.800;1.111.482.932.211.450;10,96;100
2017-12-20 03:00:21+00:00;1.420.093.002.226.800;15.135.970.081.187.300;1,26;100
2017-12-20 04:00:21+00:00;3.359.329.764.420.100;1.280.668.412.358.280;0,98;100
2017-12-20 05:00:21+00:00;26.769.526.140.362.000;13.363.533.024.554.200;0,97;5
2017-12-20 06:00:21+00:00;5.112.394.075.399.970;13.099.589.282.913.500;11,12;100
2017-12-20 07:00:21+00:00;3.502.298.400.994.850;14.772.191.167.363.000;8,43;65
2017-12-20 08:00:21+00:00;33.371.701.879.614.600;14.219.239.523.646.700;11,13;98
2017-12-20 09:00:21+00:00;14.525.316.380.126.300;1.814.988.973.518.530;14,86;90
2017-12-20 10:00:21+00:00;7.508.561.873.270.650;125.931.256.973.914;50,00;15
2017-12-20 11:00:21+00:00;3.519.980.476.544.050;1.787.461.225.159.350;0,13;24
2017-12-20 12:00:21+00:00;3.537.383.171.371.460;9.129.705.134.845.710;1,12;100
2017-12-20 13:00:21+00:00;15.731.380.089.625.000;1.471.267.875.351.300;1,28;77
2017-12-20 14:00:21+00:00;39.329.511.352.358.500;9.678.326.023.237.940;4,33;34
2017-12-20 15:00:21+00:00;3.583.732.789.220.880;11.041.071.485.929.600;7,33;82
2017-12-20 16:00:21+00:00;38.143.260.522.129.300;11.160.508.025.578.500;8,87;100
2017-12-20 17:00:21+00:00;1.877.382.737.690.850;10.971.731.127.069.200;13,39;100
2017-12-20 18:00:21+00:00;14.824.310.175.261.000;12.049.858.673.261.900;11,42;33
2017-12-20 19:00:21+00:00;5.507.999.622.268.430;18.863.584.909.365.900;17,27;100
2017-12-20 20:00:21+00:00;2.144.764.677.741.600;11.394.874.625.132.400;9,91;94
2017-12-20 21:00:21+00:00;4.383.174.174.585.820;9.609.937.437.544.270;5,72;100
2017-12-20 22:00:21+00:00;3.148.153.950.863.540;14.722.821.773.341.800;14,97;51
2017-12-20 23:00:21+00:00;4.804.994.543.126.450;14.112.872.362.910.100;1,30;100
2017-12-21 00:00:21+00:00;3.584.438.372.400.530;18.901.873.727.860.900;1,77;100
2017-12-21 01:00:21+00:00;3.677.257.090.071.290;13.426.111.706.226.100;14,14;100
2017-12-21 02:00:21+00:00;39.604.197.901.444.600;7.975.710.929.992.060;9,49;81
2017-12-21 03:00:21+00:00;26.108.914.632.222.700;12.488.130.438.391.400;9,96;11
2017-12-21 04:00:21+00:00;21.142.039.626.804.500;12.439.904.830.506.300;10,50;40
2017-12-21 05:00:21+00:00;3.363.306.704.173.420;10.534.096.553.255.800;8,81;100
2017-12-21 06:00:21+00:00;1.651.925.087.964.070;12.160.167.841.033.500;11,59;64
2017-12-21 07:00:21+00:00;858.801.873.745.023;13.162.245.729.313.100;11,19;44
2017-12-21 08:00:21+00:00;37.461.995.172.973.800;13.377.506.101.334.200;1,10;37
2017-12-21 09:00:21+00:00;3.339.464.577.388.460;10.176.061.022.448.200;7,93;100
2017-12-21 10:00:21+00:00;474.456.443.853.028;15.003.412.509.328.700;11,71;100
2017-12-21 11:00:21+00:00;4.476.768.616.511.580;1.749.393.281.853.760;14,60;7
2017-12-21 12:00:21+00:00;41.890.534.244.243.500;14.205.723.267.488.100;13,96;12
2017-12-21 13:00:21+00:00;4.090.158.120.803.410;162.091.711.571.359;11,06;66
2017-12-21 14:00:21+00:00;25.252.788.844.759.600;13.964.947.007.326.300;11,32;3
2017-12-21 15:00:21+00:00;4.262.868.918.079.200;10.986.286.984.287.000;9,48;87
2017-12-21 16:00:21+00:00;27.478.340.716.138.400;14.182.323.614.006.300;14,66;100
2017-12-21 17:00:21+00:00;4.348.640.427.379.170;12.305.852.940.391.600;8,98;44
2017-12-21 18:00:21+00:00;718.797.308.858.054;1.083.350.423.035.980;7,11;100
2017-12-21 19:00:21+00:00;4.881.850.454.379.800;133.356.512.037.612;13,69;82
2017-12-21 20:00:21+00:00;44.171.671.011.425.200;15.515.324.890.547.000;13,43;100
2017-12-21 21:00:21+00:00;36.815.405.957.157.000;12.698.798.500.804.000;9,31;100
2017-12-21 22:00:21+00:00;25.727.994.808.842.000;1.823.149.625.158.690;1,67;1
2017-12-21 23:00:21+00:00;4.421.426.026.330.470;158.320.145.591.533;8,91;6
2017-12-22 00:00:21+00:00;19.941.096.775.781.700;12.195.969.156.403.500;9,65;62
2017-12-22 01:00:21+00:00;6.239.563.576.255.300;12.122.293.810.484.800;10,29;74
2017-12-22 02:00:21+00:00;47.045.119.004.888.100;18.728.319.643.167.000;16,16;70
2017-12-22 03:00:21+00:00;28.787.868.326.912.500;12.709.261.467.899.500;0,85;65
2017-12-22 04:00:21+00:00;10.540.537.425.298.800;14.408.688.306.954.700;9,84;77
2017-12-22 05:00:21+00:00;27.146.897.578.592.800;1.454.837.980.601.990;1,47;63
2017-12-22 06:00:21+00:00;55.534.274.498.750.100;934.285.220.992.708;7,51;15
2017-12-22 07:00:21+00:00;6.178.346.382.036.420;9.374.451.223.839.690;0,78;94
2017-12-22 08:00:21+00:00;3.168.992.699.518.050;15.602.531.043.496.200;11,03;98
2017-12-22 09:00:21+00:00;4.567.547.032.807.400;10.984.126.584.556.000;50,00;100
2017-12-22 10:00:21+00:00;3.028.591.166.930.980;13.553.859.694.453.300;9,71;100
2017-12-22 11:00:21+00:00;3.333.249.558.279.270;9.861.618.794.504.170;10,28;100
2017-12-22 12:00:21+00:00;2.468.862.735.411.890;12.728.218.961.573.700;0,89;64
2017-12-22 13:00:21+00:00;5.324.039.531.424.340;14.043.612.424.939.400;10,76;100
2017-12-22 14:00:21+00:00;28.497.722.672.992.300;8.527.108.121.468.500;10,05;97
2017-12-22 15:00:21+00:00;4.056.456.508.228.600;13.656.247.188.527.300;15,20;93
2017-12-22 16:00:21+00:00;3.767.470.850.772.040;13.790.096.641.225.600;8,10;100
2017-12-22 17:00:21+00:00;6.950.968.559.318.090;12.388.397.397.402.100;5,66;95
2017-12-22 18:00:21+00:00;3.703.678.940.266.930;10.855.354.045.044.900;7,26;100
2017-12-22 19:00:21+00:00;29.466.794.956.229.100;12.611.413.576.056.300;0,81;46
2017-12-22 20:00:21+00:00;26.577.894.664.056.200;12.614.870.027.787.900;1,10;26
2017-12-22 21:00:21+00:00;45.380.073.749.626.000;1.819.498.142.780.730;14,53;100
2017-12-22 22:00:21+00:00;61.548.512.965.374.900;13.231.927.791.984.700;10,33;100
2017-12-22 23:00:21+00:00;5.914.652.505.240.600;12.398.573.379.804.500;11,67;100
2017-12-23 00:00:21+00:00;2.940.258.704.504.390;13.227.049.445.722.900;6,33;100
2017-12-23 01:00:21+00:00;4.553.088.784.635.460;145.529.443.513.662;10,41;100
2017-12-23 02:00:21+00:00;21.882.775.032.227.900;14.463.493.287.169.500;1,13;7
2017-12-23 03:00:21+00:00;3.482.235.448.948.540;14.616.353.688.604.500;13,76;100
2017-12-23 04:00:21+00:00;1.741.336.402.765.720;14.988.092.299.944.400;11,87;100
2017-12-23 05:00:21+00:00;37.549.034.479.533.700;9.982.421.472.419.190;8,81;100
2017-12-23 06:00:21+00:00;22.110.920.846.394.900;14.778.085.621.078.700;11,17;7
2017-12-23 07:00:21+00:00;3.451.601.880.558.680;13.971.805.672.345.600;11,09;100
2017-12-23 08:00:21+00:00;5.312.456.850.007.110;12.013.458.248.797.300;9,02;100
2017-12-23 09:00:21+00:00;2.458.945.634.472.750;1.378.328.259.528.140;10,57;100
2017-12-23 10:00:21+00:00;30.499.599.002.091.500;13.258.359.821.465.500;10,76;61
2017-12-23 11:00:21+00:00;4.781.377.406.984.980;13.474.585.048.393.100;13,67;72
2017-12-23 12:00:21+00:00;30.544.905.503.662.500;13.948.048.425.615.200;1,20;71
2017-12-23 13:00:21+00:00;21.789.968.641.722.000;945.349.448.054.775;7,15;78
2017-12-23 14:00:21+00:00;29.980.530.564.433.200;14.163.365.901.665.200;12,42;68
2017-12-23 15:00:21+00:00;3.525.099.922.361.010;15.103.008.651.945.800;12,45;100
2017-12-23 16:00:21+00:00;43.227.153.956.090.300;14.116.507.776.769.000;12,47;1
2017-12-23 17:00:21+00:00;13.296.988.879.335.600;11.765.985.086.345.300;8,63;95
2017-12-23 18:00:21+00:00;4.366.382.356.006.980;11.430.969.471.699.100;1,01;93
2017-12-23 19:00:21+00:00;3.789.399.589.391.080;13.967.098.631.567.700;12,19;7
2017-12-23 20:00:21+00:00;7.870.000.658.832.490;15.473.370.984.018.900;9,54;69
2017-12-23 21:00:21+00:00;30.857.709.014.957.800;1.669.990.606.103.650;12,59;100
2017-12-23 22:00:21+00:00;3.621.268.246.462.410;15.380.532.080.491.200;11,96;100
2017-12-23 23:00:21+00:00;23.927.721.117.430.600;14.766.482.752.928.100;11,16;53
2017-12-24 00:00:21+00:00;2.455.818.986.228.730;7.356.664.805.675.600;3,83;100
2017-12-24 01:00:21+00:00;3.547.165.597.463.170;12.036.370.576.449.100;4,69;90
2017-12-24 02:00:21+00:00;34.918.125.670.291.900;14.284.195.700.264.800;13,48;13
2017-12-24 03:00:21+00:00;8.960.367.040.566.520;11.875.314.063.022.600;5,17;4
2017-12-24 04:00:21+00:00;27.557.013.073.497.800;11.268.504.785.991.700;1,30;100
2017-12-24 05:00:21+00:00;26.180.281.371.517.500;10.947.687.115.495.400;8,29;89
2017-12-24 06:00:21+00:00;16.694.182.345.571.900;17.806.640.791.603.400;12,91;22
2017-12-24 07:00:21+00:00;4.777.893.060.979.900;10.371.286.243.412.100;0,52;63
2017-12-24 08:00:21+00:00;4.781.354.503.345.810;13.010.049.070.247.900;7,09;46
2017-12-24 09:00:21+00:00;17.638.670.683.792.100;11.759.131.355.362.200;7,62;74
2017-12-24 10:00:21+00:00;34.100.882.051.398.600;11.429.466.630.211.500;9,52;98
2017-12-24 11:00:21+00:00;406.860.850.575.653;14.523.229.197.590.100;14,44;0
2017-12-24 12:00:21+00:00;4.743.412.839.292.780;15.521.656.693.175.600;0,93;75
2017-12-24 13:00:21+00:00;4.785.666.887.969.480;106.698.644.226.398;9,25;100
2017-12-24 14:00:21+00:00;30.956.141.742.239.300;13.652.474.125.921.500;7,22;42
2017-12-24 15:00:21+00:00;3.678.095.983.852.440;13.249.497.723.228.900;8,79;28
2017-12-24 16:00:21+00:00;4.998.299.258.356.700;12.428.065.690.584.500;10,95;41
2017-12-24 17:00:21+00:00;31.176.137.385.211.900;11.259.874.842.505.900;6,97;100
2017-12-24 18:00:21+00:00;2.271.050.724.618.600;16.214.564.049.705;1,61;100
2017-12-24 19:00:21+00:00;5.097.854.048.448.270;11.016.541.941.087.200;10,32;14
2017-12-24 20:00:21+00:00;23.439.379.298.038.800;10.364.317.604.511.100;9,28;100
2017-12-24 21:00:21+00:00;12.424.148.610.214.100;1.619.072.168.678.240;11,84;100
2017-12-24 22:00:21+00:00;3.906.505.284.625.900;14.010.149.322.597.900;0,95;50
2017-12-24 23:00:21+00:00;4.586.895.683.121.340;10.659.740.005.135.000;7,61;66
2017-12-25 00:00:21+00:00;5.120.986.969.751.770;13.337.983.008.565.800;11,17;11
2017-12-25 01:00:21+00:00;4.465.772.040.763.800;12.011.060.343.066.300;10,11;100
2017-12-25 02:00:21+00:00;44.193.786.716.706.100;17.137.048.439.258.900;12,07;100
2017-12-25 03:00:21+00:00;21.484.040.360.966.700;1.293.909.475.803.980;8,90;100
2017-12-25 04:00:21+00:00;39.905.311.453.999.200;14.814.779.287.185.200;8,76;11
2017-12-25 05:00:21+00:00;42.932.594.969.135.200;1.346.916.851.558.040;1,53;95
2017-12-25 06:00:21+00:00;26.343.920.517.829.700;170.112.316.266.518;11,81;70
2017-12-25 07:00:21+00:00;3.545.101.352.334.510;14.018.502.301.711.200;50,00;81
2017-12-25 08:00:21+00:00;49.334.696.430.489.800;16.333.349.433.901.400;8,09;100
2017-12-25 09:00:21+00:00;46.287.371.659.885.000;1.483.857.622.773.030;10,53;44
2017-12-25 10:00:21+00:00;5.146.039.674.281.500;12.183.203.745.238.100;1,06;100
2017-12-25 11:00:21+00:00;2.888.212.116.676.130;13.529.589.966.795.800;10,61;100
2017-12-25 12:00:21+00:00;5.531.809.518.082.400;13.008.772.991.795.600;10,03;90
2017-12-25 13:00:21+00:00;29.167.579.909.774.600;12.133.816.722.791.100;1,12;86
2017-12-25 14:00:21+00:00;17.937.442.810.703.100;10.912.299.411.402.400;9,90;79
2017-12-25 15:00:21+00:00;3.267.872.261.208.590;16.823.430.536.285.700;1,17;16
2017-12-25 16:00:21+00:00;3.631.070.431.077.050;852.460.130.845.293;7,34;100
2017-12-25 17:00:21+00:00;23.384.976.553.672.400;16.755.356.693.593.000;13,54;88
2017-12-25 18:00:21+00:00;4.182.048.732.877.940;10.279.912.886.515.400;7,04;76
2017-12-25 19:00:21+00:00;6.620.819.246.684.710;14.842.798.824.707.200;14,73;72
2017-12-25 20:00:21+00:00;4.254.257.298.871.580;12.104.468.710.174.000;8,13;100
2017-12-25 21:00:21+00:00;4.819.851.898.676.270;948.138.853.144.335;6,43;100
2017-12-25 22:00:21+00:00;43.877.832.457.150.200;16.303.723.511.085.200;12,09;1
2017-12-25 23:00:21+00:00;3.025.076.904.604.280;7.704.237.273.042.850;8,02;100
2017-12-26 00:00:21+00:00;21.417.145.158.769.700;15.456.569.176.073.200;14,54;44
2017-12-26 01:00:21+00:00;33.545.924.193.149.500;13.840.281.871.379.100;1,38;100
2017-12-26 02:00:21+00:00;347.006.049.816.893;16.074.690.087.327.700;1,44;93
2017-12-26 03:00:21+00:00;5.158.068.793.799.720;15.044.616.600.573.300;1,18;100
2017-12-26 04:00:21+00:00;2.529.417.795.014.050;15.012.065.911.873.300;1,39;47
2017-12-26 05:00:21+00:00;3.507.212.858.379.950;15.703.436.681.643.000;1,33;100
2017-12-26 06:00:21+00:00;3.472.125.419.640.670;15.557.062.219.403.700;12,20;93
2017-12-26 07:00:21+00:00;3.141.583.638.214.280;14.618.442.008.215.100;10,77;100
2017-12-26 08:00:21+00:00;42.846.414.316.257.900;1.271.331.305.891.020;9,83;100
2017-12-26 09:00:21+00:00;3.881.710.539.642.940;12.969.093.875.204.900;9,42;7
2017-12-26 10:00:21+00:00;53.052.092.812.618.900;13.784.101.985.047.900;11,86;12
2017-12-26 11:00:21+00:00;37.762.023.817.611.200;12.879.192.198.804.500;9,88;100
2017-12-26 12:00:21+00:00;8.687.674.336.077.700;18.828.494.292.407.000;1,60;100
2017-12-26 13:00:21+00:00;2.264.456.172.200.430;13.315.176.505.831.000;11,67;33
2017-12-26 14:00:21+00:00;2.988.969.786.297.790;10.735.626.111.572.100;0,86;90
2017-12-26 15:00:21+00:00;40.607.868.635.769.700;13.232.541.843.228.100;9,68;96
2017-12-26 16:00:21+00:00;22.739.362.684.670.300;11.490.915.544.831.000;7,38;2
2017-12-26 17:00:21+00:00;4.617.510.902.974.140;18.274.910.544.851.900;14,40;69
2017-12-26 18:00:21+00:00;15.959.497.281.333.500;13.762.289.804.264.600;11,60;80
2017-12-26 19:00:21+00:00;4.140.361.554.500.890;150.651.290.315.173;0,93;63
2017-12-26 20:00:21+00:00;1.853.678.827.396.810;14.774.946.621.289.700;8,26;40
2017-12-26 21:00:21+00:00;34.359.883.100.976.700;15.819.361.108.305.900;12,41;100
2017-12-26 22:00:21+00:00;3.526.849.656.327.030;1.410.354.995.227.120;9,49;100
2017-12-26 23:00:21+00:00;39.231.469.691.247.500;12.557.662.103.123.800;12,06;13
2017-12-27 00:00:21+00:00;17.035.557.348.058.200;13.639.699.332.075.700;13,52;100
2017-12-27 01:00:21+00:00;4.963.239.902.522.530;10.549.383.078.316.100;6,42;9
2017-12-27 02:00:21+00:00;29.919.976.327.350.600;13.161.730.406.150.000;7,12;48
2017-12-27 03:00:21+00:00;2.210.272.549.521.410;17.877.182.143.911.100;15,45;93
2017-12-27 04:00:21+00:00;4.074.190.097.037.690;15.308.721.823.057.200;12,65;42
2017-12-27 05:00:21+00:00;3.536.778.858.425.540;13.267.214.242.674.000;1,14;100
2017-12-27 06:00:21+00:00;2.441.926.197.446.280;1.840.554.348.768.700;16,26;100
2017-12-27 07:00:21+00:00;30.898.863.026.567.900;12.046.559.968.019.200;8,80;81
2017-12-27 08:00:21+00:00;-12.492.338.933.616.500;14.356.608.027.089.900;11,09;100
2017-12-27 09:00:21+00:00;3.329.003.750.085.480;12.790.071.607.547.300;11,86;67
2017-12-27 10:00:21+00:00;3.036.636.795.864.570;13.028.648.552.549.800;1,13;91
2017-12-27 11:00:21+00:00;29.337.374.472.649.200;14.480.828.752.414.600;15,68;28
2017-12-27 12:00:21+00:00;2.529.264.824.912.890;14.922.538.971.616.900;1,25;100
2017-12-27 13:00:21+00:00;4.361.283.870.137.510;13.033.245.682.608.400;10,94;7
2017-12-27 14:00:21+00:00;41.793.260.298.441.700;11.496.682.666.633.900;10,96;100
2017-12-27 15:00:21+00:00;3.737.905.990.596.810;17.970.156.860.506.600;18,51;100
2017-12-27 16:00:21+00:00;22.048.127.264.291.900;13.771.208.385.901;12,45;55
2017-12-27 17:00:21+00:00;2.819.023.365.542.640;11.009.201.336.336.900;8,23;100
2017-12-27 18:00:21+00:00;6,33408E+15;1.104.498.858.376.850;7,51;67
2017-12-27 19:00:21+00:00;3.903.350.877.806.710;18.355.351.658.176.800;15,01;60
2017-12-27 20:00:21+00:00;5.016.818.850.480.280;19.502.624.735.484.200;13,40;63
2017-12-27 21:00:21+00:00;8.634.817.235.694.730;14.341.771.430.109.100;1,28;63
2017-12-27 22:00:21+00:00;4.883.145.780.751.500;12.035.738.222.679.600;10,22;100
2017-12-27 23:00:21+00:00;5.018.869.590.354.270;14.331.933.078.818.700;12,50;8
2017-12-28 00:00:21+00:00;24.306.871.794.466.200;12.783.606.975.860.200;6,67;66
2017-12-28 01:00:21+00:00;6.865.688.286.953.060;1.491.666.557.005.310;14,63;100
2017-12-28 02:00:21+00:00;2.321.502.593.146.170;1.437.440.447.630.490;9,26;100
2017-12-28 03:00:21+00:00;29.504.299.557.453.900;13.446.354.748.328.700;0,82;10
2017-12-28 04:00:21+00:00;3.244.271.969.560.490;13.320.350.650.401.400;6,62;100
2017-12-28 05:00:21+00:00;42.491.608.712.639.800;12.991.093.319.097.400;9,18;87
2017-12-28 06:00:21+00:00;238.737.577.532.369;15.826.286.144.135.500;12,97;61
2017-12-28 07:00:21+00:00;29.476.987.124.571.800;13.057.366.972.130.400;10,24;79
2017-12-28 08:00:21+00:00;1.634.825.436.599.810;1.851.196.749.574.720;1,62;61
2017-12-28 09:00:21+00:00;3.490.905.833.770.230;1.873.811.273.843.830;17,54;92
2017-12-28 10:00:21+00:00;5.310.572.458.701.630;12.607.386.560.922.100;12,81;77
2017-12-28 11:00:21+00:00;3.323.559.870.953.310;12.650.020.894.068.900;9,61;100
2017-12-28 12:00:21+00:00;4.435.412.573.238.200;1.340.600.230.276.860;10,43;67
2017-12-28 13:00:21+00:00;3.159.680.361.584.480;11.968.215.304.738.600;9,30;70
2017-12-28 14:00:21+00:00;5.402.767.130.244.320;15.590.255.388.296.700;11,65;100
2017-12-28 15:00:21+00:00;3.531.771.458.504.120;1.639.864.007.210.120;17,17;100
2017-12-28 16:00:21+00:00;20.742.288.715.028.500;16.639.041.504.236.700;13,94;8
2017-12-28 17:00:21+00:00;3.697.701.939.061.780;1.302.029.450.152.400;11,43;67
2017-12-28 18:00:21+00:00;33.021.706.511.020.200;12.990.159.958.290.700;11,75;71
2017-12-28 19:00:21+00:00;3.445.269.711.123.820;8.694.559.153.693.020;9,38;20
2017-12-28 20:00:21+00:00;41.238.856.276.194.700;11.931.465.404.923.400;9,09;100
2017-12-28 21:00:21+00:00;16.550.628.373.050.400;11.264.169.028.793.000;10,04;91
2017-12-28 22:00:21+00:00;3.422.711.621.490.000;10.838.908.519.764.000;9,85;76
2017-12-28 23:00:21+00:00;49.803.684.416.988.000;12.343.741.860.924.100;6,76;100
2017-12-29 00:00:21+00:00;52.552.780.438.574.800;12.779.852.852.658.200;9,25;100
2017-12-29 01:00:21+00:00;2.624.710.806.642.580;13.465.124.702.105.800;10,44;100
2017-12-29 02:00:21+00:00;1.320.949.183.680.880;1.682.349.045.255.760;15,44;8
2017-12-29 03:00:21+00:00;53.660.385.818.441.300;16.352.634.519.959.800;20,07;100
2017-12-29 04:00:21+00:00;25.002.631.581.770.800;10.796.140.942.240.400;7,76;100
2017-12-29 05:00:21+00:00;29.719.703.522.344.800;14.563.577.013.134.100;1,07;100
2017-12-29 06:00:21+00:00;25.810.426.723.578.600;11.584.836.056.466.200;1,02;76
2017-12-29 07:00:21+00:00;3.439.190.451.880.820;13.883.918.947.951.600;7,66;8
2017-12-29 08:00:21+00:00;2.668.661.589.310.950;16.705.570.814.183.200;9,79;36
2017-12-29 09:00:21+00:00;4.677.933.985.349.950;12.345.234.076.801.800;9,60;85
2017-12-29 10:00:21+00:00;4.549.165.731.765.420;11.129.690.592.225.500;7,82;15
2017-12-29 11:00:21+00:00;1.879.011.041.443.870;13.649.972.186.649.900;13,15;60
2017-12-29 12:00:21+00:00;1.470.495.538.949.140;16.728.006.378.998.900;12,64;27
2017-12-29 13:00:21+00:00;18.923.271.756.219.900;18.389.791.497.071.100;12,10;100
2017-12-29 14:00:21+00:00;27.751.570.113.377.100;12.030.443.105.311.800;7,59;57
2017-12-29 15:00:21+00:00;42.852.700.948.877.100;13.844.296.689.066.900;13,45;100
2017-12-29 16:00:21+00:00;39.335.627.824.654.700;14.193.227.093.221.300;0,99;100
2017-12-29 17:00:21+00:00;5.715.285.192.029.100;10.076.737.455.996.100;7,37;100
2017-12-29 18:00:21+00:00;28.422.032.908.800.200;9.943.977.781.953.360;7,35;100
2017-12-29 19:00:21+00:00;2.132.766.793.280.140;14.312.317.483.915.800;10,29;61
2017-12-29 20:00:21+00:00;3.550.977.039.420.680;12.613.608.854.120.000;0,11;91
2017-12-29 21:00:21+00:00;14.600.294.788.625.300;10.125.312.780.597.300;11,64;30
2017-12-29 22:00:21+00:00;3.601.975.460.449.500;15.191.711.231.438.500;13,26;68
2017-12-29 23:00:21+00:00;2.799.311.417.133.030;13.673.242.677.949.200;12,58;78
2017-12-30 00:00:21+00:00;60.536.283.738.447.700;13.553.020.029.508.900;8,91;93
2017-12-30 01:00:21+00:00;3.388.464.245.408.730;10.867.877.005.209.200;9,44;12
2017-12-30 02:00:21+00:00;6.305.580.060.315.040;9.385.329.817.438.220;10,24;100
2017-12-30 03:00:21+00:00;416.205.904.014.503;12.074.314.386.155.300;9,20;78
2017-12-30 04:00:21+00:00;4.504.444.559.384.930;13.643.247.815.374.500;10,91;100
2017-12-30 05:00:21+00:00;416.407.488.549.779;1.180.561.534.220.340;10,97;41
2017-12-30 06:00:21+00:00;16.900.653.347.393.900;10.863.401.040.125.900;0,12;100
2017-12-30 07:00:21+00:00;5.343.871.461.052.080;12.622.485.059.709.000;1,25;9
2017-12-30 08:00:21+00:00;4.557.792.786.679.690;13.610.136.006.118.700;8,35;100
2017-12-30 09:00:21+00:00;35.167.995.379.450.600;16.957.212.528.125.300;14,24;100
2017-12-30 10:00:21+00:00;1.755.792.973.154.880;13.889.526.049.757.700;0,99;100
2017-12-30 11:00:21+00:00;15.345.316.004.409.000;996.586.295.341.315;7,33;100
2017-12-30 12:00:21+00:00;3.409.488.851.716.940;861.914.577.644.609;4,29;75
2017-12-30 13:00:21+00:00;492.188.404.757.901;7.572.660.869.810.000;5,53;100
2017-12-30 14:00:21+00:00;3.630.070.184.149.830;14.349.466.922.288.800;9,78;100
2017-12-30 15:00:21+00:00;4.073.451.829.526.500;10.972.073.842.113.600;8,46;94
2017-12-30 16:00:21+00:00;5.439.895.079.527.910;14.732.910.681.546.000;12,77;100
2017-12-30 17:00:21+00:00;4.544.413.968.796.780;1.638.785.200.440.390;13,68;100
2017-12-30 18:00:21+00:00;4.375.606.870.272.640;14.957.368.128.180.700;13,74;100
2017-12-30 19:00:21+00:00;4.461.263.830.367.600;12.974.136.974.490.000;9,41;80
2017-12-30 20:00:21+00:00;3.922.499.458.194.520;18.009.379.811.580.900;11,03;70
2017-12-30 21:00:21+00:00;4.364.295.319.420.010;12.406.841.143.692.900;13,12;30
2017-12-30 22:00:21+00:00;4.288.872.255.094.160;11.334.003.448.439.200;10,16;80
2017-12-30 23:00:21+00:00;42.457.475.312.520.300;1.433.454.108.238.390;12,66;5
2017-12-31 00:00:21+00:00;803.673.114.352.036;15.401.469.808.795.400;1,34;100
2017-12-31 01:00:21+00:00;3.669.878.792.874.400;7.252.954.921.826.750;6,32;83
2017-12-31 02:00:21+00:00;5.805.038.066.422.070;16.219.392.649.692.100;14,96;62
2017-12-31 03:00:21+00:00;23.363.964.578.406.400;958.300.947.363.538;6,35;59
2017-12-31 04:00:21+00:00;5.191.287.273.842.370;8.546.568.813.215.240;8,42;100
2017-12-31 05:00:21+00:00;40.953.321.453.896.500;12.690.136.192.937.000;10,86;85
2017-12-31 06:00:21+00:00;3.290.856.531.078.570;10.946.937.955.247.100;9,02;32
2017-12-31 07:00:21+00:00;40.553.084.124.453.100;14.533.673.022.430.100;10,65;12
2017-12-31 08:00:21+00:00;47.139.054.693.973.100;1.438.949.380.095.830;1,20;100
2017-12-31 09:00:21+00:00;4.228.021.224.276.320;14.273.498.121.439.200;11,00;100
2017-12-31 10:00:21+00:00;5.265.405.754.780.330;16.495.339.503.575.400;14,91;74
2017-12-31 11:00:21+00:00;6.000.044.411.450.550;12.759.664.821.940.700;9,28;100
2017-12-31 12:00:21+00:00;470.339.111.271.772;14.416.292.576.384.500;9,47;97
2017-12-31 13:00:21+00:00;36.429.911.746.205.300;9.475.167.215.329.940;8,71;100
2017-12-31 14:00:21+00:00;5.190.509.044.683.660;1.585.529.770.568.300;16,90;14
2017-12-31 15:00:21+00:00;26.643.150.265.129.400;1.230.908.563.843.130;0,10;100
2017-12-31 16:00:21+00:00;20.909.590.611.226.900;12.835.913.651.650.800;9,98;43
2017-12-31 17:00:21+00:00;20.867.805.349.248.400;12.694.264.738.598.700;13,73;100
2017-12-31 18:00:21+00:00;324.416.798.270.653;13.283.563.076.633.400;0,12;100
2017-12-31 19:00:21+00:00;22.180.093.944.367.500;12.629.212.499.965.500;9,81;66
2017-12-31 20:00:21+00:00;41.918.629.179.985.600;827.340.045.660.241;10,05;100
2017-12-31 21:00:21+00:00;4.253.930.330.169.080;16.533.833.187.337.400;11,75;85
2017-12-31 22:00:21+00:00;5.968.854.743.644.290;11.947.260.493.078.800;8,89;11
2017-12-31 23:00:21+00:00;31.498.786.398.506.900;12.617.110.979.676.000;10,77;88
2018-01-01 00:00:21+00:00;5.030.913.625.392.100;13.056.786.055.365.600;16,10;0
2018-01-01 01:00:21+00:00;3.844.905.923.430.180;14.797.380.818.955.400;1,00;68
2018-01-01 02:00:21+00:00;4.506.182.288.196.340;12.329.144.368.748.200;7,60;100
2018-01-01 03:00:21+00:00;5.835.892.284.443.980;1.611.097.273.686.760;13,34;100
2018-01-01 04:00:21+00:00;44.262.962.555.038.000;18.072.759.706.534.200;17,44;73
2018-01-01 05:00:21+00:00;24.309.360.637.717.300;17.494.046.072.468;1,58;67
2018-01-01 06:00:21+00:00;2.107.902.898.637.220;1.413.923.146.418.130;9,97;22
2018-01-01 07:00:21+00:00;17.493.056.366.271.100;12.126.350.731.584.400;7,40;92
2018-01-01 08:00:21+00:00;13.617.558.291.113.000;12.061.616.279.042.900;8,34;90
2018-01-01 09:00:21+00:00;30.365.780.543.525.000;12.628.057.303.778.600;0,10;100
2018-01-01 10:00:21+00:00;3.908.951.723.685.760;1.146.068.449.457.380;9,80;31
2018-01-01 11:00:21+00:00;3.550.894.296.785.720;14.533.862.470.083.100;11,14;45
2018-01-01 12:00:21+00:00;27.899.087.788.235.100;12.975.670.058.354.600;0,98;100
2018-01-01 13:00:21+00:00;11.714.856.001.536.100;13.485.462.997.395.800;10,24;94
2018-01-01 14:00:21+00:00;5.250.147.406.786.040;12.778.079.282.184.700;11,43;100
2018-01-01 15:00:21+00:00;26.170.663.901.555.200;14.619.643.962.594.200;1,24;18
2018-01-01 16:00:21+00:00;4.196.961.157.872.970;14.145.987.881.926.900;1,26;32
2018-01-01 17:00:21+00:00;22.770.119.074.398.400;12.667.711.476.645.700;10,82;45
2018-01-01 18:00:21+00:00;1.497.379.234.830.000;13.165.250.306.299.600;6,79;79
2018-01-01 19:00:21+00:00;29.736.538.472.876.100;13.162.635.706.771.400;10,55;8
2018-01-01 20:00:21+00:00;42.084.465.215.257.400;15.152.350.556.190.600;1,08;98
2018-01-01 21:00:21+00:00;14.650.819.645.407.300;11.637.384.680.348.300;12,47;100
2018-01-01 22:00:21+00:00;31.959.542.730.485.000;12.396.043.351.899.000;7,62;17
2018-01-01 23:00:21+00:00;3.583.353.032.007.330;8.915.670.919.907.210;33,08;51
2018-01-02 00:00:21+00:00;31.202.609.833.501.800;10.917.018.564.548.900;10,31;100
2018-01-02 01:00:21+00:00;1.980.328.415.050.550;12.951.989.405.419.500;10,85;100
2018-01-02 02:00:21+00:00;3.407.104.892.845.810;12.464.941.718.400.300;10,25;100
2018-01-02 03:00:21+00:00;2.847.538.441.503.140;876.410.149.576.897;0,78;87
2018-01-02 04:00:21+00:00;16.415.424.718.766.900;14.798.913.157.740.800;11,66;100
2018-01-02 05:00:21+00:00;5.143.818.772.179.840;11.388.750.845.145.000;8,19;100
2018-01-02 06:00:21+00:00;49.679.023.821.586.200;9.594.427.350.418.900;8,01;53
2018-01-02 07:00:21+00:00;27.043.128.259.318.100;14.409.027.086.435.600;9,41;69
2018-01-02 08:00:21+00:00;2.714.696.598.161.420;15.548.450.322.333.700;1,54;100
2018-01-02 09:00:21+00:00;366.587.079.675.582;7.612.127.777.553.560;4,79;93
2018-01-02 10:00:21+00:00;45.788.219.171.976.000;1.518.067.224.282.500;9,71;97
2018-01-02 11:00:21+00:00;525.805.693.053.218;13.001.730.529.941.200;1,12;83
2018-01-02 12:00:21+00:00;17.004.590.656.330.900;1.290.474.780.969.930;0,87;82
2018-01-02 13:00:21+00:00;48.805.844.915.049.300;10.808.231.378.043.800;11,04;99
2018-01-02 14:00:21+00:00;3.721.411.237.871.760;13.148.608.825.226.700;6,53;100
2018-01-02 15:00:21+00:00;3.345.150.556.002.160;13.303.802.148.181.700;7,34;100
2018-01-02 16:00:21+00:00;17.936.410.646.401.700;18.991.864.931.819.400;14,45;73
2018-01-02 17:00:21+00:00;33.018.688.442.290.600;1.479.155.995.577.750;12,09;100
2018-01-02 18:00:21+00:00;3.400.721.309.155.230;13.519.103.054.451.600;0,09;40
2018-01-02 19:00:21+00:00;29.937.333.615.774.400;16.392.646.018.163.400;1,26;100
2018-01-02 20:00:21+00:00;3.250.732.399.878.680;15.672.307.297.301.400;16,00;100
2018-01-02 21:00:21+00:00;5.067.247.494.115.010;9.997.605.336.885.630;6,60;100
2018-01-02 22:00:21+00:00;389.122.386.363.463;15.129.970.084.116.200;0,89;1
2018-01-02 23:00:21+00:00;4.774.231.129.590.560;13.762.071.710.380.300;10,54;100
2018-01-03 00:00:21+00:00;1.795.299.785.745.740;1.182.584.755.568.440;7,20;100
2018-01-03 01:00:21+00:00;3.200.479.067.531.180;11.016.341.116.143.700;1,00;100
2018-01-03 02:00:21+00:00;2.934.031.954.111.040;13.169.093.968.119.100;11,53;67
2018-01-03 03:00:21+00:00;4.282.702.633.917.130;1.350.000.501.015.140;10,53;100
2018-01-03 04:00:21+00:00;3.748.538.457.114.050;16.311.489.451.540.100;13,80;69
2018-01-03 05:00:21+00:00;47.530.105.364.201.100;8.061.292.616.757.330;4,31;100
2018-01-03 06:00:21+00:00;5.732.237.351.755.640;10.471.001.058.887.200;10,27;97
2018-01-03 07:00:21+00:00;38.284.102.239.232.000;14.000.091.090.384.600;0,10;100
2018-01-03 08:00:21+00:00;3.525.658.939.918.150;1.318.894.671.568.800;13,91;100
2018-01-03 09:00:21+00:00;3.215.002.782.436.640;1.379.291.493.460.680;10,39;100
2018-01-03 10:00:21+00:00;13.679.423.423.966.800;12.413.026.303.859.300;9,03;100
2018-01-03 11:00:21+00:00;19.322.908.804.065.500;14.128.562.650.436.000;10,91;100
2018-01-03 12:00:21+00:00;16.354.055.365.185.900;9.669.391.174.180.390;8,91;56
2018-01-03 13:00:21+00:00;2.663.028.355.677.210;18.614.095.355.415.500;17,78;100
2018-01-03 14:00:21+00:00;30.121.503.728.683.400;14.538.327.194.536.400;1,23;100
2018-01-03 15:00:21+00:00;5.721.482.656.015.070;14.634.469.285.715.100;15,98;76
2018-01-03 16:00:21+00:00;378.710.644.240.962;10.938.802.632.398.600;7,11;9
2018-01-03 17:00:21+00:00;3.808.050.099.616.330;1.209.703.018.154.830;9,27;82
2018-01-03 18:00:21+00:00;25.449.199.727.751.300;14.765.383.877.156.600;9,60;100
2018-01-03 19:00:21+00:00;3.408.220.334.840.550;12.675.254.658.669.400;9,13;46
2018-01-03 20:00:21+00:00;7.068.647.860.037.660;14.175.379.656.414.400;10,02;51
2018-01-03 21:00:21+00:00;4.450.523.710.271.640;11.634.053.066.570.400;6,37;44
2018-01-03 22:00:21+00:00;31.582.536.810.589.000;10.278.749.200.958.000;10,09;100
2018-01-03 23:00:21+00:00;1.891.273.587.960.110;16.220.031.949.992.900;1,42;78
2018-01-04 00:00:21+00:00;34.241.589.548.368.600;11.350.326.512.800.800;8,28;66
2018-01-04 01:00:21+00:00;4.319.871.184.588.110;15.732.448.781.422.600;13,23;14
2018-01-04 02:00:21+00:00;462.492.248.631.112;11.490.623.890.314.900;8,37;100
2018-01-04 03:00:21+00:00;5.869.768.236.393.160;13.140.453.708.272.500;10,06;13
2018-01-04 04:00:21+00:00;343.662.068.637.974;12.586.137.855.230.000;11,08;99
2018-01-04 05:00:21+00:00;21.164.474.246.029.900;13.015.129.218.906.100;10,38;100
2018-01-04 06:00:21+00:00;3.926.519.353.838.470;15.364.002.258.019.000;12,33;100
2018-01-04 07:00:21+00:00;46.480.539.608.561.000;1.748.408.749.492.530;10,16;100
2018-01-04 08:00:21+00:00;4.202.921.712.490.630;13.059.910.365.253.200;12,09;100
2018-01-04 09:00:21+00:00;3.714.308.311.211.630;138.189.412.763.398;13,66;97
2018-01-04 10:00:21+00:00;4.520.088.886.698.460;12.871.408.358.429.900;12,35;100
2018-01-04 11:00:21+00:00;31.029.980.969.525.700;13.735.228.291.597.600;9,92;30
2018-01-04 12:00:21+00:00;3.707.643.197.670.190;11.783.503.827.243.700;11,38;48
2018-01-04 13:00:21+00:00;4.002.499.125.061.770;11.012.627.678.768.000;9,67;2
2018-01-04 14:00:21+00:00;14.229.965.745.014.400;14.313.444.565.351.300;9,72;4
2018-01-04 15:00:21+00:00;26.813.253.559.617.000;14.066.415.372.600.300;10,65;31
2018-01-04 16:00:21+00:00;1.831.880.318.520.850;16.281.053.155.157.000;12,82;56
2018-01-04 17:00:21+00:00;1.771.945.527.775.640;13.644.811.283.323.800;6,25;53
2018-01-04 18:00:21+00:00;17.606.168.289.817.600;13.410.528.679.643.200;11,12;100
2018-01-04 19:00:21+00:00;3.636.996.609.036.010;14.780.903.441.622.600;9,58;100
2018-01-04 20:00:21+00:00;4.145.676.209.546.610;1.591.437.361.081.510;10,62;72
2018-01-04 21:00:21+00:00;21.161.090.045.905.000;13.140.750.566.315.200;10,82;100
2018-01-04 22:00:21+00:00;24.190.056.423.915.900;727.800.989.624.265;5,13;4
2018-01-04 23:00:21+00:00;4.177.183.942.077.460;10.977.303.178.529.200;6,78;100
2018-01-05 00:00:21+00:00;47.236.655.263.774.800;16.121.381.647.991.300;13,20;68
2018-01-05 01:00:21+00:00;3.899.343.123.404.750;17.662.732.544.101.600;12,41;100
2018-01-05 02:00:21+00:00;4.670.703.280.747.820;16.760.108.141.464.800;11,69;83
2018-01-05 03:00:21+00:00;3.363.410.691.844.750;12.460.496.307.653.000;12,32;10
2018-01-05 04:00:21+00:00;45.833.237.698.748.200;1.272.840.143.571.050;10,50;96
2018-01-05 05:00:21+00:00;3.057.831.989.464.550;15.319.609.331.534.700;12,92;76
2018-01-05 06:00:21+00:00;3.947.427.842.295.110;14.981.224.688.263.600;15,12;100
2018-01-05 07:00:21+00:00;23.339.457.256.325.500;7.494.770.225.855.870;5,53;95
2018-01-05 08:00:21+00:00;5.370.919.251.238.440;13.629.932.338.504.400;0,96;42
2018-01-05 09:00:21+00:00;5.753.767.246.301.250;13.394.354.969.851.200;0,95;1
2018-01-05 10:00:21+00:00;38.989.248.033.838;10.729.911.782.918.600;12,29;14
2018-01-05 11:00:21+00:00;57.308.574.589.367.000;1.207.612.899.449.560;9,47;58
2018-01-05 12:00:21+00:00;4.123.305.668.219.320;141.655.386.360.481;9,47;100
2018-01-05 13:00:21+00:00;34.520.368.656.795.000;12.997.030.291.863.600;10,66;87
2018-01-05 14:00:21+00:00;2.889.175.948.859.750;15.786.171.366.189.800;11,38;63
2018-01-05 15:00:21+00:00;5.764.512.543.777.100;17.796.189.389.451.900;13,42;100
2018-01-05 16:00:21+00:00;3.270.985.303.778.960;15.818.327.298.341.000;15,91;6
2018-01-05 17:00:21+00:00;3.501.544.367.155.660;14.609.573.330.656.600;11,94;100
2018-01-05 18:00:21+00:00;4.757.536.594.650.940;13.164.372.077.287.500;7,97;9
2018-01-05 19:00:21+00:00;3.967.761.624.611.250;15.456.948.405.888.500;11,48;68
2018-01-05 20:00:21+00:00;323.719.890.831.734;12.014.499.983.634.100;5,91;100
2018-01-05 21:00:21+00:00;4.810.531.571.988.820;12.198.105.365.273.500;8,24;59
2018-01-05 22:00:21+00:00;16.536.212.719.333.800;10.537.366.034.636.400;1,04;100
2018-01-05 23:00:21+00:00;35.915.421.735.071;9.763.878.108.071.770;6,37;87
2018-01-06 00:00:21+00:00;34.702.925.431.138.400;1.663.203.985.526.520;18,59;90
2018-01-06 01:00:21+00:00;3.341.472.410.919.960;14.179.912.456.722.800;6,12;100
2018-01-06 02:00:21+00:00;4.566.819.599.615.300;14.814.037.646.230.800;10,96;100
2018-01-06 03:00:21+00:00;2.500.162.184.548.290;13.218.350.356.562.300;10,80;100
2018-01-06 04:00:21+00:00;3.220.734.775.312.300;1.810.978.995.998.570;14,61;100
2018-01-06 05:00:21+00:00;6.594.225.629.578.540;17.791.596.901.527.200;15,36;94
2018-01-06 06:00:21+00:00;4.477.367.839.815.200;13.484.599.397.639.400;10,24;77
2018-01-06 07:00:21+00:00;4.825.545.734.441.990;13.456.715.709.102.300;1,33;100
2018-01-06 08:00:21+00:00;34.365.267.020.611.900;12.991.164.536.303.300;7,93;100
2018-01-06 09:00:21+00:00;54.334.039.467.107.200;10.820.635.768.736.900;8,18;69
2018-01-06 10:00:21+00:00;15.722.994.168.969.200;1.253.177.754.534.200;7,80;100
2018-01-06 11:00:21+00:00;5.025.060.104.486.240;12.760.451.896.828.900;0,92;100
2018-01-06 12:00:21+00:00;34.590.312.182.886.500;8.146.500.371.075.780;6,00;57
2018-01-06 13:00:21+00:00;29.103.164.922.483.400;7.997.871.498.385.510;7,64;100
2018-01-06 14:00:21+00:00;2.604.949.094.202.980;13.369.229.721.758.800;8,67;55
2018-01-06 15:00:21+00:00;3.372.973.670.136.070;1.554.456.330.334.300;1,19;67
2018-01-06 16:00:21+00:00;4.881.990.983.245.190;11.656.333.512.467.900;9,37;10
2018-01-06 17:00:21+00:00;1.820.624.509.602.800;17.769.914.167.912.400;14,50;41
2018-01-06 18:00:21+00:00;5.497.692.743.152.170;12.842.825.513.089.300;0,08;100
2018-01-06 19:00:21+00:00;23.516.080.091.203.900;1.146.996.164.909.360;9,64;46
2018-01-06 20:00:21+00:00;3.242.177.241.726.930;10.070.737.350.984.500;10,39;94
2018-01-06 21:00:21+00:00;28.342.210.635.184.300;13.761.723.256.254.700;13,32;81
2018-01-06 22:00:21+00:00;3.805.992.030.145.480;8.648.054.678.633.630;50,00;14
2018-01-06 23:00:21+00:00;27.950.679.679.402.300;11.706.100.867.545.400;1,04;100
2018-01-07 00:00:21+00:00;28.086.919.856.221.700;13.633.370.249.481.700;10,58;93
2018-01-07 01:00:21+00:00;213.698.089.117.246;10.134.846.617.627.300;10,24;93
2018-01-07 02:00:21+00:00;3.773.805.199.828.030;12.257.061.745.944.700;11,16;96
2018-01-07 03:00:21+00:00;18.410.920.577.102.000;13.585.148.829.562.500;0,85;5
2018-01-07 04:00:21+00:00;3.296.261.317.466.950;10.571.333.828.995.800;8,15;92
2018-01-07 05:00:21+00:00;22.144.946.750.635.300;15.104.086.824.917.400;10,77;20
2018-01-07 06:00:21+00:00;2.088.566.038.910.710;15.809.804.974.524.900;12,46;79
2018-01-07 07:00:21+00:00;26.966.320.818.671.500;11.073.130.666.429.900;0,07;100
2018-01-07 08:00:21+00:00;2.473.677.245.470.200;13.038.990.376.375.700;1,02;100
2018-01-07 09:00:21+00:00;4.131.239.103.102.860;132.230.078.933.664;10,27;100
2018-01-07 10:00:21+00:00;28.086.699.463.038.300;14.366.598.869.055.200;11,24;42
2018-01-07 11:00:21+00:00;5.264.148.074.073.670;1.280.300.539.892.570;10,75;100
2018-01-07 12:00:21+00:00;27.507.824.454.556.200;11.772.651.396.789.100;6,33;100
2018-01-07 13:00:21+00:00;3.426.481.982.550.470;10.961.404.847.226.300;1,03;100
2018-01-07 14:00:21+00:00;27.825.717.932.038.400;1.555.441.430.428.930;14,12;100
2018-01-07 15:00:21+00:00;3.454.631.694.781.290;12.120.627.885.371.800;12,51;100
2018-01-07 16:00:21+00:00;35.976.520.980.445.000;11.641.274.786.001.300;9,12;33
2018-01-07 17:00:21+00:00;3.389.674.522.778.170;16.065.463.397.970.900;13,37;100
2018-01-07 18:00:21+00:00;4.356.101.463.702.300;13.875.920.379.194.600;13,19;100
2018-01-07 19:00:21+00:00;3.728.909.791.190.490;11.044.850.827.838.000;7,43;11
2018-01-07 20:00:21+00:00;38.882.351.922.836.200;13.051.555.901.189.900;11,42;100
2018-01-07 21:00:21+00:00;51.734.464.760.468.100;11.172.394.370.073.500;7,46;100
2018-01-07 22:00:21+00:00;32.861.711.818.541.200;10.660.724.357.469.200;9,56;100
2018-01-07 23:00:21+00:00;5.247.846.681.919.130;12.202.203.800.056.300;10,55;86
2018-01-08 00:00:21+00:00;3.784.779.194.930.980;13.028.131.774.202.200;8,63;20
2018-01-08 01:00:21+00:00;1.801.542.757.831.220;1.202.745.561.851.180;10,64;100
2018-01-08 02:00:21+00:00;3.747.246.299.559.260;14.839.345.676.527.500;11,00;79
2018-01-08 03:00:21+00:00;5.296.894.306.638.330;15.105.089.876.256.900;11,76;27
2018-01-08 04:00:21+00:00;4.385.725.019.955.550;11.807.578.512.433.700;11,08;7
2018-01-08 05:00:21+00:00;3.424.408.289.425.650;13.099.005.081.199.000;12,63;80
2018-01-08 06:00:21+00:00;29.092.340.979.701.400;12.382.724.349.567.200;10,74;85
2018-01-08 07:00:21+00:00;5.740.586.851.670.100;1.112.463.138.140.860;8,93;1
2018-01-08 08:00:21+00:00;3.646.473.012.373.080;13.906.671.788.480.600;12,54;88
2018-01-08 09:00:21+00:00;22.356.369.271.722.500;8.963.836.941.049.280;50,00;100
2018-01-08 10:00:21+00:00;3.801.420.431.739.810;1.119.796.963.911.130;1,07;11
2018-01-08 11:00:21+00:00;2.578.990.014.644.350;1.070.290.007.546.260;7,33;100
2018-01-08 12:00:21+00:00;6.384.705.431.171.980;11.333.116.662.620.300;8,63;100
2018-01-08 13:00:21+00:00;367.573.720.799.827;1.089.081.261.899.590;6,85;49
2018-01-08 14:00:21+00:00;3.783.843.636.967.030;9.604.190.725.767.220;7,52;48
2018-01-08 15:00:21+00:00;3.142.955.845.659.550;12.817.396.048.754.800;13,29;10
2018-01-08 16:00:21+00:00;31.583.674.649.984.400;1.262.462.033.283.240;13,15;41
2018-01-08 17:00:21+00:00;37.312.565.281.557.900;13.500.303.358.494.500;14,06;100
2018-01-08 18:00:21+00:00;26.668.960.040.401.200;1.409.690.313.600.970;10,00;100
2018-01-08 19:00:21+00:00;20.822.685.152.219.700;14.509.281.092.808.900;1,70;95
2018-01-08 20:00:21+00:00;19.799.830.891.948.400;11.573.259.555.542.200;1,16;95
2018-01-08 21:00:21+00:00;30.446.525.167.451.500;13.674.718.486.528.300;12,98;3
2018-01-08 22:00:21+00:00;3.914.984.023.918.750;12.889.509.285.109.100;10,81;84
2018-01-08 23:00:21+00:00;6.903.552.634.427.010;13.263.830.965.586.500;7,49;100
2018-01-09 00:00:21+00:00;42.263.937.464.614.400;12.415.367.063.155.100;0,87;48
2018-01-09 01:00:21+00:00;3.248.194.524.973.370;11.578.729.451.888.900;8,43;66
2018-01-09 02:00:21+00:00;2.820.526.995.362.990;12.930.174.925.408.100;10,05;77
2018-01-09 03:00:21+00:00;54.823.510.194.894.400;12.369.902.860.137.300;9,04;100
2018-01-09 04:00:21+00:00;5.011.999.178.036.690;1.425.129.731.000.470;11,35;100
2018-01-09 05:00:21+00:00;4.146.409.835.097.040;15.817.998.150.511.300;13,61;83
2018-01-09 06:00:21+00:00;2.322.406.444.005.990;11.243.331.599.599.100;9,15;52
2018-01-09 07:00:21+00:00;5.140.919.746.397.200;12.221.623.247.144.600;9,38;31
2018-01-09 08:00:21+00:00;201.039.760.409.014;19.150.341.086.065.900;1,48;58
2018-01-09 09:00:21+00:00;33.411.712.113.271.600;9.107.874.085.411.190;10,12;37
2018-01-09 10:00:21+00:00;4.018.308.235.527.490;9.618.406.591.279.660;6,92;51
2018-01-09 11:00:21+00:00;7.638.365.479.968.000;1.608.012.791.441.020;14,42;52
2018-01-09 12:00:21+00:00;368.431.390.482.595;18.166.709.487.570.500;14,58;100
2018-01-09 13:00:21+00:00;23.442.889.557.093.900;17.049.262.023.028.800;9,91;11
2018-01-09 14:00:21+00:00;2.931.414.420.481.130;14.287.023.121.552.400;16,07;100
2018-01-09 15:00:21+00:00;20.777.180.951.310.800;12.479.284.114.539.500;12,45;94
2018-01-09 16:00:21+00:00;494.258.633.714.255;12.859.389.720.321.400;1,48;88
2018-01-09 17:00:21+00:00;30.686.189.348.092.900;14.497.976.045.533.500;13,37;13
2018-01-09 18:00:21+00:00;3.469.888.566.371.660;15.793.874.024.300.400;1,27;68
2018-01-09 19:00:21+00:00;5.581.977.249.363.850;14.826.964.641.211.100;1,30;29
2018-01-09 20:00:21+00:00;4.974.008.480.811.600;8.637.023.336.870.360;5,95;78
2018-01-09 21:00:21+00:00;3.738.194.123.368.840;10.670.763.694.342.900;50,00;75
2018-01-09 22:00:21+00:00;26.072.402.844.014.100;14.199.167.049.706.400;1,55;100
2018-01-09 23:00:21+00:00;27.578.565.667.823.900;10.167.310.708.475.600;7,56;11
2018-01-10 00:00:21+00:00;4.297.486.544.473.610;890.503.526.875.096;7,40;100
2018-01-10 01:00:21+00:00;22.773.673.406.895.400;15.646.009.492.432.600;13,46;67
2018-01-10 02:00:21+00:00;11.197.816.419.283.800;1.415.046.005.878.230;10,85;50
2018-01-10 03:00:21+00:00;24.075.961.155.999.900;1.728.206.145.264.810;15,75;43
2018-01-10 04:00:21+00:00;3.977.249.866.121.610;15.881.963.221.053.700;12,51;100
2018-01-10 05:00:21+00:00;28.174.228.802.038.600;1.201.441.733.307.540;1,67;100
2018-01-10 06:00:21+00:00;4.850.553.065.505.590;14.123.520.494.375.400;7,49;81
2018-01-10 07:00:21+00:00;27.971.503.030.003.000;11.604.798.956.459.500;7,95;49
2018-01-10 08:00:21+00:00;3.468.192.429.489.370;9.611.258.415.733.920;0,98;100
2018-01-10 09:00:21+00:00;2.456.082.869.134.530;1.642.542.516.029.730;10,00;100
2018-01-10 10:00:21+00:00;3.394.792.023.945.710;13.053.669.264.781.200;10,84;95
2018-01-10 11:00:21+00:00;19.822.704.157.618.800;16.794.991.605.934.200;1,28;100
2018-01-10 12:00:21+00:00;5.205.133.439.598.860;13.788.486.818.553.800;10,80;100
2018-01-10 13:00:21+00:00;4.775.291.985.934.310;14.199.603.303.958.900;13,78;100
2018-01-10 14:00:21+00:00;17.876.713.330.263.500;1.492.437.179.195.040;12,23;57
2018-01-10 15:00:21+00:00;4.897.661.607.430.360;13.079.511.237.407.400;8,96;68
2018-01-10 16:00:21+00:00;5.373.888.359.783.280;12.948.916.127.215.700;12,40;10
2018-01-10 17:00:21+00:00;42.701.155.713.546.700;14.112.807.185.509.300;11,76;69
2018-01-10 18:00:21+00:00;4.975.435.043.409.490;16.547.947.044.086.900;10,48;10
2018-01-10 19:00:21+00:00;3.628.776.863.962.570;14.749.886.459.921.500;10,46;100
2018-01-10 20:00:21+00:00;43.753.189.165.293.800;13.566.609.605.539.100;10,69;89
2018-01-10 21:00:21+00:00;42.192.095.747.201.000;12.528.635.712.911.700;11,56;86
2018-01-10 22:00:21+00:00;2.380.366.647.996.740;13.238.339.099.594.000;10,33;100
2018-01-10 23:00:21+00:00;47.455.056.341.197.400;11.429.870.053.821.300;11,06;69
2018-01-11 00:00:21+00:00;41.183.333.971.317.400;11.142.039.842.706.300;9,06;100
2018-01-11 01:00:21+00:00;2.222.780.243.319.730;12.948.404.204.250.100;9,00;14
2018-01-11 02:00:21+00:00;14.708.341.643.130.000;13.539.613.842.396.600;10,95;100
2018-01-11 03:00:21+00:00;38.274.658.710.316.000;15.289.285.957.895.000;13,69;99
2018-01-11 04:00:21+00:00;3.478.520.849.054.060;10.785.601.762.431.100;8,26;100
2018-01-11 05:00:21+00:00;1.956.076.040.355.660;13.550.750.482.908.600;0,86;51
2018-01-11 06:00:21+00:00;5.071.193.809.400.470;14.560.769.262.389.500;12,04;100
2018-01-11 07:00:21+00:00;424.009.101.754.137;11.144.346.824.667.600;7,10;71
2018-01-11 08:00:21+00:00;4.191.396.448.112.290;12.409.091.479.680.600;12,93;69
2018-01-11 09:00:21+00:00;3.676.107.442.340.970;15.367.431.075.285.000;14,57;63
2018-01-11 10:00:21+00:00;1.990.630.884.465.900;13.381.679.418.216.000;1,02;100
2018-01-11 11:00:21+00:00;2.382.498.506.215.430;863.187.917.065.434;7,82;100
2018-01-11 12:00:21+00:00;5.046.496.733.655.210;15.403.285.773.752.400;12,15;100
2018-01-11 13:00:21+00:00;38.316.947.263.553.100;1.374.089.476.718.040;14,00;10
2018-01-11 14:00:21+00:00;23.632.866.268.431.300;9.628.945.635.780.760;4,48;38
2018-01-11 15:00:21+00:00;3.522.056.667.110.840;11.395.255.207.879.600;9,51;74
2018-01-11 16:00:21+00:00;41.970.325.393.755.500;13.218.673.711.652.500;8,67;95
2018-01-11 17:00:21+00:00;28.509.206.296.928.100;14.282.890.024.983.300;12,27;67
2018-01-11 18:00:21+00:00;3.720.223.644.718.430;16.020.449.304.507.000;9,05;24
2018-01-11 19:00:21+00:00;4.964.517.180.775.960;11.338.302.455.372.100;9,73;93
2018-01-11 20:00:21+00:00;5.832.268.260.239.870;12.430.078.585.944.700;13,82;72
2018-01-11 21:00:21+00:00;11.661.040.172.605.700;156.688.685.294.963;1,14;100
2018-01-11 22:00:21+00:00;46.147.228.257.971;16.060.124.227.251.000;9,83;82
2018-01-11 23:00:21+00:00;4.223.951.775.426.360;1.274.063.989.317.790;11,51;62
2018-01-12 00:00:21+00:00;4.024.035.175.968.880;12.232.572.300.825.200;9,15;100
2018-01-12 01:00:21+00:00;2.382.921.943.499.020;14.737.835.378.819.400;13,68;78
2018-01-12 02:00:21+00:00;431.465.330.595.468;8.500.134.938.001.920;9,00;100
2018-01-12 03:00:21+00:00;2.891.586.336.286.250;13.492.306.427.892.300;12,86;69
2018-01-12 04:00:21+00:00;4.109.394.389.204.620;13.459.788.542.749.900;10,72;100
2018-01-12 05:00:21+00:00;418.181.680.151.238;12.389.982.200.727.300;13,56;82
2018-01-12 06:00:21+00:00;5.125.878.992.162.490;1.466.922.778.717.730;13,32;100
2018-01-12 07:00:21+00:00;44.833.163.825.867.800;161.740.077.306.498;11,49;85
2018-01-12 08:00:21+00:00;12.083.421.408.713.200;11.157.369.815.859.400;7,63;96
2018-01-12 09:00:21+00:00;3.687.135.983.880.910;11.758.959.128.741.400;12,02;100
2018-01-12 10:00:21+00:00;5.177.641.998.204.080;15.141.079.436.315.300;13,45;100
2018-01-12 11:00:21+00:00;18.066.824.057.130.600;10.001.718.772.040.400;6,56;100
2018-01-12 12:00:21+00:00;345.298.529.980.241;1.223.338.902.205.270;9,07;100
2018-01-12 13:00:21+00:00;3.772.085.379.429.900;18.785.408.018.882.300;14,90;77
2018-01-12 14:00:21+00:00;6.459.275.830.897.060;13.983.922.341.037.400;12,83;7
2018-01-12 15:00:21+00:00;4.023.019.866.537.930;12.836.374.970.746.400;0,98;7
2018-01-12 16:00:21+00:00;29.242.978.227.271.700;9.341.748.013.480.570;10,10;100
2018-01-12 17:00:21+00:00;4.002.678.638.248.480;7.686.273.769.526.090;6,87;100
2018-01-12 18:00:21+00:00;3.742.830.546.095.170;16.104.534.988.581.900;0,16;69
2018-01-12 19:00:21+00:00;3.342.436.873.022.730;10.702.540.218.406.900;6,27;100
2018-01-12 20:00:21+00:00;3.542.108.644.230.340;13.635.424.295.509.000;13,91;83
2018-01-12 21:00:21+00:00;20.928.009.764.774.000;16.616.790.565.401.400;1,56;100
2018-01-12 22:00:21+00:00;3.447.951.064.531.630;12.316.815.350.481.200;1,00;100
2018-01-12 23:00:21+00:00;28.651.083.206.337.100;1.240.991.493.446.420;8,88;100
2018-01-13 00:00:21+00:00;3.964.925.968.841.520;15.213.833.451.937.800;14,78;44
2018-01-13 01:00:21+00:00;34.710.065.602.883.600;16.812.022.927.409.700;1,25;13
2018-01-13 02:00:21+00:00;21.149.430.597.549.900;15.579.714.181.372.000;12,45;95
2018-01-13 03:00:21+00:00;24.029.949.583.132.800;17.092.163.814.228.300;14,68;98
2018-01-13 04:00:21+00:00;27.678.372.464.191.800;7.926.898.440.789.980;4,07;94
2018-01-13 05:00:21+00:00;3.413.905.459.981.840;14.547.316.379.208.300;11,27;55
2018-01-13 06:00:21+00:00;3.588.935.731.008.810;1.664.044.816.797.790;11,47;84
2018-01-13 07:00:21+00:00;338.677.407.244.017;14.617.530.126.157.400;8,58;82
2018-01-13 08:00:21+00:00;37.375.835.485.338.100;13.175.910.426.160.400;14,71;93
2018-01-13 09:00:21+00:00;296.963.943.643.755;10.553.122.168.758.600;50,00;100
2018-01-13 10:00:21+00:00;25.959.180.321.704.200;11.745.402.454.454.400;10,64;100
2018-01-13 11:00:21+00:00;1.653.865.634.138.090;1.716.314.473.309.180;1,79;100
2018-01-13 12:00:21+00:00;3.086.972.586.184.880;13.437.258.984.190.400;9,48;49
2018-01-13 13:00:21+00:00;28.126.260.984.952.300;1.199.611.352.011.420;7,08;81
2018-01-13 14:00:21+00:00;6.649.028.706.171.790;9.762.193.388.400.350;11,33;34
2018-01-13 15:00:21+00:00;61.022.545.376.596.600;14.655.361.772.542.100;9,86;93
2018-01-13 16:00:21+00:00;4.245.711.042.595.210;11.570.741.138.339.900;8,43;100
2018-01-13 17:00:21+00:00;2.405.624.442.760.010;13.447.282.547.036.400;9,62;63
2018-01-13 18:00:21+00:00;32.799.760.154.470.500;17.711.404.511.297.700;14,48;100
2018-01-13 19:00:21+00:00;38.191.616.861.523.400;1.545.802.010.863.090;0,87;100
2018-01-13 20:00:21+00:00;6.234.331.839.975.120;16.702.360.489.324.100;14,61;28
2018-01-13 21:00:21+00:00;35.032.418.785.792.400;13.873.768.343.192.600;0,12;90
2018-01-13 22:00:21+00:00;17.845.499.799.960.200;15.254.686.207.355.700;13,93;71
2018-01-13 23:00:21+00:00;29.971.040.245.814.100;1.675.152.658.615.160;1,51;59
2018-01-14 00:00:21+00:00;25.403.154.526.830.300;11.514.098.981.720.000;10,12;87
2018-01-14 01:00:21+00:00;3.434.397.364.852.320;13.435.779.001.693.500;10,14;1
2018-01-14 02:00:21+00:00;30.488.634.368.738.600;11.853.161.143.414.300;9,60;1
2018-01-14 03:00:21+00:00;3.878.912.034.055.660;120.483.353.209.555;8,34;100
2018-01-14 04:00:21+00:00;4.527.022.310.880.470;13.166.015.092.977.000;10,92;85
2018-01-14 05:00:21+00:00;4.365.330.752.375.650;11.211.393.167.712.200;7,39;11
2018-01-14 06:00:21+00:00;5.964.483.399.448.660;12.626.744.116.099.500;10,38;100
2018-01-14 07:00:21+00:00;2.888.496.042.198.860;1.518.931.834.601.940;11,27;100
2018-01-14 08:00:21+00:00;5.353.610.539.802.080;1.329.101.403.003.890;9,00;48
2018-01-14 09:00:21+00:00;23.358.436.705.175.200;11.643.064.292.387.800;11,41;68
2018-01-14 10:00:21+00:00;12.320.130.933.773.200;15.432.700.186.612.200;1,39;10
2018-01-14 11:00:21+00:00;4.323.326.775.592.240;11.301.989.168.524.100;9,16;7
2018-01-14 12:00:21+00:00;5.586.411.142.863.120;1.084.556.688.681.130;50,00;100
2018-01-14 13:00:21+00:00;2.402.789.891.921.610;16.438.639.073.850.600;1,14;89
2018-01-14 14:00:21+00:00;41.474.857.146.697.800;15.575.949.303.590.700;1,23;86
2018-01-14 15:00:21+00:00;25.776.873.389.585.900;12.699.885.475.290.900;11,11;77
2018-01-14 16:00:21+00:00;4.768.974.512.459.670;1.812.376.425.612.370;15,48;38
2018-01-14 17:00:21+00:00;4.951.844.231.730.010;12.153.215.371.412.900;10,19;80
2018-01-14 18:00:21+00:00;3.952.022.669.900.510;1.517.980.667.354.610;12,20;99
2018-01-14 19:00:21+00:00;22.577.072.118.820.900;9.690.858.575.976.680;7,32;100
2018-01-14 20:00:21+00:00;4.163.617.799.928.990;1.106.239.656.847.000;7,59;41
2018-01-14 21:00:21+00:00;13.066.471.121.266.600;16.021.505.872.218.000;1,61;100
2018-01-14 22:00:21+00:00;3.418.295.525.353.580;16.971.669.028.226.100;15,64;100
2018-01-14 23:00:21+00:00;25.413.793.433.533.100;13.160.857.642.710.000;1,17;100
2018-01-15 00:00:21+00:00;3.463.450.652.244.020;1.905.562.031.347.210;12,98;54
2018-01-15 01:00:21+00:00;3.474.835.114.159.380;16.700.831.171.518.500;11,00;100
2018-01-15 02:00:21+00:00;3.808.791.834.596.940;1.183.577.236.080.700;9,40;1
2018-01-15 03:00:21+00:00;16.192.775.125.563.000;1.260.755.454.125.490;9,06;11
2018-01-15 04:00:21+00:00;2.184.579.973.381.830;10.162.095.250.663.500;0,59;57
2018-01-15 05:00:21+00:00;58.745.739.028.700.400;12.451.041.342.653.600;10,17;47
2018-01-15 06:00:21+00:00;4.602.699.298.832.710;14.105.433.365.721.300;7,52;78
2018-01-15 07:00:21+00:00;3.929.558.611.295.890;13.622.865.331.736.600;10,72;100
2018-01-15 08:00:21+00:00;15.828.185.276.510.200;13.599.827.230.252.800;11,90;100
2018-01-15 09:00:21+00:00;3.855.321.527.389.550;1.594.466.066.937.910;13,71;100
2018-01-15 10:00:21+00:00;3.995.330.817.190.740;1.392.935.485.936.000;7,53;37
2018-01-15 11:00:21+00:00;293.006.155.078.184;15.186.958.416.886.700;8,44;100
2018-01-15 12:00:21+00:00;2.001.843.022.958.500;14.608.731.507.995.200;11,26;100
2018-01-15 13:00:21+00:00;2.682.029.646.186.760;14.221.088.491.330.400;10,11;53
2018-01-15 14:00:21+00:00;4.754.564.989.531.800;15.761.006.571.170.900;1,02;1
2018-01-15 15:00:21+00:00;4.451.287.316.816.790;154.708.924.863.202;8,07;100
2018-01-15 16:00:21+00:00;4.915.287.261.624.150;10.792.543.517.002.300;6,87;100
2018-01-15 17:00:21+00:00;4.108.003.878.331.070;17.937.832.224.072.100;14,15;90
2018-01-15 18:00:21+00:00;23.690.793.045.231.000;13.817.325.242.835.100;10,58;91
2018-01-15 19:00:21+00:00;15.113.323.929.645.600;11.218.622.404.611.600;6,57;100
2018-01-15 20:00:21+00:00;347.838.638.493.427;13.367.388.097.785.500;8,69;100
2018-01-15 21:00:21+00:00;4.765.304.248.715.480;14.157.890.340.065.700;10,64;1
2018-01-15 22:00:21+00:00;4.785.471.922.118.130;14.951.070.215.197.800;10,30;100
2018-01-15 23:00:21+00:00;21.444.935.333.210.000;15.855.491.635.507.900;13,33;100
2018-01-16 00:00:21+00:00;39.047.821.322.895.100;1.538.817.399.307.360;13,43;52
2018-01-16 01:00:21+00:00;24.446.042.446.026.700;17.984.888.644.404.400;1,53;37
2018-01-16 02:00:21+00:00;31.955.098.058.507.200;13.781.602.052.732.200;8,84;2
2018-01-16 03:00:21+00:00;19.394.453.156.904.200;13.139.484.840.358.300;11,18;65
2018-01-16 04:00:21+00:00;4.600.364.611.344.360;9.965.018.088.149.480;0,87;27
2018-01-16 05:00:21+00:00;4.108.148.435.258.490;15.878.320.584.682.300;1,57;100
2018-01-16 06:00:21+00:00;1.982.009.449.091.050;1.500.387.150.726.440;1,60;14
2018-01-16 07:00:21+00:00;32.072.839.876.220.500;12.152.816.788.814.400;12,20;46
2018-01-16 08:00:21+00:00;15.460.378.593.251.300;1.411.428.481.349.660;10,38;22
2018-01-16 09:00:21+00:00;13.876.942.081.167.500;13.500.343.607.309.200;9,26;100
2018-01-16 10:00:21+00:00;18.570.899.181.322.100;1.394.998.575.608.480;10,76;33
2018-01-16 11:00:21+00:00;3.601.970.893.890.090;12.859.755.593.606.700;9,14;100
2018-01-16 12:00:21+00:00;28.859.576.226.629.800;1.379.938.980.346.390;15,23;50
2018-01-16 13:00:21+00:00;3.757.446.600.128.360;9.840.137.886.562.380;0,98;100
2018-01-16 14:00:21+00:00;29.034.883.858.343.600;12.540.723.624.768.600;1,13;87
2018-01-16 15:00:21+00:00;4.524.630.479.806.250;14.272.265.735.574.400;13,02;100
2018-01-16 16:00:21+00:00;3.164.814.102.069.430;1.181.440.315.975.270;12,19;35
2018-01-16 17:00:21+00:00;4.918.255.510.166.190;1.446.888.197.225.170;12,81;100
2018-01-16 18:00:21+00:00;2.737.628.474.396.450;1.853.537.759.847.040;14,45;69
2018-01-16 19:00:21+00:00;4.416.147.139.954.660;10.723.936.952.858.400;10,06;37
2018-01-16 20:00:21+00:00;3.638.761.745.333.630;9.078.806.939.157.570;8,73;0
2018-01-16 21:00:21+00:00;1.857.505.582.031.600;1.645.068.524.845.560;10,93;77
2018-01-16 22:00:21+00:00;53.297.041.080.477.900;1.860.294.350.510.050;19,68;100
2018-01-16 23:00:21+00:00;57.686.141.222.845.600;14.425.737.004.716.700;10,31;100
2018-01-17 00:00:21+00:00;34.563.945.291.803.200;1.354.032.512.310.600;13,92;100
2018-01-17 01:00:21+00:00;33.253.478.233.775.600;1.195.924.787.215.800;9,25;19
2018-01-17 02:00:21+00:00;470.109.897.172.386;14.833.275.225.848.200;14,18;38
2018-01-17 03:00:21+00:00;3.513.770.990.715.450;13.487.658.559.579.900;10,90;100
2018-01-17 04:00:21+00:00;43.582.945.348.019.000;15.585.726.431.039.000;9,58;73
2018-01-17 05:00:21+00:00;4.037.625.870.728.800;9.369.707.803.598.300;9,63;100
2018-01-17 06:00:21+00:00;3.733.325.520.984.860;14.318.510.290.727.000;14,40;87
2018-01-17 07:00:21+00:00;28.035.031.542.828.500;1.150.135.612.683.480;0,92;100
2018-01-17 08:00:21+00:00;26.834.347.375.869.200;15.823.315.136.361.700;14,37;73
2018-01-17 09:00:21+00:00;5.010.965.495.722.520;10.747.243.208.746.300;7,21;100
2018-01-17 10:00:21+00:00;5.344.909.737.189.440;15.052.438.410.062.000;12,17;100
2018-01-17 11:00:21+00:00;3.817.830.128.693.900;12.112.827.032.504.000;11,91;33
2018-01-17 12:00:21+00:00;5.227.915.425.914.570;12.470.248.115.047.300;10,74;100
2018-01-17 13:00:21+00:00;24.784.696.642.773.400;15.586.389.076.454.400;13,49;100
2018-01-17 14:00:21+00:00;4.315.917.908.566.660;11.593.087.418.442.400;11,33;100
2018-01-17 15:00:21+00:00;3.375.083.268.230.240;988.375.855.859.282;11,28;100
2018-01-17 16:00:21+00:00;3.578.687.851.465.740;13.701.353.745.370.100;13,22;69
2018-01-17 17:00:21+00:00;3.312.439.523.040.760;1.192.122.302.716.200;10,20;91
2018-01-17 18:00:21+00:00;3.414.084.092.745.820;10.200.157.584.624.700;8,13;70
2018-01-17 19:00:21+00:00;1.772.147.855.525.460;14.374.379.263.308.200;11,88;100
2018-01-17 20:00:21+00:00;18.785.541.050.731.200;14.228.541.221.694.500;8,81;67
2018-01-17 21:00:21+00:00;12.906.809.685.353.100;13.808.572.877.613.000;11,58;32
2018-01-17 22:00:21+00:00;28.913.602.294.349.800;147.567.532.236.644;9,52;72
2018-01-17 23:00:21+00:00;23.890.332.988.496.200;8.685.098.006.908.620;6,20;100
2018-01-18 00:00:21+00:00;14.098.170.914.873.000;11.673.824.126.888.800;10,84;8
2018-01-18 01:00:21+00:00;2.219.651.042.639.560;1.419.841.067.167.050;10,57;35
2018-01-18 02:00:21+00:00;3.178.624.800.373.410;16.038.595.897.071.500;15,65;4
2018-01-18 03:00:21+00:00;7.339.049.488.943.000;14.107.104.732.446.200;0,11;1
2018-01-18 04:00:21+00:00;3.254.499.683.570.160;1.635.941.830.868.550;1,55;100
2018-01-18 05:00:21+00:00;31.414.417.471.581.200;11.882.046.519.721.500;0,90;64
2018-01-18 06:00:21+00:00;18.300.455.481.257.500;12.034.186.883.905.100;9,41;100
2018-01-18 07:00:21+00:00;21.935.128.457.412.300;1.262.332.402.510.640;0,12;100
2018-01-18 08:00:21+00:00;4.673.079.949.812.270;13.324.492.220.875.100;10,31;82
2018-01-18 09:00:21+00:00;5.546.837.661.033.930;9.218.678.040.251.290;8,12;100
2018-01-18 10:00:21+00:00;23.740.737.596.604.900;1.347.403.233.289.660;0,99;100
2018-01-18 11:00:21+00:00;37.675.592.513.236.000;13.441.882.772.532.800;0,62;62
2018-01-18 12:00:21+00:00;6.884.753.698.368.600;1.203.804.032.352.150;8,44;58
2018-01-18 13:00:21+00:00;60.490.135.294.409.900;11.659.950.744.448.200;1,23;100
2018-01-18 14:00:21+00:00;38.449.648.152.885.100;1.418.374.902.598.500;12,02;66
2018-01-18 15:00:21+00:00;22.750.489.932.198.100;14.954.491.639.287.200;13,75;100
2018-01-18 16:00:21+00:00;2.251.978.004.564.680;13.875.424.335.098.300;12,96;100
2018-01-18 17:00:21+00:00;8.040.082.216.700.710;13.871.128.082.018.800;12,66;100
2018-01-18 18:00:21+00:00;3.534.467.910.550.140;13.436.381.057.359.800;13,94;100
2018-01-18 19:00:21+00:00;5.794.264.425.355.680;1.356.217.254.549.920;10,21;42
2018-01-18 20:00:21+00:00;25.966.095.446.387.900;15.176.425.942.820.300;1,51;42
2018-01-18 21:00:21+00:00;30.350.011.654.259.500;1.745.841.470.714.960;15,31;76
2018-01-18 22:00:21+00:00;33.129.850.052.055.800;17.146.605.052.629.700;1,46;100
2018-01-18 23:00:21+00:00;3.677.111.547.640.670;10.895.982.181.606.700;4,60;26
2018-01-19 00:00:21+00:00;2.598.875.585.466.470;8.403.608.841.532.640;7,53;16
2018-01-19 01:00:21+00:00;33.077.746.289.852.100;1.481.189.667.331.580;13,68;100
2018-01-19 02:00:21+00:00;39.514.540.140.074.500;135.768.800.440.357;11,33;61
2018-01-19 03:00:21+00:00;4.157.408.801.320.380;13.379.132.786.503.100;13,20;100
2018-01-19 04:00:21+00:00;39.552.424.658.363.200;14.449.208.803.177.000;14,15;36
2018-01-19 05:00:21+00:00;25.560.800.702.657.800;12.932.162.377.327.400;9,79;96
2018-01-19 06:00:21+00:00;3.631.186.521.665.300;9.595.920.497.270.650;7,90;55
2018-01-19 07:00:21+00:00;406.635.611.174.162;1.075.489.090.011.870;8,07;43
2018-01-19 08:00:21+00:00;4.995.000.914.342.370;1.090.327.647.353.120;7,88;68
2018-01-19 09:00:21+00:00;4.163.208.387.093.490;15.142.445.452.430.700;12,31;71
2018-01-19 10:00:21+00:00;2.030.651.646.690.700;1.809.996.199.477.110;14,95;1
2018-01-19 11:00:21+00:00;36.879.810.811.859.700;12.385.279.058.936.000;5,73;95
2018-01-19 12:00:21+00:00;3.820.415.628.120.220;19.835.849.183.516.500;15,79;100
2018-01-19 13:00:21+00:00;43.535.800.259.260.500;892.429.158.878.397;7,95;100
2018-01-19 14:00:21+00:00;4.385.304.411.578.230;12.293.308.087.010.400;10,09;14
2018-01-19 15:00:21+00:00;42.356.087.994.276.900;13.969.747.609.703.800;11,03;36
2018-01-19 16:00:21+00:00;1.803.594.926.212.330;733.384.085.599.616;38,45;100
2018-01-19 17:00:21+00:00;21.131.249.542.580.300;17.217.792.721.646.600;11,16;100
2018-01-19 18:00:21+00:00;51.330.779.602.780.900;11.846.390.227.322.600;8,41;100
2018-01-19 19:00:21+00:00;2.310.317.293.969.550;13.606.770.001.364.000;7,26;100
2018-01-19 20:00:21+00:00;3.883.184.551.583.110;14.612.417.430.491.600;1,16;100
2018-01-19 21:00:21+00:00;29.138.193.813.254.900;966.514.704.183.631;0,60;86
2018-01-19 22:00:21+00:00;45.851.332.791.102.500;19.426.044.832.751.600;1,59;1
2018-01-19 23:00:21+00:00;4.929.068.221.855.560;13.849.408.372.659.800;9,96;96
2018-01-20 00:00:21+00:00;24.089.151.158.896.900;12.698.802.213.420.600;6,27;59
2018-01-20 01:00:21+00:00;4.562.574.591.041.830;10.829.717.794.098.200;6,70;65
2018-01-20 02:00:21+00:00;4.647.573.599.108.010;14.021.751.668.330.100;11,59;77
2018-01-20 03:00:21+00:00;4.458.848.239.651.780;9.701.800.879.259.790;9,32;90
2018-01-20 04:00:21+00:00;3.243.382.088.347.760;13.862.813.192.356.900;10,54;97
2018-01-20 05:00:21+00:00;12.175.202.240.582.700;16.913.463.491.087.100;14,03;27
2018-01-20 06:00:21+00:00;4.933.300.027.561.630;16.351.982.493.713.600;1,27;78
2018-01-20 07:00:21+00:00;28.142.229.623.974.800;12.177.296.112.730.500;9,31;83
2018-01-20 08:00:21+00:00;3.292.913.104.147.010;12.849.809.191.494.700;0,87;75
2018-01-20 09:00:21+00:00;4.100.280.009.476.870;14.838.528.065.513.800;11,81;100
2018-01-20 10:00:21+00:00;21.461.755.873.575.100;1.639.271.769.298.270;1,19;7
2018-01-20 11:00:21+00:00;1.978.559.740.676.350;17.244.193.537.906.400;16,55;100
2018-01-20 12:00:21+00:00;2.303.409.416.421.160;17.478.355.900.774.800;12,63;100
2018-01-20 13:00:21+00:00;2.461.129.945.608.740;11.261.659.874.741.100;9,36;100
2018-01-20 14:00:21+00:00;20.802.758.842.930.700;15.352.216.943.864.000;10,15;100
2018-01-20 15:00:21+00:00;36.780.986.831.383.900;10.168.826.404.255.200;7,74;92
2018-01-20 16:00:21+00:00;3.871.191.229.338.670;12.401.246.760.799.300;0,79;30
2018-01-20 17:00:21+00:00;27.791.488.018.067.200;10.676.225.157.922.500;7,40;100
2018-01-20 18:00:21+00:00;3.741.943.834.492.600;10.727.237.340.706.200;1,05;14
2018-01-20 19:00:21+00:00;2,3216E+16;14.112.111.183.688.900;0,11;100
2018-01-20 20:00:21+00:00;3.997.567.403.729.800;11.846.545.221.842.500;11,13;100
2018-01-20 21:00:21+00:00;36.140.294.959.510.500;14.220.418.722.530.700;10,95;41
2018-01-20 22:00:21+00:00;50.686.912.775.930.200;10.592.631.147.090.700;9,94;100
2018-01-20 23:00:21+00:00;39.872.891.133.088.700;14.699.374.631.311.900;13,40;100
2018-01-21 00:00:21+00:00;42.908.810.012.166.700;12.481.455.355.496.700;1,14;100
2018-01-21 01:00:21+00:00;2.687.200.565.122.100;12.817.380.170.049.000;12,16;32
2018-01-21 02:00:21+00:00;14.346.172.535.023.400;10.370.173.553.399.600;9,27;16
2018-01-21 03:00:21+00:00;3.436.722.375.806.310;15.997.153.082.204.800;11,94;35
2018-01-21 04:00:21+00:00;15.742.036.832.521.300;13.865.903.249.062.900;8,26;100
2018-01-21 05:00:21+00:00;3.576.502.697.389.010;1.483.463.570.015.460;10,35;60
2018-01-21 06:00:21+00:00;429.817.643.783.675;10.428.010.363.830.100;9,13;11
2018-01-21 07:00:21+00:00;3.353.434.027.123.050;15.164.377.986.180.200;14,36;3
2018-01-21 08:00:21+00:00;229.890.320.418.857;13.624.901.560.929.900;11,88;100
2018-01-21 09:00:21+00:00;5.818.463.584.486.210;12.321.706.223.121.900;9,23;51
2018-01-21 10:00:21+00:00;30.505.142.093.045.600;1.686.546.590.091.430;12,64;100
2018-01-21 11:00:21+00:00;479.728.504.785.753;14.516.922.377.661.300;11,68;100
2018-01-21 12:00:21+00:00;548.859.138.660.657;14.623.016.914.520.700;12,91;100
2018-01-21 13:00:21+00:00;53.968.746.443.113.600;8.758.260.834.180.980;7,08;53
2018-01-21 14:00:21+00:00;4.315.877.006.818.700;16.148.206.044.733.900;11,92;14
2018-01-21 15:00:21+00:00;5.744.065.161.911.370;14.610.916.867.221.600;9,99;100
2018-01-21 16:00:21+00:00;3.895.235.060.256.660;16.527.813.982.227.900;1,18;100
2018-01-21 17:00:21+00:00;49.018.545.399.122.600;12.087.178.046.396.700;8,28;74
2018-01-21 18:00:21+00:00;38.956.105.778.134.500;11.794.400.627.079.200;9,31;100
2018-01-21 19:00:21+00:00;23.101.181.990.224.300;17.442.924.338.396.000;12,34;69
2018-01-21 20:00:21+00:00;369.743.869.569.844;1.585.019.331.289.980;11,56;100
2018-01-21 21:00:21+00:00;1.864.202.975.509.180;10.059.237.680.612.100;0,94;50
2018-01-21 22:00:21+00:00;3.686.637.297.399.850;1.356.440.394.971.660;12,03;72
2018-01-21 23:00:21+00:00;29.792.355.704.118.400;16.006.023.995.383.200;16,20;9
2018-01-22 00:00:21+00:00;4.670.330.964.910.610;13.956.666.396.661.700;11,85;100
2018-01-22 01:00:21+00:00;53.428.395.388.634.000;12.191.144.966.455.400;50,00;100
2018-01-22 02:00:21+00:00;2.244.350.635.749.770;11.902.620.881.544.500;50,00;100
2018-01-22 03:00:21+00:00;4.058.105.871.442.950;13.681.233.735.211.900;11,20;10
2018-01-22 04:00:21+00:00;3.984.853.792.745.090;16.002.658.273.021.600;12,71;100
2018-01-22 05:00:21+00:00;53.485.641.813.495.500;11.110.331.493.817.200;8,39;100
2018-01-22 06:00:21+00:00;49.132.323.270.343.800;8.347.212.653.898.430;4,32;100
2018-01-22 07:00:21+00:00;5.028.923.861.858.480;12.541.129.844.782.400;0,81;60
2018-01-22 08:00:21+00:00;40.124.421.866.877.500;14.617.141.801.470.600;13,84;100
2018-01-22 09:00:21+00:00;1.941.124.552.502.110;15.155.031.930.590.500;14,16;74
2018-01-22 10:00:21+00:00;2.735.058.476.077.930;11.065.604.878.701.600;9,38;100
2018-01-22 11:00:21+00:00;4.080.680.752.973.400;1.417.941.155.055.440;1,26;100
2018-01-22 12:00:21+00:00;20.032.244.697.417.300;1.197.578.381.110.570;7,29;100
2018-01-22 13:00:21+00:00;28.357.665.271.752.600;15.309.500.414.423.900;12,88;87
2018-01-22 14:00:21+00:00;310.762.556.497.137;1.320.512.389.876.990;0,09;93
2018-01-22 15:00:21+00:00;3.343.733.113.714.510;1.555.900.951.270.930;14,94;90
2018-01-22 16:00:21+00:00;404.593.270.222.566;13.688.354.063.410.700;11,92;100
2018-01-22 17:00:21+00:00;3.913.201.675.066.990;14.738.209.725.142.000;8,70;40
2018-01-22 18:00:21+00:00;43.815.664.790.310.300;12.451.013.729.453.900;0,75;100
2018-01-22 19:00:21+00:00;24.420.376.246.683.200;11.802.523.676.262.200;0,93;100
2018-01-22 20:00:21+00:00;3.082.449.368.671.590;128.350.366.224.044;8,45;88
2018-01-22 21:00:21+00:00;4.086.843.426.128.230;15.021.018.954.306.100;14,25;67
2018-01-22 22:00:21+00:00;18.508.764.143.471.500;19.648.656.430.688.200;12,01;100
2018-01-22 23:00:21+00:00;4.393.916.125.612.170;16.582.237.882.342.100;13,13;55
2018-01-23 00:00:21+00:00;354.907.590.954.369;1.721.260.406.510.080;10,60;17
2018-01-23 01:00:21+00:00;18.910.931.296.935.500;13.271.219.299.413.000;0,99;44
2018-01-23 02:00:21+00:00;4.685.973.096.183.200;12.222.820.125.184.600;7,30;55
2018-01-23 03:00:21+00:00;4.069.909.698.784.910;8.178.787.370.165.360;50,00;4
2018-01-23 04:00:21+00:00;5.928.468.088.985.770;1.207.407.855.602.890;50,00;100
2018-01-23 05:00:21+00:00;5.152.067.686.756.100;10.178.379.981.164.100;6,76;74
2018-01-23 06:00:21+00:00;14.065.144.570.727.200;15.389.789.904.012.600;14,44;100
2018-01-23 07:00:21+00:00;3.230.115.337.759.920;13.047.783.658.472.500;0,95;100
2018-01-23 08:00:21+00:00;3.880.787.622.868.200;1.032.310.736.612.820;27,81;51
2018-01-23 09:00:21+00:00;38.544.564.142.603.200;1.485.124.066.633.240;11,55;100
2018-01-23 10:00:21+00:00;23.366.158.092.832.000;14.293.944.825.488.100;14,26;62
2018-01-23 11:00:21+00:00;3.774.064.083.566.000;1.077.469.245.964.080;0,09;100
2018-01-23 12:00:21+00:00;30.523.709.265.431.000;1.719.633.021.977.640;1,56;52
2018-01-23 13:00:21+00:00;25.426.666.920.259.300;11.699.166.200.938.200;8,14;46
2018-01-23 14:00:21+00:00;28.632.797.820.737.900;14.972.375.432.305.300;13,25;84
2018-01-23 15:00:21+00:00;29.602.329.945.919.500;13.222.104.992.991.400;9,66;57
2018-01-23 16:00:21+00:00;57.522.388.190.824.300;17.521.550.972.106.300;14,66;33
2018-01-23 17:00:21+00:00;4.964.243.453.269.060;15.759.957.426.649.300;14,95;100
2018-01-23 18:00:21+00:00;4.033.747.499.167.000;10.860.870.190.871.100;6,54;100
2018-01-23 19:00:21+00:00;12.242.106.013.127.600;1.793.965.572.165.610;10,76;100
2018-01-23 20:00:21+00:00;5.480.616.890.075.770;10.451.737.476.571.400;50,00;10
2018-01-23 21:00:21+00:00;10.672.173.396.504.400;10.955.182.107.767.100;9,42;65
2018-01-23 22:00:21+00:00;17.523.754.646.032.000;17.463.638.310.680.700;1,73;100
2018-01-23 23:00:21+00:00;1.614.724.649.553.440;13.458.125.061.599.800;10,94;40
2018-01-24 00:00:21+00:00;2.325.329.942.907.020;14.282.388.646.980.600;1,27;96
2018-01-24 01:00:21+00:00;5.665.164.552.555.790;14.551.383.432.963.000;10,27;95
2018-01-24 02:00:21+00:00;4.658.652.652.631.610;109.129.052.059.896;7,41;87
2018-01-24 03:00:21+00:00;3.702.505.192.371.530;18.087.446.759.611.700;15,16;100
2018-01-24 04:00:21+00:00;3.354.259.161.621.860;18.848.998.263.284.800;18,25;100
2018-01-24 05:00:21+00:00;2.537.990.818.201.980;8.992.243.170.111.590;50,00;100
2018-01-24 06:00:21+00:00;4.649.038.052.787.980;12.433.663.290.373.100;10,48;100
2018-01-24 07:00:21+00:00;5.354.085.441.023.040;15.174.447.820.758.500;10,78;37
2018-01-24 08:00:21+00:00;47.170.115.135.245.200;13.253.807.800.556.500;9,47;32
2018-01-24 09:00:21+00:00;4.403.000.748.913.870;1.220.697.040.242.560;1,20;35
2018-01-24 10:00:21+00:00;4.792.504.269.252.800;14.888.174.240.777.900;0,90;46
2018-01-24 11:00:21+00:00;3.578.215.781.395.370;1.512.557.274.891.540;10,58;11
2018-01-24 12:00:21+00:00;8.488.824.240.375.520;17.629.989.608.606.600;13,63;25
2018-01-24 13:00:21+00:00;51.823.885.709.740.100;9.317.862.303.940.350;50,00;100
2018-01-24 14:00:21+00:00;23.167.101.392.822.800;11.078.444.268.498.700;8,68;92
2018-01-24 15:00:21+00:00;3.665.204.020.562.360;11.695.886.988.479.100;1,09;13
2018-01-24 16:00:21+00:00;5.645.389.800.056.210;19.339.759.653.630.800;21,38;94
2018-01-24 17:00:21+00:00;3.378.824.479.669.430;1.718.831.111.990.810;11,64;7
2018-01-24 18:00:21+00:00;5.623.431.700.098.970;1.419.243.688.849.320;11,90;65
2018-01-24 19:00:21+00:00;3.759.422.901.864.620;13.320.908.994.119.300;9,31;60
2018-01-24 20:00:21+00:00;2.442.533.014.460.240;14.594.592.819.185.700;13,53;87
2018-01-24 21:00:21+00:00;3.342.239.096.659.760;16.374.773.099.057.800;1,68;92
2018-01-24 22:00:21+00:00;2.896.204.451.236.870;12.910.428.897.138.500;10,22;26
2018-01-24 23:00:21+00:00;49.226.804.763.938.700;14.189.226.839.311.300;13,36;67
2018-01-25 00:00:21+00:00;3.357.551.240.670.030;12.707.872.137.762.900;8,23;66
2018-01-25 01:00:21+00:00;4.609.745.229.938.100;1.013.986.576.265.150;10,65;100
2018-01-25 02:00:21+00:00;4.228.714.854.782.180;9.183.574.364.252.480;10,80;67
2018-01-25 03:00:21+00:00;1.269.244.251.516.470;11.848.761.575.614.700;9,22;7
2018-01-25 04:00:21+00:00;26.429.114.465.324.600;12.621.345.783.098.400;11,44;10
2018-01-25 05:00:21+00:00;3.573.329.631.146.320;1.458.441.370.029.080;9,17;68
2018-01-25 06:00:21+00:00;3.074.546.717.886.900;14.176.588.328.901.400;1,01;100
2018-01-25 07:00:21+00:00;3.894.322.268.373.380;10.150.328.320.033.900;9,21;52
2018-01-25 08:00:21+00:00;4.273.140.421.845.710;13.547.952.751.727.300;15,59;10
2018-01-25 09:00:21+00:00;4.993.068.047.815.030;12.200.515.838.583.900;6,12;100
2018-01-25 10:00:21+00:00;400.319.021.975.818;129.199.538.330.141;10,72;7
2018-01-25 11:00:21+00:00;3.701.201.742.300.250;13.719.835.963.604.400;13,50;36
2018-01-25 12:00:21+00:00;4.197.882.042.892.680;16.632.907.542.934.700;16,97;57
2018-01-25 13:00:21+00:00;28.136.587.592.743.900;12.408.954.831.840.800;9,53;100
2018-01-25 14:00:21+00:00;3.692.740.317.570.790;17.596.600.888.978.600;16,67;79
2018-01-25 15:00:21+00:00;42.196.805.864.318.300;10.371.086.295.169.800;9,78;11
2018-01-25 16:00:21+00:00;3.770.228.450.685.790;1.139.624.503.399.970;12,67;73
2018-01-25 17:00:21+00:00;3.542.935.818.053.690;13.291.592.399.782.700;1,02;74
2018-01-25 18:00:21+00:00;4.544.731.821.319.460;1.068.874.263.742.630;8,75;75
2018-01-25 19:00:21+00:00;24.236.893.500.149.000;10.323.662.828.518.700;7,02;10
2018-01-25 20:00:21+00:00;247.917.130.204.342;13.703.474.974.226.100;1,04;100
2018-01-25 21:00:21+00:00;3.418.129.145.015.600;10.311.608.966.422.500;7,65;100
2018-01-25 22:00:21+00:00;5.022.842.759.102.640;11.197.035.267.670.900;7,33;100
2018-01-25 23:00:21+00:00;17.466.338.915.848.800;13.325.092.355.627.400;1,43;87
2018-01-26 00:00:21+00:00;4.687.231.765.201.880;1.765.640.862.644.920;14,25;83
2018-01-26 01:00:21+00:00;53.853.376.078.908.300;13.059.381.019.864.700;9,49;87
2018-01-26 02:00:21+00:00;3.818.292.625.177.100;13.841.563.247.169.000;10,27;72
2018-01-26 03:00:21+00:00;23.252.112.131.146.500;10.735.863.936.185.400;5,49;100
2018-01-26 04:00:21+00:00;15.367.634.917.550.700;10.981.681.869.802.600;10,01;100
2018-01-26 05:00:21+00:00;647.668.882.084.139;7.964.159.019.233.220;4,64;11
2018-01-26 06:00:21+00:00;21.042.317.894.297.100;11.138.696.928.711.900;50,00;7
2018-01-26 07:00:21+00:00;28.325.058.019.946.200;1.538.084.445.369.320;14,58;77
2018-01-26 08:00:21+00:00;12.715.788.828.270.100;12.130.125.746.964.700;0,86;93
2018-01-26 09:00:21+00:00;8.969.977.137.485.940;13.891.314.199.057.800;1,20;8
2018-01-26 10:00:21+00:00;4.404.304.382.055.000;14.066.560.661.620.900;1,02;100
2018-01-26 11:00:21+00:00;27.374.527.453.379.400;15.310.743.841.120.200;11,23;74
2018-01-26 12:00:21+00:00;4.483.955.265.750.950;17.551.175.720.230.600;12,78;74
2018-01-26 13:00:21+00:00;3.056.689.735.056.530;14.997.859.181.317.400;1,16;62
2018-01-26 14:00:21+00:00;5.137.168.186.378.320;12.946.924.154.601.400;7,58;68
2018-01-26 15:00:21+00:00;30.609.914.549.419.500;154.581.438.862.105;13,89;100
2018-01-26 16:00:21+00:00;4.752.730.015.559.940;14.262.787.206.791.000;1,70;100
2018-01-26 17:00:21+00:00;25.011.643.846.548.400;8.094.834.476.329.250;7,67;100
2018-01-26 18:00:21+00:00;2.665.839.908.432.860;10.615.284.945.746.000;50,00;38
2018-01-26 19:00:21+00:00;23.527.260.121.083.900;12.979.365.039.616.000;11,73;66
2018-01-26 20:00:21+00:00;28.113.142.633.299.300;12.105.448.207.420.500;6,60;25
2018-01-26 21:00:21+00:00;14.591.837.261.028.200;13.226.700.757.197.600;9,04;7
2018-01-26 22:00:21+00:00;2.491.726.104.548.310;7.638.202.218.697.480;5,23;100
2018-01-26 23:00:21+00:00;22.219.251.582.230.800;1.556.595.796.079.770;14,54;6
2018-01-27 00:00:21+00:00;60.371.409.146.385.600;13.403.630.857.576.100;12,12;100
2018-01-27 01:00:21+00:00;32.606.882.717.461.100;1.647.576.545.143.800;10,33;9
2018-01-27 02:00:21+00:00;30.395.915.745.928.800;13.587.544.779.754.400;12,50;100
2018-01-27 03:00:21+00:00;44.876.866.047.282.500;14.012.901.410.625.200;10,10;100
2018-01-27 04:00:21+00:00;30.688.701.910.768.000;11.012.122.705.346.700;10,03;86
2018-01-27 05:00:21+00:00;40.563.939.300.257.400;10.601.321.241.600.500;6,96;74
2018-01-27 06:00:21+00:00;43.853.676.038.354.600;1.384.704.159.439.030;1,09;10
2018-01-27 07:00:21+00:00;43.283.458.103.213.100;13.530.425.373.053.800;9,17;45
2018-01-27 08:00:21+00:00;3.671.413.673.283.260;954.218.515.279.412;7,43;44
2018-01-27 09:00:21+00:00;35.980.779.691.576.800;15.805.764.060.677.700;10,27;54
2018-01-27 10:00:21+00:00;4.005.846.216.820.690;13.646.245.521.633.800;9,21;7
2018-01-27 11:00:21+00:00;4.280.380.485.254.480;12.297.220.504.668.700;0,86;63
2018-01-27 12:00:21+00:00;4.075.756.815.998.960;11.415.357.456.683.600;7,19;100
2018-01-27 13:00:21+00:00;3.681.966.616.192.540;15.360.256.273.633.900;11,53;100
2018-01-27 14:00:21+00:00;24.189.357.616.437.300;11.837.116.389.924.200;9,64;100
2018-01-27 15:00:21+00:00;42.483.587.539.133.800;14.098.101.478.850.900;13,93;68
2018-01-27 16:00:21+00:00;20.221.850.408.468.900;13.116.810.685.121.700;8,25;67
2018-01-27 17:00:21+00:00;36.402.089.992.725.000;12.238.487.148.783.100;0,77;100
2018-01-27 18:00:21+00:00;3.867.001.057.758.580;10.375.992.711.176.600;0,84;97
2018-01-27 19:00:21+00:00;15.552.196.127.520.100;16.681.933.999.942.900;10,07;65
2018-01-27 20:00:21+00:00;27.158.861.165.316.900;11.086.570.450.074.200;9,36;70
2018-01-27 21:00:21+00:00;5.279.553.240.230.410;11.434.780.819.720.800;9,18;78
2018-01-27 22:00:21+00:00;23.766.245.303.115.200;1.677.294.641.260.360;1,45;100
2018-01-27 23:00:21+00:00;4.307.789.771.688.990;13.277.851.777.738.100;15,10;73
2018-01-28 00:00:21+00:00;1.998.470.994.173.330;14.301.226.307.700.900;11,56;100
2018-01-28 01:00:21+00:00;1.628.797.287.472.720;17.198.332.507.069.100;12,68;100
2018-01-28 02:00:21+00:00;43.684.244.599.414.700;17.139.196.861.171.600;15,64;96
2018-01-28 03:00:21+00:00;5.034.743.395.271.320;1.219.341.044.832.260;9,73;81
2018-01-28 04:00:21+00:00;34.603.898.612.597.600;16.319.790.188.229.700;12,73;26
2018-01-28 05:00:21+00:00;4.210.570.140.618.370;9.635.081.610.097.710;11,28;100
2018-01-28 06:00:21+00:00;54.380.002.716.565.200;9.259.500.686.807.020;8,91;78
2018-01-28 07:00:21+00:00;3.289.459.141.191.500;13.633.029.716.189.800;9,00;97
2018-01-28 08:00:21+00:00;3.657.907.095.791.130;13.320.301.345.815.000;0,88;12
2018-01-28 09:00:21+00:00;3.201.647.368.548.750;15.096.047.679.201.600;9,41;100
2018-01-28 10:00:21+00:00;25.481.034.651.359.300;14.841.378.572.361.900;9,67;100
2018-01-28 11:00:21+00:00;15.519.576.703.726.800;15.202.952.789.936.400;14,42;49
2018-01-28 12:00:21+00:00;22.855.953.058.647.100;1.741.237.543.717.640;12,91;42
2018-01-28 13:00:21+00:00;4.843.556.008.902.110;18.287.077.335.738.700;11,06;86
2018-01-28 14:00:21+00:00;55.516.333.503.123.100;15.654.140.885.926.800;13,44;100
2018-01-28 15:00:21+00:00;2.179.009.432.785.900;13.472.260.853.066.900;1,11;50
2018-01-28 16:00:21+00:00;4.521.359.257.673.290;13.026.439.666.027.000;9,52;100
2018-01-28 17:00:21+00:00;32.495.865.328.952.200;13.489.898.526.040.700;0,10;100
2018-01-28 18:00:21+00:00;55.596.246.365.244.900;12.132.378.784.549.200;9,74;29
2018-01-28 19:00:21+00:00;3.422.576.612.922.180;15.765.869.870.625.100;12,76;40
2018-01-28 20:00:21+00:00;26.046.054.060.970.200;1.604.988.276.767.430;1,36;6
2018-01-28 21:00:21+00:00;38.758.912.735.969.300;11.985.993.338.103.000;50,00;46
2018-01-28 22:00:21+00:00;16.737.222.981.651.400;13.123.753.053.614.700;0,83;88
2018-01-28 23:00:21+00:00;391.370.656.098.495;9.233.710.082.906.430;6,49;36
2018-01-29 00:00:21+00:00;31.769.366.969.448.500;13.305.168.090.297.900;7,98;48
2018-01-29 01:00:21+00:00;3.166.482.162.489.370;13.618.491.741.797.700;11,85;100
2018-01-29 02:00:21+00:00;285.551.656.846.755;10.838.768.093.200.600;10,02;100
2018-01-29 03:00:21+00:00;25.940.636.514.460.800;1.224.433.453.378.700;0,86;100
2018-01-29 04:00:21+00:00;4.042.172.215.733.670;10.727.453.683.416.800;9,91;46
2018-01-29 05:00:21+00:00;3.807.795.054.374.720;9.705.415.712.300.650;8,22;11
2018-01-29 06:00:21+00:00;31.380.598.973.925.600;1.711.989.065.396.040;14,16;100
2018-01-29 07:00:21+00:00;41.812.570.441.785.300;9.711.402.653.360.360;20,14;34
2018-01-29 08:00:21+00:00;3.424.554.164.643.880;13.801.852.507.623.200;10,65;4
2018-01-29 09:00:21+00:00;31.508.209.607.162.800;15.892.737.400.372.600;11,52;100
2018-01-29 10:00:21+00:00;25.349.395.275.021.600;16.974.206.903.229.700;13,30;100
2018-01-29 11:00:21+00:00;5.035.831.791.585.010;1.095.043.461.710.540;7,91;55
2018-01-29 12:00:21+00:00;63.339.105.291.146.800;16.625.460.525.426.700;10,90;38
2018-01-29 13:00:21+00:00;47.031.865.605.589.600;13.916.518.854.651.700;10,46;68
2018-01-29 14:00:21+00:00;31.850.629.289.636.200;14.915.188.400.698.200;11,10;100
2018-01-29 15:00:21+00:00;3.161.268.533.348.010;1.779.379.386.715.310;16,04;100
2018-01-29 16:00:21+00:00;3.702.997.097.678.740;1.500.739.272.709.440;11,72;14
2018-01-29 17:00:21+00:00;7.200.626.502.259.450;1.127.251.865.847.640;50,00;100
2018-01-29 18:00:21+00:00;3.825.600.718.264.270;8.538.965.704.397.300;4,34;100
2018-01-29 19:00:21+00:00;30.512.959.640.686.800;15.077.308.746.317.900;17,52;82
2018-01-29 20:00:21+00:00;4.298.121.871.984.420;14.512.806.341.576.000;13,60;96
2018-01-29 21:00:21+00:00;46.960.584.278.176.200;11.597.202.943.299.000;9,61;100
2018-01-29 22:00:21+00:00;27.614.509.176.624.000;13.970.178.136.891.900;8,34;100
2018-01-29 23:00:21+00:00;35.754.614.914.528.100;10.236.713.141.262.300;50,00;44
2018-01-30 00:00:21+00:00;3.464.820.141.270.530;14.397.660.147.311.200;14,86;88
2018-01-30 01:00:21+00:00;5.746.828.929.477.590;10.274.085.991.826.200;11,44;78
2018-01-30 02:00:21+00:00;3.615.799.829.955.850;16.459.733.723.482.400;13,72;12
2018-01-30 03:00:21+00:00;39.301.998.818.733.900;18.621.708.212.357.300;13,28;80
2018-01-30 04:00:21+00:00;276.245.829.266.693;14.226.208.002.546.100;10,28;78
2018-01-30 05:00:21+00:00;4.107.421.498.637.910;14.465.428.999.038.600;9,83;1
2018-01-30 06:00:21+00:00;3.307.318.635.905.860;14.950.728.966.605.300;16,12;95
2018-01-30 07:00:21+00:00;31.983.172.186.115.800;14.196.839.185.197.100;10,95;87
2018-01-30 08:00:21+00:00;292.329.054.051.978;10.864.928.337.108.900;10,32;13
2018-01-30 09:00:21+00:00;3.689.553.908.293.940;16.952.985.908.898.900;15,47;100
2018-01-30 10:00:21+00:00;331.386.907.529.502;1.461.721.614.872.540;9,12;100
2018-01-30 11:00:21+00:00;2.265.714.709.728.610;14.883.573.548.897.700;12,06;93
2018-01-30 12:00:21+00:00;22.938.645.085.447.000;15.972.252.299.037.300;12,22;86
2018-01-30 13:00:21+00:00;3.727.356.273.485.750;15.866.330.333.643.400;15,27;71
2018-01-30 14:00:21+00:00;35.567.549.203.209.700;16.519.890.998.581.200;14,42;100
2018-01-30 15:00:21+00:00;4.316.248.906.944.800;14.627.476.498.660.300;11,59;83
2018-01-30 16:00:21+00:00;38.032.680.549.629.000;11.440.430.161.552.200;9,45;100
2018-01-30 17:00:21+00:00;21.151.910.971.768.800;14.536.330.647.729.100;10,26;100
2018-01-30 18:00:21+00:00;42.884.524.894.430.800;13.463.959.368.429.200;8,87;100
2018-01-30 19:00:21+00:00;25.401.085.441.612.700;11.402.628.794.328.100;50,00;69
2018-01-30 20:00:21+00:00;47.366.589.183.426.100;17.046.637.773.800.400;14,63;100
2018-01-30 21:00:21+00:00;4.799.971.218.510.260;13.160.841.039.812.600;12,37;100
2018-01-30 22:00:21+00:00;2.771.963.861.339.940;14.079.018.565.213.700;12,53;100
2018-01-30 23:00:21+00:00;2.563.635.094.041.540;1.175.826.344.067.940;6,27;76
2018-01-31 00:00:21+00:00;20.235.342.975.400.900;13.393.181.894.683.400;11,36;50
2018-01-31 01:00:21+00:00;18.036.860.903.674.400;15.782.786.855.576.700;13,85;100
2018-01-31 02:00:21+00:00;5.439.976.511.461.050;18.488.676.706.132.500;1,82;78
2018-01-31 03:00:21+00:00;2.667.193.765.813.900;9.982.595.870.058.540;5,31;100
2018-01-31 04:00:21+00:00;3.047.388.840.325.440;13.578.972.518.286.500;13,01;40
2018-01-31 05:00:21+00:00;7.030.834.833.991.020;59.304.578.884.738.100;7,93;100
2018-01-31 06:00:21+00:00;5.073.119.124.665.490;12.483.792.133.142.700;50,00;10
2018-01-31 07:00:21+00:00;4.855.081.362.058.650;1.380.953.209.508.920;12,35;55
2018-01-31 08:00:21+00:00;43.951.326.333.206.800;13.920.722.840.419.000;7,75;49
2018-01-31 09:00:21+00:00;4.728.376.619.144.390;1.749.866.487.486.000;13,95;55
2018-01-31 10:00:21+00:00;5.666.710.958.953.490;12.973.699.891.986.500;8,30;100
2018-01-31 11:00:21+00:00;3.236.939.016.786.510;17.314.198.362.027.400;15,22;100
2018-01-31 12:00:21+00:00;26.541.610.726.243.300;14.124.147.413.616.800;11,20;75
2018-01-31 13:00:21+00:00;15.959.369.638.174.000;12.286.754.418.329.000;9,13;85
2018-01-31 14:00:21+00:00;1.665.833.709.637.740;13.987.597.457.915.000;12,41;78
2018-01-31 15:00:21+00:00;33.350.764.696.623.100;13.837.995.335.626.300;9,36;56
2018-01-31 16:00:21+00:00;1.737.728.774.193.800;14.007.162.068.143.600;1,12;100
2018-01-31 17:00:21+00:00;3.336.943.639.457.380;11.832.893.421.631.600;1,09;25
2018-01-31 18:00:21+00:00;30.460.999.299.488.600;11.803.450.049.077.300;0,88;9
2018-01-31 19:00:21+00:00;5.514.430.565.659.810;16.279.901.114.297.300;13,29;13
2018-01-31 20:00:21+00:00;4.281.977.184.839.060;1.608.427.134.413.010;12,36;47
2018-01-31 21:00:21+00:00;47.437.105.302.845.200;11.514.594.293.928.300;12,07;7
2018-01-31 22:00:21+00:00;21.812.330.966.176.600;13.198.195.260.280.100;1,34;51
2018-01-31 23:00:21+00:00;5.156.821.574.890.870;14.454.873.291.963.000;11,40;49
2018-02-01 00:00:21+00:00;4.236.875.078.009.010;15.501.416.485.862.200;12,17;100
2018-02-01 01:00:21+00:00;3.416.590.268.814.870;1.398.167.357.041.640;9,16;36
2018-02-01 02:00:21+00:00;1.590.312.706.954.770;1.632.474.610.085.410;0,18;100
2018-02-01 03:00:21+00:00;4.064.231.825.717.350;13.335.995.648.356.500;12,23;100
2018-02-01 04:00:21+00:00;3.014.593.917.371.020;1.727.754.258.529.640;15,62;69
2018-02-01 05:00:21+00:00;24.409.703.675.076.900;1.971.602.417.397.400;18,63;49
2018-02-01 06:00:21+00:00;3.852.565.214.219.070;13.701.227.640.883.600;10,86;87
2018-02-01 07:00:21+00:00;30.322.441.659.617.800;14.435.572.894.184.300;11,01;100
2018-02-01 08:00:21+00:00;3.505.330.353.057.810;1.124.378.518.241.750;11,98;100
2018-02-01 09:00:21+00:00;2.003.978.035.897.240;13.109.381.915.649.700;0,94;8
2018-02-01 10:00:21+00:00;15.445.828.749.369.100;13.959.332.124.053.100;10,80;100
2018-02-01 11:00:21+00:00;53.500.023.633.412.800;15.219.660.929.901.600;12,80;99
2018-02-01 12:00:21+00:00;2.032.356.479.284.070;13.028.531.008.268.100;8,26;15
2018-02-01 13:00:21+00:00;1.999.401.093.848.740;15.336.068.413.934.300;13,87;100
2018-02-01 14:00:21+00:00;28.086.366.249.274.500;12.614.748.106.923.100;11,19;95
2018-02-01 15:00:21+00:00;4.533.347.182.931.750;15.972.708.382.734.900;11,70;80
2018-02-01 16:00:21+00:00;26.711.066.459.901.900;14.531.523.326.523.400;13,96;100
2018-02-01 17:00:21+00:00;3.313.908.602.100.730;1.442.217.990.362.270;0,92;100
2018-02-01 18:00:21+00:00;2.431.423.725.345.910;12.408.448.607.656.500;9,19;60
2018-02-01 19:00:21+00:00;50.346.273.756.849.000;13.321.714.999.377.900;13,65;46
2018-02-01 20:00:21+00:00;9.001.428.642.091.820;12.617.882.329.876.800;9,83;68
2018-02-01 21:00:21+00:00;3.763.428.910.227.560;1.563.295.071.761.000;9,54;84
2018-02-01 22:00:21+00:00;6.145.615.201.099.730;10.236.895.100.243.800;8,67;94
2018-02-01 23:00:21+00:00;32.650.747.908.079.200;11.811.223.358.992.500;0,89;50
2018-02-02 00:00:21+00:00;22.548.217.035.006.600;16.452.938.198.264.300;14,21;100
2018-02-02 01:00:21+00:00;7.569.359.815.676.890;13.980.158.981.027.200;13,38;81
2018-02-02 02:00:21+00:00;389.075.522.202.358;1.649.170.052.723.210;13,06;100
2018-02-02 03:00:21+00:00;4.649.098.509.299.860;1.553.862.021.713.950;7,69;100
2018-02-02 04:00:21+00:00;49.042.943.346.667.200;15.787.600.000.882.200;13,75;8
2018-02-02 05:00:21+00:00;5.401.988.852.858.200;14.546.246.644.254.200;9,62;6
2018-02-02 06:00:21+00:00;4.602.743.322.225.770;11.929.769.264.811.500;10,56;100
2018-02-02 07:00:21+00:00;14.706.529.666.004.800;13.708.126.037.564.400;1,27;100
2018-02-02 08:00:21+00:00;5.220.046.398.764.450;10.497.061.937.248.300;10,52;14
2018-02-02 09:00:21+00:00;2.490.344.552.997.620;13.123.676.704.276.900;12,20;32
2018-02-02 10:00:21+00:00;30.884.840.412.039.600;12.202.635.813.147.800;9,14;6
2018-02-02 11:00:21+00:00;46.586.730.525.541.600;9.009.838.496.727.700;6,97;56
2018-02-02 12:00:21+00:00;3.950.885.692.103.160;1.455.944.317.402.570;12,50;100
2018-02-02 13:00:21+00:00;2.430.722.739.318.900;14.320.592.198.024.700;13,09;100
2018-02-02 14:00:21+00:00;3.905.743.193.791.600;16.587.135.958.645.900;11,29;77
2018-02-02 15:00:21+00:00;19.514.831.173.689.000;1.055.663.393.381.080;10,29;100
2018-02-02 16:00:21+00:00;4.578.194.744.902.160;1.614.745.588.977.000;9,29;77
2018-02-02 17:00:21+00:00;31.680.617.284.464.200;78.983.185.423.640.200;21,45;100
2018-02-02 18:00:21+00:00;6.106.583.530.192.250;1.316.785.711.607.750;7,23;6
2018-02-02 19:00:21+00:00;29.356.419.973.170.200;18.319.647.490.752.400;15,70;100
2018-02-02 20:00:21+00:00;5.126.177.180.053.120;1.345.542.431.408.020;12,01;100
2018-02-02 21:00:21+00:00;4.796.296.711.139.250;1.174.239.039.110.770;9,80;100
2018-02-02 22:00:21+00:00;4.573.118.343.165.690;13.322.799.452.648.500;0,10;100
2018-02-02 23:00:21+00:00;4.497.609.683.129.600;1.558.355.510.540.400;13,41;94
2018-02-03 00:00:21+00:00;4.217.420.782.762.080;12.840.871.749.042.400;0,89;63
2018-02-03 01:00:21+00:00;4.344.802.286.513.740;14.476.800.684.977.000;10,93;100
2018-02-03 02:00:21+00:00;44.675.554.480.012.600;14.449.017.986.814.000;9,89;100
2018-02-03 03:00:21+00:00;3.167.419.523.745.930;14.856.954.948.047.100;13,18;17
2018-02-03 04:00:21+00:00;26.313.296.667.126.800;16.039.350.153.817.900;11,67;66
2018-02-03 05:00:21+00:00;2.738.147.823.157.110;18.327.760.511.894.800;15,44;63
2018-02-03 06:00:21+00:00;3.149.743.339.748.330;13.737.250.933.454.300;11,17;65
2018-02-03 07:00:21+00:00;3.782.749.544.572.390;14.308.171.665.051.000;14,65;100
2018-02-03 08:00:21+00:00;4.642.938.644.263.150;1.064.512.946.821.790;8,66;100
2018-02-03 09:00:21+00:00;3.563.060.272.728.460;15.817.297.306.719.600;15,14;89
2018-02-03 10:00:21+00:00;4.639.737.427.763.800;1.682.638.568.152.680;15,08;100
2018-02-03 11:00:21+00:00;3.506.760.274.435.480;15.195.089.431.931.900;9,91;100
2018-02-03 12:00:21+00:00;6.478.409.134.514.090;10.162.142.509.279.500;7,02;100
2018-02-03 13:00:21+00:00;3.691.643.874.202.220;12.543.737.604.812.000;9,49;100
2018-02-03 14:00:21+00:00;34.854.946.324.334.500;13.649.287.399.280.600;12,01;100
2018-02-03 15:00:21+00:00;27.857.886.764.264.500;11.446.508.091.521.600;1,07;100
2018-02-03 16:00:21+00:00;47.975.535.916.809.000;18.728.692.359.512.000;16,29;33
2018-02-03 17:00:21+00:00;486.720.967.384.057;14.518.724.541.359.000;10,02;100
2018-02-03 18:00:21+00:00;5.500.599.656.957.280;15.785.150.621.872.600;12,59;96
2018-02-03 19:00:21+00:00;5.136.144.199.027.920;15.823.468.154.861.000;11,82;100
2018-02-03 20:00:21+00:00;3.603.379.834.962.510;13.796.696.132.467.400;11,78;15
2018-02-03 21:00:21+00:00;21.706.727.320.321.400;10.611.928.811.059.200;5,24;91
2018-02-03 22:00:21+00:00;37.201.079.636.131.500;15.438.658.738.382.800;12,30;72
2018-02-03 23:00:21+00:00;46.991.025.068.391.300;18.404.768.799.649.200;11,20;34
2018-02-04 00:00:21+00:00;3.499.286.941.183.310;12.607.578.936.044.800;7,92;7
2018-02-04 01:00:21+00:00;3.062.343.462.761.030;1.215.042.630.259.380;12,98;100
2018-02-04 02:00:21+00:00;30.842.830.983.994.600;15.559.912.463.471.400;15,84;51
2018-02-04 03:00:21+00:00;5.099.178.754.378.220;15.766.561.725.866.400;11,31;100
2018-02-04 04:00:21+00:00;29.953.656.100.444.700;1.630.244.454.671.390;1,40;100
2018-02-04 05:00:21+00:00;4.450.083.475.628.480;1.318.229.290.117.110;11,51;91
2018-02-04 06:00:21+00:00;4.732.235.238.471.120;13.176.607.999.551.400;13,27;77
2018-02-04 07:00:21+00:00;4.563.703.640.128.340;71.489.855.766.322.300;6,21;69
2018-02-04 08:00:21+00:00;27.325.284.754.334.800;13.646.995.822.885.500;8,82;15
2018-02-04 09:00:21+00:00;3.259.127.601.905.810;12.156.846.255.198.700;8,09;100
2018-02-04 10:00:21+00:00;17.383.223.404.411.000;8.171.473.343.820.830;7,33;100
2018-02-04 11:00:21+00:00;28.865.737.654.436.000;18.119.770.930.356.800;10,84;8
2018-02-04 12:00:21+00:00;1.316.761.081.882.820;14.111.116.752.053.900;7,86;100
2018-02-04 13:00:21+00:00;50.472.368.387.348.000;9.198.581.831.888.340;9,05;100
2018-02-04 14:00:21+00:00;18.780.206.588.472.500;14.438.843.486.683.800;16,84;34
2018-02-04 15:00:21+00:00;2.007.308.510.360.770;18.039.065.743.893.900;13,18;75
2018-02-04 16:00:21+00:00;30.629.383.112.428.200;1.644.516.956.732.650;12,83;7
2018-02-04 17:00:21+00:00;27.774.429.561.746.100;1.587.023.523.752.630;12,53;100
2018-02-04 18:00:21+00:00;6.167.617.919.674.220;10.536.591.333.040.500;8,92;100
2018-02-04 19:00:21+00:00;5.119.178.932.991.790;1.220.462.272.169.730;0,81;14
2018-02-04 20:00:21+00:00;3.334.035.975.623.130;11.418.049.160.711.600;8,93;10
2018-02-04 21:00:21+00:00;5.550.557.461.268.110;13.568.942.294.509.600;12,45;100
2018-02-04 22:00:21+00:00;4.047.585.629.481.870;15.406.231.342.595.200;11,17;100
2018-02-04 23:00:21+00:00;34.725.414.088.567.400;14.586.167.914.298.100;11,69;63
2018-02-05 00:00:21+00:00;24.717.195.214.521.200;11.323.246.685.339.500;11,13;100
2018-02-05 01:00:21+00:00;28.035.117.526.257.800;13.078.687.130.387.100;10,40;100
2018-02-05 02:00:21+00:00;6.249.219.725.924.380;16.056.553.588.171.400;9,77;100
2018-02-05 03:00:21+00:00;41.094.000.309.773.000;14.764.006.989.731.200;0,73;11
2018-02-05 04:00:21+00:00;32.127.710.119.919.000;1.449.447.097.745.540;0,93;73
2018-02-05 05:00:21+00:00;37.398.219.133.240.400;11.395.380.422.424.400;11,48;100
2018-02-05 06:00:21+00:00;3.716.700.531.381.460;13.913.414.839.547.900;10,61;37
2018-02-05 07:00:21+00:00;35.996.187.199.549.000;10.771.797.267.326.000;9,31;87
2018-02-05 08:00:21+00:00;4.903.349.347.287.490;11.521.720.376.131.000;11,81;63
2018-02-05 09:00:21+00:00;478.434.535.589.868;9.936.696.174.850.690;0,55;53
2018-02-05 10:00:21+00:00;5.667.604.764.386.080;17.718.514.377.319.300;19,50;7
2018-02-05 11:00:21+00:00;3.750.720.398.156.310;17.816.377.085.797.400;14,04;100
2018-02-05 12:00:21+00:00;42.292.699.923.802.700;11.089.017.764.267.300;9,94;50
2018-02-05 13:00:21+00:00;25.769.136.784.668.500;11.643.244.354.283.700;7,90;9
2018-02-05 14:00:21+00:00;30.974.915.370.901.600;12.754.424.653.373.000;8,27;100
2018-02-05 15:00:21+00:00;3.922.668.804.304.550;1.648.119.764.508.850;0,13;9
2018-02-05 16:00:21+00:00;3.722.780.643.041.090;14.999.484.913.219.100;10,78;100
2018-02-05 17:00:21+00:00;31.977.975.059.227.700;16.876.415.521.775.700;13,68;79
2018-02-05 18:00:21+00:00;4.738.168.650.661.680;17.618.045.050.467.700;9,84;28
2018-02-05 19:00:21+00:00;3.736.887.683.588.220;14.698.276.855.012.000;9,01;90
2018-02-05 20:00:21+00:00;425.332.444.244.947;14.248.769.592.934.400;1,04;100
2018-02-05 21:00:21+00:00;2.749.219.463.431.570;16.829.262.997.612.500;11,19;64
2018-02-05 22:00:21+00:00;45.591.983.920.378.200;16.146.558.963.258.700;0,02;9
2018-02-05 23:00:21+00:00;2.127.241.162.817.330;16.132.370.682.544.600;13,27;34
2018-02-06 00:00:21+00:00;3.509.509.356.759.990;14.677.825.571.190.500;12,28;61
2018-02-06 01:00:21+00:00;39.283.755.560.898.600;1.605.225.013.373.230;10,66;57
2018-02-06 02:00:21+00:00;3.051.309.189.838.910;1.279.671.458.658.260;8,84;100
2018-02-06 03:00:21+00:00;3.665.054.030.443.160;12.148.497.729.941.400;8,71;6
2018-02-06 04:00:21+00:00;446.184.847.886.876;12.702.678.510.074.800;12,46;67
2018-02-06 05:00:21+00:00;4.229.441.509.398.150;19.036.962.788.668.400;1,24;93
2018-02-06 06:00:21+00:00;36.281.026.825.619.900;10.993.202.954.978.300;8,11;40
2018-02-06 07:00:21+00:00;29.442.711.161.057.500;15.811.734.794.859.900;13,53;100
2018-02-06 08:00:21+00:00;3.905.972.489.561.130;1.832.967.440.932.020;10,04;100
2018-02-06 09:00:21+00:00;6.209.503.743.685.540;1.448.849.351.996.530;8,27;39
2018-02-06 10:00:21+00:00;432.882.388.512.496;12.752.983.045.398.200;50,00;3
2018-02-06 11:00:21+00:00;5.671.487.550.376.160;14.873.659.724.302.200;1,15;15
2018-02-06 12:00:21+00:00;3.884.394.928.848.160;12.328.232.192.499.200;8,95;100
2018-02-06 13:00:21+00:00;4.054.909.595.261.370;11.318.072.479.540.300;1,09;48
2018-02-06 14:00:21+00:00;549.295.332.434.275;1.679.032.947.086.110;0,90;100
2018-02-06 15:00:21+00:00;32.189.813.728.455.400;16.634.903.598.817.200;1,25;15
2018-02-06 16:00:21+00:00;4.851.504.408.827.530;12.752.262.666.055.700;12,55;91
2018-02-06 17:00:21+00:00;3.956.670.389.987.600;12.341.328.812.553.300;6,72;100
2018-02-06 18:00:21+00:00;342.819.341.553.046;14.049.803.251.341.500;11,01;13
2018-02-06 19:00:21+00:00;363.242.267.821.025;13.293.005.950.479.300;1,21;75
2018-02-06 20:00:21+00:00;58.756.337.938.185.400;11.540.651.798.524.400;1,20;100
2018-02-06 21:00:21+00:00;28.962.226.597.321.100;9.828.149.568.386.490;5,35;48
2018-02-06 22:00:21+00:00;5.016.745.628.035.010;9.987.073.548.173.320;8,73;71
2018-02-06 23:00:21+00:00;5.754.920.528.276.210;10.611.914.506.761.700;8,57;82
2018-02-07 00:00:21+00:00;45.382.540.093.611.900;11.002.242.263.483.900;6,73;45
2018-02-07 01:00:21+00:00;24.059.900.377.699.400;14.040.150.922.918.900;8,77;83
2018-02-07 02:00:21+00:00;4.435.008.933.454.990;11.575.197.844.010.500;6,73;41
2018-02-07 03:00:21+00:00;4.324.990.284.669.890;11.638.801.689.230.500;16,74;91
2018-02-07 04:00:21+00:00;5.640.776.358.524.600;1.048.380.486.783.810;10,75;72
2018-02-07 05:00:21+00:00;34.773.086.108.728.200;1.052.857.173.560.170;8,56;100
2018-02-07 06:00:21+00:00;936.143.686.980.517;10.463.225.586.249.700;6,68;49
2018-02-07 07:00:21+00:00;23.273.193.780.065.200;13.331.625.604.787.500;11,79;87
2018-02-07 08:00:21+00:00;3.216.664.566.658.690;1.605.321.354.399.820;10,41;65
2018-02-07 09:00:21+00:00;3.428.362.063.831.340;1.716.960.749.435.890;14,39;100
2018-02-07 10:00:21+00:00;45.828.965.722.539.200;13.653.084.323.833.100;12,60;91
2018-02-07 11:00:21+00:00;3.331.035.633.341.140;16.100.015.917.677.500;12,56;81
2018-02-07 12:00:21+00:00;29.420.353.306.653.900;11.626.200.260.590.700;0,81;100
2018-02-07 13:00:21+00:00;2.458.030.325.991.020;14.903.903.741.559.100;10,89;100
2018-02-07 14:00:21+00:00;3.439.879.288.978.150;11.410.636.932.449.400;11,07;100
2018-02-07 15:00:21+00:00;3.739.737.223.423.470;14.579.966.721.251.500;11,57;95
2018-02-07 16:00:21+00:00;39.651.349.643.490.400;1.153.625.190.561.490;12,54;99
2018-02-07 17:00:21+00:00;4.500.285.246.693.730;11.731.887.794.165.000;5,73;100
2018-02-07 18:00:21+00:00;39.285.928.128.883.700;13.396.557.484.893.900;8,18;100
2018-02-07 19:00:21+00:00;14.748.050.209.754.700;17.452.446.626.866.500;14,13;100
2018-02-07 20:00:21+00:00;17.695.269.756.754.900;15.596.600.431.730.300;13,38;93
2018-02-07 21:00:21+00:00;3.124.908.942.909.630;11.754.684.853.508.000;9,27;13
2018-02-07 22:00:21+00:00;3.203.886.494.315.030;109.673.248.226.107;11,58;13
2018-02-07 23:00:21+00:00;54.645.437.840.226.100;11.541.696.122.374.500;7,34;77
2018-02-08 00:00:21+00:00;2.378.684.414.451.030;15.087.018.746.084.400;1,21;100
2018-02-08 01:00:21+00:00;4.224.022.861.870.730;14.054.450.172.210.300;13,41;14
2018-02-08 02:00:21+00:00;5.551.573.854.793.540;15.107.209.312.662.900;15,65;63
2018-02-08 03:00:21+00:00;4.488.332.038.186.720;12.278.731.854.552.000;9,41;31
2018-02-08 04:00:21+00:00;47.615.645.989.280.300;14.339.032.401.983.700;1,68;95
2018-02-08 05:00:21+00:00;5.407.216.037.284.660;14.181.957.946.603.600;1,15;75
2018-02-08 06:00:21+00:00;3.993.006.569.943.820;1.659.493.364.167.100;16,67;79
2018-02-08 07:00:21+00:00;445.462.155.753.182;17.357.711.763.491.400;13,20;74
2018-02-08 08:00:21+00:00;3.581.492.648.843.610;1.571.759.616.214.240;12,27;77
2018-02-08 09:00:21+00:00;5.853.424.034.478.010;16.591.365.459.171.900;15,62;87
2018-02-08 10:00:21+00:00;4.046.206.696.910.410;13.476.957.355.213.800;1,24;100
2018-02-08 11:00:21+00:00;27.187.896.717.307.800;1.182.872.670.481.990;0,94;81
2018-02-08 12:00:21+00:00;2.502.009.605.031.290;13.450.947.954.488.700;0,87;73
2018-02-08 13:00:21+00:00;29.421.391.131.463.200;13.204.267.547.791.100;15,82;97
2018-02-08 14:00:21+00:00;1.606.687.858.719.560;13.040.921.061.642.600;9,89;100
2018-02-08 15:00:21+00:00;545.385.664.902.508;13.500.054.498.757.300;10,94;33
2018-02-08 16:00:21+00:00;5.470.771.190.433.380;13.110.996.505.293.100;6,64;57
2018-02-08 17:00:21+00:00;47.855.928.198.761.500;12.413.954.870.575.600;8,81;100
2018-02-08 18:00:21+00:00;3.649.815.398.821.050;13.207.842.249.479.900;0,12;78
2018-02-08 19:00:21+00:00;21.499.579.486.819.100;15.470.134.058.563.700;12,09;52
2018-02-08 20:00:21+00:00;29.191.457.779.295.400;1.142.633.243.613.680;14,45;38
2018-02-08 21:00:21+00:00;4.083.504.046.232.050;16.788.704.084.683.400;14,01;82
2018-02-08 22:00:21+00:00;29.545.648.644.808.600;1.615.110.903.983.370;11,74;35
2018-02-08 23:00:21+00:00;35.448.390.624.419.100;13.735.221.064.781.000;14,41;100
2018-02-09 00:00:21+00:00;21.395.736.090.329.100;7.744.603.319.417.000;11,10;70
2018-02-09 01:00:21+00:00;25.075.704.211.630.400;8.242.077.265.998.370;9,29;63
2018-02-09 02:00:21+00:00;2.835.720.963.000.420;13.795.683.867.684.800;11,31;82
2018-02-09 03:00:21+00:00;4.911.964.685.021.110;15.170.895.330.967.300;1,18;100
2018-02-09 04:00:21+00:00;3.672.565.272.445.550;1.782.556.764.765.980;10,98;76
2018-02-09 05:00:21+00:00;26.354.254.428.957.200;12.541.791.424.322.900;10,74;100
2018-02-09 06:00:21+00:00;31.503.165.995.649.700;12.277.467.584.800.700;1,06;70
2018-02-09 07:00:21+00:00;5.463.450.242.647.630;10.571.553.616.833.900;50,00;100
2018-02-09 08:00:21+00:00;44.155.377.386.103.600;14.977.789.666.897.800;12,14;25
2018-02-09 09:00:21+00:00;22.754.767.781.519.900;1.354.204.642.568.990;1,31;73
2018-02-09 10:00:21+00:00;37.993.886.206.647.900;12.367.826.143.273.200;9,33;100
2018-02-09 11:00:21+00:00;3.732.938.401.295.340;13.581.407.968.904.000;11,52;12
2018-02-09 12:00:21+00:00;4.543.883.282.851.030;13.296.270.316.612.800;6,62;94
2018-02-09 13:00:21+00:00;19.955.339.270.211.000;15.872.778.283.441.100;16,34;99
2018-02-09 14:00:21+00:00;3.008.708.378.025.140;12.489.674.165.849.600;0,87;17
2018-02-09 15:00:21+00:00;4.869.456.575.019.180;13.517.532.388.878.000;1,02;92
2018-02-09 16:00:21+00:00;44.620.901.066.516.000;15.585.762.284.808.200;12,99;65
2018-02-09 17:00:21+00:00;2.828.877.836.054.140;12.883.538.324.999.900;9,91;100
2018-02-09 18:00:21+00:00;4.224.554.897.636.570;11.726.538.584.483.100;11,30;90
2018-02-09 19:00:21+00:00;31.023.730.630.540.400;10.417.165.417.438.000;7,59;0
2018-02-09 20:00:21+00:00;4.147.570.879.131.500;10.999.565.624.105.800;7,64;90
2018-02-09 21:00:21+00:00;46.184.638.710.649.000;11.964.349.904.951.000;11,44;100
2018-02-09 22:00:21+00:00;25.438.582.080.992.800;15.856.707.488.027.200;7,22;100
2018-02-09 23:00:21+00:00;31.653.994.929.704.100;1.173.683.597.594.340;6,84;100
2018-02-10 00:00:21+00:00;3.704.565.110.627.970;13.003.610.457.927.800;10,89;100
2018-02-10 01:00:21+00:00;30.280.711.468.979.100;11.028.561.915.892.800;10,50;0
2018-02-10 02:00:21+00:00;2.770.813.898.365.020;13.655.072.620.406.300;12,62;100
2018-02-10 03:00:21+00:00;3.986.670.201.937.250;14.221.063.870.282.600;5,93;100
2018-02-10 04:00:21+00:00;4.902.700.869.873.120;14.386.127.572.429.200;1,05;93
2018-02-10 05:00:21+00:00;26.421.970.258.046.700;17.785.707.620.907.300;0,16;96
2018-02-10 06:00:21+00:00;25.987.270.467.124.400;13.491.097.793.166.800;8,74;60
2018-02-10 07:00:21+00:00;24.555.905.025.375.400;14.236.028.397.557.500;10,92;5
2018-02-10 08:00:21+00:00;3.494.224.956.812.940;12.156.343.072.231.100;10,63;38
2018-02-10 09:00:21+00:00;5.064.049.446.874.720;1.879.534.671.116.550;1,52;100
2018-02-10 10:00:21+00:00;29.634.143.388.740.700;15.580.683.851.033.400;13,44;100
2018-02-10 11:00:21+00:00;5.162.934.332.331.310;15.669.920.634.884.000;12,19;8
2018-02-10 12:00:21+00:00;28.305.829.960.060.000;1.616.745.282.678.540;14,07;100
2018-02-10 13:00:21+00:00;1.806.568.666.640.880;15.341.551.191.162.200;13,46;66
2018-02-10 14:00:21+00:00;562.903.809.491.398;16.283.310.093.893.600;14,73;100
2018-02-10 15:00:21+00:00;33.936.396.447.061;13.070.425.685.741.600;12,05;81
2018-02-10 16:00:21+00:00;45.465.859.819.347.000;1.902.084.077.731.250;17,19;100
2018-02-10 17:00:21+00:00;47.573.604.393.930.900;9.774.522.740.569.000;6,85;100
2018-02-10 18:00:21+00:00;44.069.590.958.678.000;12.858.444.798.148.800;9,43;8
2018-02-10 19:00:21+00:00;30.961.204.871.463.100;17.725.570.245.277.400;14,58;100
2018-02-10 20:00:21+00:00;4.117.096.197.467.720;13.110.806.744.038.800;14,41;69
2018-02-10 21:00:21+00:00;31.818.448.351.111.300;15.132.835.658.526.200;12,56;71
2018-02-10 22:00:21+00:00;18.194.160.723.863.500;12.380.643.275.213.500;13,26;19
2018-02-10 23:00:21+00:00;3.046.933.634.132.730;14.607.387.607.623.800;1,46;100
2018-02-11 00:00:21+00:00;4.614.419.100.789.520;1.265.140.791.985.390;1,31;100
2018-02-11 01:00:21+00:00;48.042.441.331.916.800;16.360.274.387.339.700;15,91;100
2018-02-11 02:00:21+00:00;4.894.370.700.410.750;14.230.334.888.930.100;9,49;100
2018-02-11 03:00:21+00:00;37.052.119.551.434.000;9.279.400.282.803.170;5,27;80
2018-02-11 04:00:21+00:00;525.681.972.377.778;1.155.207.240.865.960;7,52;71
2018-02-11 05:00:21+00:00;24.004.364.737.964.400;11.159.864.808.798.900;11,17;89
2018-02-11 06:00:21+00:00;6.821.418.287.275.720;16.936.394.753.923.700;13,00;89
2018-02-11 07:00:21+00:00;363.887.453.488.206;1.051.328.917.611.630;7,21;49
2018-02-11 08:00:21+00:00;3.701.376.746.587.540;128.745.769.502.185;9,47;7
2018-02-11 09:00:21+00:00;18.149.526.207.560.600;18.647.652.129.377.500;15,87;93
2018-02-11 10:00:21+00:00;2.833.287.908.181.280;165.518.540.995.864;11,85;100
2018-02-11 11:00:21+00:00;45.468.690.472.286.000;11.451.772.078.367.700;8,16;3
2018-02-11 12:00:21+00:00;4.303.087.547.674.720;1.137.998.398.252.210;8,50;100
2018-02-11 13:00:21+00:00;18.188.852.907.351.700;11.146.208.672.903.900;1,08;91
2018-02-11 14:00:21+00:00;3.933.605.543.779.610;14.025.710.017.568.100;50,00;75
2018-02-11 15:00:21+00:00;14.678.143.005.069.600;12.322.415.644.398.800;9,88;83
2018-02-11 16:00:21+00:00;5.106.307.731.584.230;14.083.778.120.401.300;10,55;8
2018-02-11 17:00:21+00:00;5.116.307.938.540.400;14.275.201.080.030.400;12,64;100
2018-02-11 18:00:21+00:00;2.231.657.901.621.080;13.639.138.369.139.400;10,68;100
2018-02-11 19:00:21+00:00;3.814.741.785.512.990;13.883.372.646.247.200;9,27;100
2018-02-11 20:00:21+00:00;1.741.144.929.666.950;13.733.889.146.260.500;15,29;100
2018-02-11 21:00:21+00:00;30.599.792.627.502.900;11.652.500.935.170.700;12,41;100
2018-02-11 22:00:21+00:00;4.017.617.886.036.310;10.016.881.698.017.300;0,85;98
2018-02-11 23:00:21+00:00;36.838.973.723.343.700;13.656.671.632.254.900;12,11;5
2018-02-12 00:00:21+00:00;4.029.228.332.521.250;11.628.843.309.373.800;7,81;100
2018-02-12 01:00:21+00:00;3.692.134.610.052.580;158.931.861.803.332;13,13;100
2018-02-12 02:00:21+00:00;4.142.632.818.118.460;10.491.983.544.311.300;13,70;14
2018-02-12 03:00:21+00:00;2.793.103.820.102.260;12.659.400.408.876.100;12,61;72
2018-02-12 04:00:21+00:00;3.311.306.095.503.480;13.901.037.586.801.700;0,90;98
2018-02-12 05:00:21+00:00;3.484.528.105.142.130;16.583.476.997.020.500;14,08;8
2018-02-12 06:00:21+00:00;33.676.186.115.862.700;12.572.490.712.697.500;10,22;14
2018-02-12 07:00:21+00:00;6.999.780.879.397.090;1.397.177.681.963.640;12,22;94
2018-02-12 08:00:21+00:00;36.143.561.637.447.100;15.021.689.295.340.500;15,58;15
2018-02-12 09:00:21+00:00;17.167.702.987.610.300;15.376.091.750.328.600;10,48;5
2018-02-12 10:00:21+00:00;2.128.696.332.106.770;14.415.047.929.510.600;1,11;47
2018-02-12 11:00:21+00:00;3.695.175.560.100.970;17.912.035.702.387.500;12,08;66
2018-02-12 12:00:21+00:00;343.965.631.322.113;12.561.787.600.329.600;10,48;18
2018-02-12 13:00:21+00:00;31.631.173.498.331.200;17.724.237.128.350.400;14,39;21
2018-02-12 14:00:21+00:00;1.492.510.519.093.020;15.198.182.158.699.900;16,32;9
2018-02-12 15:00:21+00:00;17.813.199.244.011.400;14.120.034.452.800.600;9,59;91
2018-02-12 16:00:21+00:00;20.920.291.074.380.400;14.309.834.931.314.900;13,26;100
2018-02-12 17:00:21+00:00;22.107.396.506.509.800;15.799.598.767.353.900;7,40;47
2018-02-12 18:00:21+00:00;19.154.928.134.555.900;1.178.060.720.958.520;13,29;18
2018-02-12 19:00:21+00:00;4.436.047.262.909.600;13.878.616.980.820.800;11,16;100
2018-02-12 20:00:21+00:00;380.148.368.417.928;12.936.891.279.678.600;1,06;100
2018-02-12 21:00:21+00:00;4.493.169.394.849.740;1.741.283.884.943.510;13,48;77
2018-02-12 22:00:21+00:00;533.320.534.874.942;11.947.327.130.726.300;10,50;86
2018-02-12 23:00:21+00:00;3.668.148.665.622.980;18.372.033.974.702.300;13,51;37
2018-02-13 00:00:21+00:00;25.970.309.466.004.500;12.439.129.561.151.200;10,24;15
2018-02-13 01:00:21+00:00;4.712.527.089.639.450;1.015.650.637.723.220;10,82;100
2018-02-13 02:00:21+00:00;192.660.169.209.989;1.141.305.026.114.280;0,84;100
2018-02-13 03:00:21+00:00;29.292.137.714.770.600;1.146.326.438.671.350;8,56;100
2018-02-13 04:00:21+00:00;3.105.691.901.315.640;17.547.194.052.942.200;13,48;48
2018-02-13 05:00:21+00:00;39.267.038.936.070.400;10.263.144.104.165.900;10,13;70
2018-02-13 06:00:21+00:00;5.039.723.172.075.450;14.308.955.336.021.600;11,14;8
2018-02-13 07:00:21+00:00;22.873.448.262.409.200;17.085.620.337.418.400;12,78;100
2018-02-13 08:00:21+00:00;15.600.806.024.382.900;20.247.413.657.764.900;16,56;69
2018-02-13 09:00:21+00:00;55.318.295.574.271.300;13.257.779.244.379.100;12,73;91
2018-02-13 10:00:21+00:00;4.836.334.130.278.960;13.796.857.751.041.800;8,43;100
2018-02-13 11:00:21+00:00;751.344.344.380.871;10.695.843.189.203.800;10,05;100
2018-02-13 12:00:21+00:00;1.627.254.833.429.780;1.260.132.964.347.990;1,08;9
2018-02-13 13:00:21+00:00;3.538.937.660.637.300;1.882.756.327.086.600;1,59;100
2018-02-13 14:00:21+00:00;16.018.299.813.999.600;1.563.928.443.553.610;12,55;88
2018-02-13 15:00:21+00:00;5.542.327.273.791.080;16.472.348.698.751.600;1,32;100
2018-02-13 16:00:21+00:00;11.137.408.838.314.100;15.096.755.564.260.200;1,35;41
2018-02-13 17:00:21+00:00;22.296.933.100.386.300;1.611.644.745.584.400;0,98;71
2018-02-13 18:00:21+00:00;3.745.951.996.834.840;18.228.168.006.900.800;12,97;50
2018-02-13 19:00:21+00:00;3.777.427.478.869.530;12.416.999.925.212.500;0,66;12
2018-02-13 20:00:21+00:00;3.436.002.960.896.030;1.531.470.567.656.440;15,88;74
2018-02-13 21:00:21+00:00;42.005.330.485.685.900;11.847.737.609.870.200;12,00;96
2018-02-13 22:00:21+00:00;5.100.429.176.266.020;8.586.368.071.227.210;2,53;42
2018-02-13 23:00:21+00:00;4.077.077.204.699.410;1.416.771.533.466.680;12,06;100
2018-02-14 00:00:21+00:00;30.263.603.661.517.100;13.826.600.433.830.800;10,62;51
2018-02-14 01:00:21+00:00;24.987.549.193.141.800;13.343.027.868.680.500;11,86;12
2018-02-14 02:00:21+00:00;4.001.842.300.226.320;1.197.412.025.474.220;10,25;65
2018-02-14 03:00:21+00:00;4.117.888.139.677.960;1.385.738.626.728.980;10,80;54
2018-02-14 04:00:21+00:00;428.727.426.734.203;14.552.475.581.857.100;1,15;44
2018-02-14 05:00:21+00:00;29.789.414.786.894.400;18.284.596.136.060.600;1,67;100
2018-02-14 06:00:21+00:00;13.089.359.553.682.400;14.823.497.161.309.100;10,67;100
2018-02-14 07:00:21+00:00;4.298.564.137.385.480;14.949.816.712.248.100;11,19;14
2018-02-14 08:00:21+00:00;29.700.256.546.644.100;11.707.633.979.431.400;10,66;1
2018-02-14 09:00:21+00:00;3.843.213.509.004.420;11.208.948.190.658.900;10,68;7
2018-02-14 10:00:21+00:00;3.740.173.173.665.300;1.114.551.391.016.860;9,50;22
2018-02-14 11:00:21+00:00;1.863.328.528.311.560;12.806.556.410.206.000;9,28;11
2018-02-14 12:00:21+00:00;3.516.924.268.309.760;13.671.258.576.046.100;7,59;100
2018-02-14 13:00:21+00:00;3.968.486.022.897.160;14.048.335.359.996.300;0,80;48
2018-02-14 14:00:21+00:00;4.670.137.206.965.860;11.540.723.752.399.700;8,82;84
2018-02-14 15:00:21+00:00;136.413.572.391.881;8.087.547.116.089.930;0,68;100
2018-02-14 16:00:21+00:00;16.219.223.711.737.300;12.506.958.125.096.700;9,30;100
2018-02-14 17:00:21+00:00;27.380.378.046.193.700;15.799.087.112.762.200;10,54;100
2018-02-14 18:00:21+00:00;3.190.011.104.807.770;12.611.910.762.182.300;7,68;100
2018-02-14 19:00:21+00:00;1.422.374.276.050.320;13.345.043.215.790.500;11,00;65
2018-02-14 20:00:21+00:00;287.713.243.673.991;9.657.854.149.980.560;10,44;10
2018-02-14 21:00:21+00:00;18.877.368.377.721.700;13.826.799.889.041.700;9,57;100
2018-02-14 22:00:21+00:00;20.464.415.735.203.000;14.518.365.193.753.600;11,57;83
2018-02-14 23:00:21+00:00;3.667.888.074.212.050;12.142.318.873.654.300;0,83;8
2018-02-15 00:00:21+00:00;27.343.900.331.002.300;15.864.759.615.604.300;13,90;100
2018-02-15 01:00:21+00:00;19.037.577.542.029.500;1.643.352.204.428.220;12,90;85
2018-02-15 02:00:21+00:00;4.328.081.170.976.240;1.865.817.663.339.570;16,90;100
2018-02-15 03:00:21+00:00;26.649.265.179.868.200;11.276.508.387.412.600;9,26;62
2018-02-15 04:00:21+00:00;5.256.840.316.864.490;14.219.702.237.185.000;1,16;1
2018-02-15 05:00:21+00:00;13.228.272.971.141.600;1.064.382.984.061.640;6,81;100
2018-02-15 06:00:21+00:00;431.861.256.682.302;14.991.457.776.897.000;10,32;61
2018-02-15 07:00:21+00:00;346.104.516.050.235;14.699.748.107.494.600;1,27;100
2018-02-15 08:00:21+00:00;33.504.048.977.449.900;8.849.417.272.735.250;7,54;43
2018-02-15 09:00:21+00:00;3.227.462.443.312.330;14.185.364.059.253.700;15,38;100
2018-02-15 10:00:21+00:00;3.514.685.765.134.080;13.041.928.260.943.200;8,24;10
2018-02-15 11:00:21+00:00;385.969.551.354.885;10.650.041.823.321.200;1,05;10
2018-02-15 12:00:21+00:00;52.143.095.610.303.200;12.816.564.583.294.600;10,51;54
2018-02-15 13:00:21+00:00;3.161.902.393.685.560;18.527.293.105.262.900;12,87;28
2018-02-15 14:00:21+00:00;5.057.191.980.206.420;1.491.615.938.447.560;6,58;12
2018-02-15 15:00:21+00:00;32.341.075.131.557.500;11.518.665.169.777.700;0,79;97
2018-02-15 16:00:21+00:00;36.894.888.979.380.800;1.272.131.424.002.870;9,16;94
2018-02-15 17:00:21+00:00;3.443.008.834.560.190;8.829.759.614.242.090;6,04;100
2018-02-15 18:00:21+00:00;14.217.252.593.108.400;10.904.089.908.071.900;10,53;100
2018-02-15 19:00:21+00:00;2.363.458.691.582.200;17.610.940.783.083.700;1,32;70
2018-02-15 20:00:21+00:00;5.471.553.209.383.080;15.749.427.233.007.400;1,31;91
2018-02-15 21:00:21+00:00;24.066.441.687.110.100;1.461.937.954.004.090;8,91;100
2018-02-15 22:00:21+00:00;4.533.609.412.057.220;14.471.287.734.222.000;12,35;100
2018-02-15 23:00:21+00:00;6.420.216.006.079.540;16.962.215.473.418.900;10,97;100
2018-02-16 00:00:21+00:00;30.066.500.634.547.400;14.302.243.470.763.100;1,28;7
2018-02-16 01:00:21+00:00;4.129.583.124.661.420;128.377.650.569.462;1,22;90
2018-02-16 02:00:21+00:00;3.489.500.602.173.630;13.303.003.975.713.200;7,64;82
2018-02-16 03:00:21+00:00;4.054.140.038.713.060;1.289.010.744.305.470;14,16;84
2018-02-16 04:00:21+00:00;39.009.357.335.951.700;12.858.175.669.613.000;9,38;100
2018-02-16 05:00:21+00:00;20.732.825.366.121.100;17.640.812.816.897.600;1,48;6
2018-02-16 06:00:21+00:00;28.508.683.217.513.200;10.961.083.658.550.700;10,30;84
2018-02-16 07:00:21+00:00;23.013.566.308.716.300;12.299.799.183.146.900;0,85;41
2018-02-16 08:00:21+00:00;35.686.550.193.140.900;9.097.936.966.464.530;50,00;49
2018-02-16 09:00:21+00:00;11.323.691.330.621.300;1.597.764.837.088.870;11,93;15
2018-02-16 10:00:21+00:00;30.821.264.091.521.600;14.356.034.737.791.100;12,40;100
2018-02-16 11:00:21+00:00;58.647.594.510.494.500;1.774.257.981.507.980;1,54;9
2018-02-16 12:00:21+00:00;3.144.259.858.194.940;1.197.323.403.358.010;12,37;42
2018-02-16 13:00:21+00:00;15.295.197.722.168.600;11.597.212.940.363.900;11,76;82
2018-02-16 14:00:21+00:00;4.952.375.650.603.090;1.069.919.167.029.680;11,02;100
2018-02-16 15:00:21+00:00;2.746.542.133.895.470;14.630.565.740.666.400;13,45;100
2018-02-16 16:00:21+00:00;1.601.292.041.760.530;12.675.574.909.817.000;1,17;66
2018-02-16 17:00:21+00:00;3.265.317.174.850.950;14.253.161.285.884.700;10,60;26
2018-02-16 18:00:21+00:00;28.883.582.734.032.200;12.496.201.103.163.400;8,89;34
2018-02-16 19:00:21+00:00;3.562.331.332.518.650;1.701.594.294.548.120;1,05;70
2018-02-16 20:00:21+00:00;34.620.139.694.243.000;16.594.007.788.568.900;16,07;91
2018-02-16 21:00:21+00:00;4.200.001.107.911.300;13.733.923.305.483.600;11,08;17
2018-02-16 22:00:21+00:00;3.646.495.500.324.850;16.080.336.748.452.800;1,35;6
2018-02-16 23:00:21+00:00;6.461.413.860.000.300;13.203.947.630.295.800;4,94;84
2018-02-17 00:00:21+00:00;26.781.999.171.327.300;13.414.014.262.119.100;9,41;91
2018-02-17 01:00:21+00:00;20.105.685.073.120.600;8.274.704.733.468.060;8,57;64
2018-02-17 02:00:21+00:00;22.991.385.027.284.800;14.755.036.186.425.300;12,47;95
2018-02-17 03:00:21+00:00;4.989.208.856.921.930;13.580.571.933.082.000;9,54;13
2018-02-17 04:00:21+00:00;13.046.280.056.884.800;15.660.457.141.165.400;12,29;100
2018-02-17 05:00:21+00:00;46.936.483.240.000.000;1.525.782.899.962.290;1,62;61
2018-02-17 06:00:21+00:00;6.353.846.415.671.580;11.708.604.382.418.900;8,90;37
2018-02-17 07:00:21+00:00;53.231.779.831.932.600;13.058.891.469.300.400;10,69;72
2018-02-17 08:00:21+00:00;30.272.293.256.904.900;12.365.349.973.852.900;9,88;9
2018-02-17 09:00:21+00:00;429.245.050.800.855;16.059.560.639.476;13,26;60
2018-02-17 10:00:21+00:00;4.525.555.575.847.410;17.342.236.708.530.700;1,63;71
2018-02-17 11:00:21+00:00;29.159.550.404.012.600;15.462.288.169.463.300;17,33;96
2018-02-17 12:00:21+00:00;19.606.375.859.437.400;18.342.192.514.098.900;17,63;29
2018-02-17 13:00:21+00:00;3.413.557.065.324.910;14.796.088.787.580.400;12,30;32
2018-02-17 14:00:21+00:00;47.747.690.866.267.200;11.160.785.289.378.800;11,31;100
2018-02-17 15:00:21+00:00;5.386.394.612.071.380;10.158.634.612.884.200;5,14;56
2018-02-17 16:00:21+00:00;37.620.659.817.637.800;11.293.329.730.035.900;9,00;100
2018-02-17 17:00:21+00:00;332.439.979.042.568;12.424.783.458.703.100;8,54;100
2018-02-17 18:00:21+00:00;3.463.535.189.150.340;11.881.639.955.294.000;0,08;100
2018-02-17 19:00:21+00:00;599.997.836.891.346;13.656.915.335.098.700;12,85;100
2018-02-17 20:00:21+00:00;3.811.701.599.002.720;1.308.681.181.594.440;13,20;68
2018-02-17 21:00:21+00:00;4.461.979.372.132.760;13.706.224.261.660.300;8,30;100
2018-02-17 22:00:21+00:00;4.795.986.292.119.900;19.448.430.926.200.000;15,21;12
2018-02-17 23:00:21+00:00;31.392.258.494.305.200;15.650.139.168.469.900;11,22;66
2018-02-18 00:00:21+00:00;2.706.575.622.997.810;1.417.900.276.789.640;12,68;70
2018-02-18 01:00:21+00:00;3.693.831.066.685.910;16.101.188.162.046.100;15,10;75
2018-02-18 02:00:21+00:00;26.441.557.519.285.000;1.156.769.662.761.060;13,79;100
2018-02-18 03:00:21+00:00;29.869.585.404.071.100;11.464.092.797.131.000;1,16;98
2018-02-18 04:00:21+00:00;8.225.614.037.711.600;15.748.019.607.453.200;1,49;39
2018-02-18 05:00:21+00:00;4.861.544.201.693.200;13.524.036.553.798.700;0,88;48
2018-02-18 06:00:21+00:00;24.092.279.933.016.600;13.822.718.635.799.600;9,71;64
2018-02-18 07:00:21+00:00;52.298.292.477.296.200;10.752.480.087.793.500;8,71;100
2018-02-18 08:00:21+00:00;23.778.230.622.078.700;1.237.548.005.199.450;15,04;71
2018-02-18 09:00:21+00:00;18.512.641.301.307.000;12.531.585.945.761.000;10,18;100
2018-02-18 10:00:21+00:00;13.843.272.926.751.600;1.235.819.769.656.720;1,27;76
2018-02-18 11:00:21+00:00;4.998.705.464.762.850;18.728.906.503.000.200;14,15;100
2018-02-18 12:00:21+00:00;53.386.573.366.553.500;1.867.046.453.576.370;14,89;100
2018-02-18 13:00:21+00:00;4.433.333.879.884.850;162.866.533.560.588;12,99;35
2018-02-18 14:00:21+00:00;3.761.530.147.639.200;13.759.264.378.468.900;10,02;89
2018-02-18 15:00:21+00:00;53.846.023.009.801.900;12.100.389.353.776.200;11,05;100
2018-02-18 16:00:21+00:00;24.901.175.472.591.800;11.015.046.212.516.900;0,62;80
2018-02-18 17:00:21+00:00;2.234.053.397.417.090;14.353.859.531.202.800;7,83;100
2018-02-18 18:00:21+00:00;3.628.039.018.892.770;16.615.312.278.245.900;1,28;100
2018-02-18 19:00:21+00:00;27.692.226.763.210.000;15.412.733.057.915.100;13,43;39
2018-02-18 20:00:21+00:00;5.130.645.353.759.340;13.772.304.918.017.800;9,50;36
2018-02-18 21:00:21+00:00;7.430.815.824.149.600;15.145.523.362.088.800;16,77;46
2018-02-18 22:00:21+00:00;49.645.937.092.069.800;13.479.145.829.043.800;10,78;100
2018-02-18 23:00:21+00:00;3.994.939.658.724.320;1.285.133.819.252.180;10,44;72
2018-02-19 00:00:21+00:00;3.725.678.596.062.370;1.106.587.741.111.050;0,07;65
2018-02-19 01:00:21+00:00;57.131.122.081.750.500;12.726.124.914.776.500;1,14;82
2018-02-19 02:00:21+00:00;3.626.037.965.233.280;14.261.463.510.647.500;13,46;100
2018-02-19 03:00:21+00:00;43.295.309.094.840.100;12.514.076.262.894.300;10,41;100
2018-02-19 04:00:21+00:00;23.897.266.848.757.500;10.751.552.800.773.700;9,23;100
2018-02-19 05:00:21+00:00;2.897.064.150.678.540;13.803.156.115.475.000;11,53;100
2018-02-19 06:00:21+00:00;4.164.917.993.270.660;1.426.177.661.178.750;9,60;37
2018-02-19 07:00:21+00:00;5.111.131.309.777.420;12.629.609.898.136.900;12,99;100
2018-02-19 08:00:21+00:00;3.316.618.547.627.640;13.471.682.646.220.700;1,02;100
2018-02-19 09:00:21+00:00;4.419.043.975.353.850;7.385.476.766.269.310;0,94;90
2018-02-19 10:00:21+00:00;2.176.720.488.962.580;15.324.617.719.884.700;9,85;90
2018-02-19 11:00:21+00:00;4.069.655.188.467.100;1.422.445.799.775.770;13,19;60
2018-02-19 12:00:21+00:00;4.827.058.529.431.670;1.695.884.330.251.370;1,39;74
2018-02-19 13:00:21+00:00;3.639.252.600.127.960;13.008.366.870.212.900;10,59;53
2018-02-19 14:00:21+00:00;3.292.595.178.516.420;15.305.454.565.525.600;11,06;90
2018-02-19 15:00:21+00:00;28.551.984.265.725.900;1.638.403.709.538.770;1,44;70
2018-02-19 16:00:21+00:00;29.725.352.748.840.300;13.584.986.523.476.000;1,19;100
2018-02-19 17:00:21+00:00;52.568.536.866.888.600;14.360.418.802.978.900;15,06;75
2018-02-19 18:00:21+00:00;28.509.388.156.868.300;1.387.112.574.038.740;12,44;100
2018-02-19 19:00:21+00:00;3.671.212.911.937.730;9.645.714.079.904.270;6,90;8
2018-02-19 20:00:21+00:00;232.910.917.839.812;14.463.947.539.260.300;1,07;99
2018-02-19 21:00:21+00:00;3.589.218.112.159.580;1.124.124.520.150.570;9,64;100
2018-02-19 22:00:21+00:00;491.557.471.444.897;11.442.684.563.432.600;12,13;37
2018-02-19 23:00:21+00:00;20.705.051.113.011.300;14.796.994.287.036.700;12,61;74
2018-02-20 00:00:21+00:00;2.210.029.898.776.260;1.666.216.929.420.420;15,38;100
2018-02-20 01:00:21+00:00;5.403.267.170.809.610;15.419.304.183.360.600;12,93;64
2018-02-20 02:00:21+00:00;28.188.437.249.632.300;14.937.253.606.562.800;8,19;100
2018-02-20 03:00:21+00:00;46.082.672.212.876.500;14.344.061.575.319.400;12,38;52
2018-02-20 04:00:21+00:00;2.863.130.485.272.580;15.632.676.673.055.100;12,12;36
2018-02-20 05:00:21+00:00;24.198.512.710.141.400;17.610.963.634.271.100;1,65;100
2018-02-20 06:00:21+00:00;6.488.811.427.032.860;12.125.569.846.710.500;1,30;94
2018-02-20 07:00:21+00:00;33.570.115.073.927.500;12.205.322.686.195.400;13,37;63
2018-02-20 08:00:21+00:00;4.337.343.724.285.000;15.298.825.612.449.600;11,89;100
2018-02-20 09:00:21+00:00;3.567.881.483.074.390;9.388.607.541.240.490;0,66;12
2018-02-20 10:00:21+00:00;3.327.965.800.330.670;13.285.037.224.021.600;9,99;58
2018-02-20 11:00:21+00:00;5.140.542.995.357.920;14.158.455.770.300.600;11,09;100
2018-02-20 12:00:21+00:00;31.293.153.893.194.600;12.208.441.846.306.400;10,10;40
2018-02-20 13:00:21+00:00;25.122.312.874.851.900;8.872.969.657.658.100;5,26;100
2018-02-20 14:00:21+00:00;3.060.888.457.273.230;16.886.120.615.450.300;13,55;33
2018-02-20 15:00:21+00:00;368.798.772.127.272;12.070.368.433.343.300;5,59;19
2018-02-20 16:00:21+00:00;30.058.789.109.535.400;12.178.521.241.051.100;14,05;10
2018-02-20 17:00:21+00:00;25.934.360.121.216.900;1.674.761.972.480.800;1,29;100
2018-02-20 18:00:21+00:00;22.315.736.910.132.700;63.600.610.200.672.700;4,24;100
2018-02-20 19:00:21+00:00;27.282.053.110.341.000;17.191.391.239.395.000;14,84;44
2018-02-20 20:00:21+00:00;14.809.637.554.339.000;18.925.822.931.701.200;0,17;84
2018-02-20 21:00:21+00:00;2.400.916.560.061.680;11.367.203.099.383.400;5,03;42
2018-02-20 22:00:21+00:00;4.606.221.183.585.890;12.338.030.093.651.600;8,50;100
2018-02-20 23:00:21+00:00;4.865.108.393.836.710;14.709.522.439.009.000;14,61;30
2018-02-21 00:00:21+00:00;3.584.121.813.112.490;1.413.307.479.767.180;1,31;100
2018-02-21 01:00:21+00:00;1.532.430.222.674.610;15.914.048.772.982.700;10,39;100
2018-02-21 02:00:21+00:00;28.920.251.528.540.000;14.732.778.283.631.000;14,16;100
2018-02-21 03:00:21+00:00;4.938.588.020.382.020;15.539.684.707.232.500;13,95;100
2018-02-21 04:00:21+00:00;38.016.944.057.409.200;21.867.532.811.813.600;15,88;100
2018-02-21 05:00:21+00:00;2.199.983.758.871.240;9.657.534.044.650.610;7,72;96
2018-02-21 06:00:21+00:00;4.459.207.975.882.840;1.678.184.010.804.670;10,02;27
2018-02-21 07:00:21+00:00;29.289.313.335.978.300;171.138.845.637.071;1,53;95
2018-02-21 08:00:21+00:00;2.862.144.196.964.770;10.861.317.578.632.100;11,77;10
2018-02-21 09:00:21+00:00;4.050.988.726.295.310;11.587.232.405.155.300;8,59;100
2018-02-21 10:00:21+00:00;3.388.870.176.517.650;14.743.072.684.008.400;11,78;100
2018-02-21 11:00:21+00:00;5.917.634.895.702.470;1.049.303.462.181.760;9,24;100
2018-02-21 12:00:21+00:00;45.137.977.602.757.800;12.034.491.658.330.700;9,17;100
2018-02-21 13:00:21+00:00;343.813.277.634.379;14.105.442.351.795.900;7,15;100
2018-02-21 14:00:21+00:00;4.428.247.894.455.390;11.866.418.253.782.800;11,65;100
2018-02-21 15:00:21+00:00;24.249.373.221.213.700;12.972.927.521.116.600;12,79;100
2018-02-21 16:00:21+00:00;56.308.055.200.867.900;11.421.461.928.849.900;10,51;97
2018-02-21 17:00:21+00:00;41.430.262.457.277.500;11.238.948.769.460.800;11,78;100
2018-02-21 18:00:21+00:00;6.419.020.555.823.860;14.669.044.966.894.600;11,47;78
2018-02-21 19:00:21+00:00;26.332.647.940.769.900;13.279.573.114.917.200;11,51;7
2018-02-21 20:00:21+00:00;9.138.678.820.591.050;13.824.403.134.753.700;0,97;100
2018-02-21 21:00:21+00:00;31.910.043.915.850.500;15.233.413.218.274.200;10,44;92
2018-02-21 22:00:21+00:00;7.935.651.225.464.290;13.971.025.839.420.600;0,86;47
2018-02-21 23:00:21+00:00;6.535.482.258.286.210;12.712.022.816.430.500;10,86;46
2018-02-22 00:00:21+00:00;3.560.485.793.147.150;1.138.899.910.793.000;9,29;72
2018-02-22 01:00:21+00:00;1.843.136.045.053.170;14.614.330.068.080.600;13,89;100
2018-02-22 02:00:21+00:00;25.993.603.276.264.000;1.836.351.738.793.050;11,21;6
2018-02-22 03:00:21+00:00;13.849.503.496.918.700;15.661.111.850.542.800;13,06;95
2018-02-22 04:00:21+00:00;2.496.455.286.916.290;9.873.766.027.572.640;1,14;100
2018-02-22 05:00:21+00:00;5.871.834.429.699.040;8.613.327.032.722.170;50,00;7
2018-02-22 06:00:21+00:00;42.653.831.810.772.700;11.741.652.631.802.200;11,20;15
2018-02-22 07:00:21+00:00;444.872.311.086.324;9.795.621.052.793.090;12,52;100
2018-02-22 08:00:21+00:00;4.092.357.204.320.960;10.408.168.475.750.000;11,06;100
2018-02-22 09:00:21+00:00;3.806.960.633.152.660;77.619.643.360.232.600;33,58;57
2018-02-22 10:00:21+00:00;16.722.414.122.032.700;14.090.632.100.555.800;10,65;100
2018-02-22 11:00:21+00:00;4.040.035.126.298.560;1.071.500.550.397.670;0,93;9
2018-02-22 12:00:21+00:00;6.655.735.054.996.730;10.691.153.271.218.700;8,42;92
2018-02-22 13:00:21+00:00;48.430.860.576.971.400;119.152.010.955.681;1,22;81
2018-02-22 14:00:21+00:00;4.099.515.804.645.550;1.196.620.657.849.300;9,53;43
2018-02-22 15:00:21+00:00;3.279.370.931.103.430;1.288.857.742.859.500;10,17;100
2018-02-22 16:00:21+00:00;27.240.540.141.841.300;1.012.729.022.359.010;10,27;100
2018-02-22 17:00:21+00:00;7.808.456.487.812.860;1.591.463.910.583.890;9,91;100
2018-02-22 18:00:21+00:00;4.532.483.806.639.990;14.201.955.545.779.200;12,34;75
2018-02-22 19:00:21+00:00;35.599.702.317.092.800;14.529.064.422.773.300;10,36;69
2018-02-22 20:00:21+00:00;3.315.735.788.374.860;12.457.735.929.731.700;11,52;100
2018-02-22 21:00:21+00:00;23.284.658.328.136.700;1.613.173.846.303.250;1,22;80
2018-02-22 22:00:21+00:00;5.500.936.638.488.870;14.710.478.349.896.500;0,13;100
2018-02-22 23:00:21+00:00;3.865.888.566.925.660;13.986.977.285.924.600;10,10;94
2018-02-23 00:00:21+00:00;4.211.932.054.020.520;1.594.676.431.709.870;8,80;35
2018-02-23 01:00:21+00:00;21.669.025.042.135.900;9.472.418.383.369.110;8,30;100
2018-02-23 02:00:21+00:00;42.220.620.084.762.300;13.995.739.933.724.600;8,60;100
2018-02-23 03:00:21+00:00;3.585.420.766.635.240;11.901.112.340.034.800;12,51;10
2018-02-23 04:00:21+00:00;4.109.466.999.641.840;11.762.874.088.850.900;10,54;17
2018-02-23 05:00:21+00:00;30.896.077.607.585.500;15.463.901.275.893.300;13,82;32
2018-02-23 06:00:21+00:00;3.283.552.791.231.950;1.685.323.685.730.580;12,92;100
2018-02-23 07:00:21+00:00;4.077.296.831.428.250;1.661.201.757.336.130;13,25;90
2018-02-23 08:00:21+00:00;2.352.344.134.646.970;13.541.503.855.551.400;6,10;97
2018-02-23 09:00:21+00:00;23.250.113.447.632.300;1.273.958.240.876.980;10,98;57
2018-02-23 10:00:21+00:00;11.812.550.529.484.400;16.535.491.957.743.000;10,94;100
2018-02-23 11:00:21+00:00;38.261.331.267.374.300;11.142.969.531.944.600;0,95;76
2018-02-23 12:00:21+00:00;3.935.905.803.264.810;17.642.158.381.491.800;11,92;100
2018-02-23 13:00:21+00:00;23.439.319.182.131.500;12.588.578.129.734.400;11,30;9
2018-02-23 14:00:21+00:00;19.272.074.626.120.900;1.340.457.269.690.850;11,09;100
2018-02-23 15:00:21+00:00;3.505.955.999.671.450;1.223.148.619.827.750;0,72;63
2018-02-23 16:00:21+00:00;4.387.079.667.366.720;13.609.790.715.296.100;13,59;63
2018-02-23 17:00:21+00:00;14.945.681.946.049.400;11.315.542.333.282.900;8,66;100
2018-02-23 18:00:21+00:00;29.934.319.342.340.500;12.621.404.732.116.400;8,33;100
2018-02-23 19:00:21+00:00;4.972.283.815.244.020;13.897.783.443.955.100;1,32;16
2018-02-23 20:00:21+00:00;25.725.325.881.865.500;13.266.998.536.646.800;0,10;43
2018-02-23 21:00:21+00:00;30.503.529.291.724.400;7.486.119.811.192.560;5,65;87
2018-02-23 22:00:21+00:00;4.226.512.314.660.600;19.527.077.204.780.500;1,87;100
2018-02-23 23:00:21+00:00;3.180.326.420.224.690;173.621.863.058.205;14,69;85
2018-02-24 00:00:21+00:00;42.029.672.929.635.000;10.698.603.544.309.600;9,80;88
2018-02-24 01:00:21+00:00;46.903.072.745.868.100;12.017.154.737.907.500;9,39;63
2018-02-24 02:00:21+00:00;5.473.545.255.406.160;13.108.712.731.164.500;9,16;9
2018-02-24 03:00:21+00:00;4.930.131.748.731.650;15.137.672.453.089.300;11,45;100
2018-02-24 04:00:21+00:00;5.889.657.963.912.640;14.670.887.354.293.700;7,01;100
2018-02-24 05:00:21+00:00;61.742.573.044.392.800;10.859.255.949.518.900;1,00;62
2018-02-24 06:00:21+00:00;4.122.043.754.830.370;192.079.852.163.419;1,66;100
2018-02-24 07:00:21+00:00;37.795.841.888.406.000;12.562.930.868.422.200;7,08;89
2018-02-24 08:00:21+00:00;30.795.538.540.252.000;17.903.915.837.918.600;15,08;100
2018-02-24 09:00:21+00:00;27.233.312.396.089.000;12.059.564.110.136.800;36,65;100
2018-02-24 10:00:21+00:00;12.413.671.784.084.800;16.088.846.306.310.400;17,14;100
2018-02-24 11:00:21+00:00;28.730.969.017.275.700;14.436.528.704.211.100;1,04;100
2018-02-24 12:00:21+00:00;5.125.214.596.986.850;11.449.350.702.525.200;8,13;75
2018-02-24 13:00:21+00:00;24.915.330.448.585.000;14.950.751.020.226.200;13,45;98
2018-02-24 14:00:21+00:00;5.342.708.902.125.550;13.969.627.733.295.200;12,11;100
2018-02-24 15:00:21+00:00;34.289.534.013.316.600;15.762.143.999.547.100;9,55;5
2018-02-24 16:00:21+00:00;5.044.179.693.050.380;11.643.163.981.325.900;9,41;72
2018-02-24 17:00:21+00:00;4.919.035.935.868.330;13.321.570.663.653.200;1,15;74
2018-02-24 18:00:21+00:00;26.430.506.641.731.600;15.487.411.216.557.900;10,72;59
2018-02-24 19:00:21+00:00;5.982.997.210.881.640;9.090.823.708.073.470;8,85;70
2018-02-24 20:00:21+00:00;6.093.483.071.977.330;10.724.832.565.293.900;50,00;100
2018-02-24 21:00:21+00:00;4.290.986.219.189.200;13.622.829.805.277.700;1,21;74
2018-02-24 22:00:21+00:00;6.868.800.286.239.820;13.961.828.768.309.900;8,18;100
2018-02-24 23:00:21+00:00;24.866.042.138.217.800;13.293.237.036.203.900;9,79;4
2018-02-25 00:00:21+00:00;15.169.524.338.567.300;15.461.853.855.925.200;0,91;90
2018-02-25 01:00:21+00:00;3.376.455.301.524.450;1.328.184.359.462.010;12,23;100
2018-02-25 02:00:21+00:00;2.640.744.858.119.880;1.600.597.160.060.360;15,31;98
2018-02-25 03:00:21+00:00;40.909.147.147.813.700;14.309.891.064.134.600;14,86;100
2018-02-25 04:00:21+00:00;2.075.293.875.220.110;10.813.061.268.700.800;7,82;31
2018-02-25 05:00:21+00:00;5.195.723.913.714.570;13.917.390.756.613.500;9,59;78
2018-02-25 06:00:21+00:00;480.830.298.731.504;13.334.835.046.988.500;12,70;100
2018-02-25 07:00:21+00:00;49.625.038.399.149.700;11.896.986.256.237.100;0,96;7
2018-02-25 08:00:21+00:00;7.497.080.884.636.500;9.844.124.563.530.290;6,60;100
2018-02-25 09:00:21+00:00;2.979.126.024.896.220;10.662.695.150.649.100;7,23;5
2018-02-25 10:00:21+00:00;31.162.241.421.136.300;11.468.096.210.736.500;9,23;89
2018-02-25 11:00:21+00:00;26.855.153.618.826.000;16.093.678.531.011.800;1,53;80
2018-02-25 12:00:21+00:00;5.226.306.318.457.910;1.273.697.593.249.420;8,08;91
2018-02-25 13:00:21+00:00;3.630.549.781.092.320;16.489.983.511.318.100;15,83;100
2018-02-25 14:00:21+00:00;13.795.536.775.345.000;1.104.511.829.841.830;0,08;74
2018-02-25 15:00:21+00:00;45.419.102.245.982.400;1.181.230.078.139.460;11,88;65
2018-02-25 16:00:21+00:00;3.772.638.530.053.440;12.160.808.656.349.900;9,31;100
2018-02-25 17:00:21+00:00;3.669.610.104.184.960;1.281.834.013.285.300;11,93;100
2018-02-25 18:00:21+00:00;4.376.429.313.691.690;1.410.812.843.658.650;9,63;100
2018-02-25 19:00:21+00:00;1.027.169.984.267.180;15.045.573.261.478.500;12,88;100
2018-02-25 20:00:21+00:00;3.404.191.052.273.720;1.657.142.327.607.890;14,56;100
2018-02-25 21:00:21+00:00;4.422.704.885.049.390;8.189.411.379.920.630;28,32;100
2018-02-25 22:00:21+00:00;26.139.326.886.002.900;18.435.516.404.505.400;18,02;53
2018-02-25 23:00:21+00:00;307.666.902.656.948;10.951.307.578.875.600;5,86;42
2018-02-26 00:00:21+00:00;29.714.325.121.932.400;1.376.824.609.511.470;13,18;2
2018-02-26 01:00:21+00:00;4.592.391.050.765.990;15.855.769.183.639.300;11,70;100
2018-02-26 02:00:21+00:00;20.949.661.247.712.800;15.083.197.822.600.000;13,60;66
2018-02-26 03:00:21+00:00;3.184.733.314.727.430;16.243.397.930.202.000;13,85;19
2018-02-26 04:00:21+00:00;28.315.626.422.836.600;1.599.438.469.705.830;12,10;78
2018-02-26 05:00:21+00:00;53.506.443.680.957.100;14.536.822.097.680.900;0,99;45
2018-02-26 06:00:21+00:00;36.368.695.797.657.400;15.345.043.783.606.000;11,78;5
2018-02-26 07:00:21+00:00;3.644.546.690.925.680;10.521.806.815.991.400;50,00;100
2018-02-26 08:00:21+00:00;9.416.002.101.085.510;11.802.419.524.023.600;10,18;100
2018-02-26 09:00:21+00:00;19.068.618.009.155.800;11.162.519.095.141.300;9,10;48
2018-02-26 10:00:21+00:00;4.710.220.411.392.520;7.774.414.764.220.780;4,63;100
2018-02-26 11:00:21+00:00;33.967.569.066.927.600;11.246.826.190.899.800;0,65;100
2018-02-26 12:00:21+00:00;4.433.321.385.833.850;11.014.946.040.347.400;50,00;100
2018-02-26 13:00:21+00:00;46.743.118.349.611.100;11.265.981.545.461.500;0,89;100
2018-02-26 14:00:21+00:00;50.127.980.994.186.900;15.144.739.246.693.600;10,61;8
2018-02-26 15:00:21+00:00;2.182.713.687.744.470;11.665.335.132.736.100;10,09;39
2018-02-26 16:00:21+00:00;5.712.846.788.224.640;15.574.663.704.140.100;12,02;72
2018-02-26 17:00:21+00:00;4.143.912.115.059.570;9.722.596.245.959.130;9,74;41
2018-02-26 18:00:21+00:00;41.808.335.402.141.100;1.193.985.458.222.750;10,30;7
2018-02-26 19:00:21+00:00;1.260.643.759.411.300;12.577.842.468.169.300;11,26;100
2018-02-26 20:00:21+00:00;4.238.072.720.831.270;16.402.754.176.277.500;11,98;100
2018-02-26 21:00:21+00:00;2.473.718.550.935.280;13.674.010.036.189.200;13,51;100
2018-02-26 22:00:21+00:00;36.810.977.121.882.100;14.232.459.899.392.600;11,90;92
2018-02-26 23:00:21+00:00;60.347.118.078.456.400;10.863.059.709.340.900;11,32;83
2018-02-27 00:00:21+00:00;3.969.926.839.442.070;15.590.782.374.365.800;1,42;73
2018-02-27 01:00:21+00:00;38.314.607.612.817.100;13.382.275.757.805.400;1,03;100
2018-02-27 02:00:21+00:00;4.247.475.239.979.220;9.271.173.470.849.220;6,21;100
2018-02-27 03:00:21+00:00;25.331.929.124.763.700;15.224.700.639.589.200;12,38;7
2018-02-27 04:00:21+00:00;154.033.081.708.348;14.232.730.786.687.900;10,81;88
2018-02-27 05:00:21+00:00;4.376.482.658.808.610;1.269.058.778.870.480;8,74;100
2018-02-27 06:00:21+00:00;3.740.082.919.791.670;12.688.030.002.147.300;0,80;100
2018-02-27 07:00:21+00:00;5.324.934.940.718.550;10.928.213.208.078.400;12,59;83
2018-02-27 08:00:21+00:00;22.759.772.615.973.600;1.633.591.846.329.430;10,36;72
2018-02-27 09:00:21+00:00;18.455.805.768.950.400;15.288.892.052.135.000;8,38;77
2018-02-27 10:00:21+00:00;45.679.083.576.734.100;10.957.344.471.665.000;9,54;100
2018-02-27 11:00:21+00:00;2.709.002.948.508.550;13.647.862.087.207.700;0,95;74
2018-02-27 12:00:21+00:00;16.404.889.735.340.300;11.804.458.550.135.800;0,88;100
2018-02-27 13:00:21+00:00;2.934.956.741.640.090;10.430.800.417.392.100;5,60;100
2018-02-27 14:00:21+00:00;2.069.476.260.527.070;17.298.633.024.401.300;14,65;100
2018-02-27 15:00:21+00:00;1.631.000.587.744.540;12.666.908.738.157.700;10,70;54
2018-02-27 16:00:21+00:00;4.181.055.935.733.660;11.484.685.410.327.700;11,09;37
2018-02-27 17:00:21+00:00;44.050.777.609.110.100;10.637.524.189.512.100;9,61;89
2018-02-27 18:00:21+00:00;31.844.242.368.492.800;12.939.215.762.209.400;0,98;87
2018-02-27 19:00:21+00:00;6.120.789.665.415.650;8.381.618.318.555.950;34,82;47
2018-02-27 20:00:21+00:00;3.250.504.601.774.880;13.155.640.763.755.200;8,93;100
2018-02-27 21:00:21+00:00;4.256.979.163.937.590;16.462.643.135.774.400;11,47;10
2018-02-27 22:00:21+00:00;14.973.057.836.295.600;1.577.470.972.274.700;10,41;100
2018-02-27 23:00:21+00:00;20.354.184.471.630.500;14.694.056.525.139.200;1,43;81
2018-02-28 00:00:21+00:00;4.696.455.433.254.330;19.359.808.580.610.400;18,27;97
2018-02-28 01:00:21+00:00;5.043.570.408.133.310;14.146.726.939.106.800;10,29;100
2018-02-28 02:00:21+00:00;3.368.605.588.874.600;1.131.424.181.974.850;10,67;100
2018-02-28 03:00:21+00:00;4.260.600.577.626.890;15.550.083.154.309.600;12,96;34
2018-02-28 04:00:21+00:00;3.949.125.059.512.270;13.851.921.823.086.300;9,91;100
2018-02-28 05:00:21+00:00;42.599.819.391.973.700;13.621.964.870.367.300;1,11;2
2018-02-28 06:00:21+00:00;2.238.457.333.919.440;14.242.528.157.261.100;7,47;76
2018-02-28 07:00:21+00:00;688.639.621.527.536;12.564.005.960.063.800;6,91;42
2018-02-28 08:00:21+00:00;754.405.995.120.257;18.059.663.197.933.600;15,29;100
2018-02-28 09:00:21+00:00;2.923.270.836.906.460;9.575.314.988.095.380;0,95;13
2018-02-28 10:00:21+00:00;33.091.964.455.931.900;15.504.947.906.615.300;14,21;100
2018-02-28 11:00:21+00:00;4.554.613.289.817.230;13.847.930.305.746.100;8,97;47
2018-02-28 12:00:21+00:00;4.734.138.917.323.470;14.629.843.505.717.400;1,35;14
2018-02-28 13:00:21+00:00;2.949.277.055.069.180;12.602.583.699.568.600;11,41;100
2018-02-28 14:00:21+00:00;43.420.905.749.972.100;1.719.799.487.258.280;1,47;78
2018-02-28 15:00:21+00:00;32.617.771.205.909.900;15.670.855.878.822.200;12,26;78
2018-02-28 16:00:21+00:00;2.165.807.514.209.160;11.656.656.386.273.000;8,28;96
2018-02-28 17:00:21+00:00;30.494.825.066.354.400;16.241.226.037.127.500;14,46;86
2018-02-28 18:00:21+00:00;39.135.619.604.178.300;14.253.343.509.074.100;13,00;59
2018-02-28 19:00:21+00:00;4.142.651.965.226.610;12.109.256.924.597.600;9,27;100
2018-02-28 20:00:21+00:00;26.728.191.477.331.300;9.418.785.906.490.770;8,39;15
2018-02-28 21:00:21+00:00;31.294.378.272.883.700;1.539.015.954.540.430;13,24;9
2018-02-28 22:00:21+00:00;4.695.420.318.150.680;11.768.483.094.397.300;9,21;78
2018-02-28 23:00:21+00:00;42.658.364.017.791.300;1.480.275.854.003.910;10,46;100
2018-03-01 00:00:21+00:00;3.401.124.507.820.200;17.071.456.169.825.500;1,38;100
2018-03-01 01:00:21+00:00;353.993.052.317.327;11.556.986.788.505.500;10,98;100
2018-03-01 02:00:21+00:00;4.969.018.350.497.120;1.678.736.738.009.250;11,70;100
2018-03-01 03:00:21+00:00;51.791.289.829.963.700;10.737.942.802.789.800;1,09;45
2018-03-01 04:00:21+00:00;2.861.645.481.425.190;1.712.301.049.805.330;12,23;58
2018-03-01 05:00:21+00:00;-34.520.065.059.269.200;1.794.219.287.843.860;1,80;100
2018-03-01 06:00:21+00:00;13.329.235.969.721.800;15.707.936.838.433.300;14,17;5
2018-03-01 07:00:21+00:00;16.294.092.108.682.400;14.588.772.151.258.500;10,79;100
2018-03-01 08:00:21+00:00;3.312.234.050.490.000;15.685.394.532.294.000;9,84;80
2018-03-01 09:00:21+00:00;434.463.998.469.199;12.708.145.931.998.900;9,07;91
2018-03-01 10:00:21+00:00;4.614.745.707.312.850;103.038.857.479.679;7,63;49
2018-03-01 11:00:21+00:00;24.674.632.418.100.400;11.730.163.539.980.000;8,72;100
2018-03-01 12:00:21+00:00;259.650.014.190.844;19.076.868.076.067.300;13,92;0
2018-03-01 13:00:21+00:00;3.521.313.217.161.060;10.700.011.362.015.700;8,63;65
2018-03-01 14:00:21+00:00;3.306.365.799.902.490;15.852.180.075.284.300;12,50;73
2018-03-01 15:00:21+00:00;2.939.735.672.549.140;13.255.826.240.627.600;9,03;100
2018-03-01 16:00:21+00:00;6.860.302.903.537.710;12.658.608.267.996.900;12,24;100
2018-03-01 17:00:21+00:00;3.793.142.122.689.200;17.622.590.994.371.800;16,34;22
2018-03-01 18:00:21+00:00;21.497.493.773.380.000;13.750.058.853.367.800;1,10;100
2018-03-01 19:00:21+00:00;3.457.111.652.703.360;15.787.830.499.278.700;14,52;100
2018-03-01 20:00:21+00:00;27.693.970.120.858.700;1.934.523.858.469.960;1,68;100
2018-03-01 21:00:21+00:00;3.220.396.227.321.760;13.017.879.293.297.500;9,21;94
2018-03-01 22:00:21+00:00;23.712.174.146.520.000;14.673.865.194.203.000;12,61;100
2018-03-01 23:00:21+00:00;24.085.370.028.929.200;15.234.298.531.645.900;10,43;46
2018-03-02 00:00:21+00:00;11.147.480.909.610.700;127.431.620.475.662;8,32;49
2018-03-02 01:00:21+00:00;3.200.460.158.847.660;14.718.816.512.468.900;12,99;13
2018-03-02 02:00:21+00:00;3.478.874.373.006.600;16.261.613.897.611.100;14,04;20
2018-03-02 03:00:21+00:00;2.741.355.460.253.390;15.423.595.592.868.700;13,24;77
2018-03-02 04:00:21+00:00;46.954.949.554.952.500;13.808.788.410.983.900;11,33;85
2018-03-02 05:00:21+00:00;3.779.806.632.192.790;6.529.982.056.628.270;17,98;97
2018-03-02 06:00:21+00:00;3.749.510.219.177.310;1.001.684.447.494.930;5,02;89
2018-03-02 07:00:21+00:00;36.825.605.922.934.000;179.758.756.213.759;15,13;100
2018-03-02 08:00:21+00:00;36.049.348.652.627.300;11.208.777.869.111.900;10,44;56
2018-03-02 09:00:21+00:00;3.511.470.212.020.590;16.358.176.576.855.400;11,66;100
2018-03-02 10:00:21+00:00;18.918.501.192.793.000;10.550.498.081.754.500;1,18;7
2018-03-02 11:00:21+00:00;507.975.775.546.778;11.187.823.042.726.500;7,67;100
2018-03-02 12:00:21+00:00;17.588.768.702.042.800;15.174.883.548.959.800;14,51;100
2018-03-02 13:00:21+00:00;4.579.135.515.173.990;172.958.181.164.735;10,52;71
2018-03-02 14:00:21+00:00;3.930.913.377.684.140;1.510.371.560.928.030;10,41;23
2018-03-02 15:00:21+00:00;28.249.659.148.406.300;14.390.162.572.194.000;12,21;42
2018-03-02 16:00:21+00:00;418.672.031.474.659;10.224.111.227.130.000;7,55;6
2018-03-02 17:00:21+00:00;3.390.890.835.759.510;8.362.711.458.105.120;0,83;90
2018-03-02 18:00:21+00:00;48.564.704.569.407.800;12.475.998.338.238.200;10,51;97
2018-03-02 19:00:21+00:00;2.623.004.391.589.740;13.900.014.967.821.400;14,01;43
2018-03-02 20:00:21+00:00;3.540.636.773.131.520;13.399.402.338.555.900;9,72;41
2018-03-02 21:00:21+00:00;23.899.281.001.249.600;18.888.650.682.523.000;0,13;100
2018-03-02 22:00:21+00:00;24.632.456.962.631.500;9.783.883.284.517.790;7,38;100
2018-03-02 23:00:21+00:00;3.439.138.634.134.940;12.785.895.999.073.200;9,41;11
2018-03-03 00:00:21+00:00;517.887.426.244.827;17.577.432.185.960.400;12,72;100
2018-03-03 01:00:21+00:00;4.113.898.360.151.930;15.103.953.616.448.700;10,35;100
2018-03-03 02:00:21+00:00;347.328.720.540.761;10.870.309.101.362.000;5,83;100
2018-03-03 03:00:21+00:00;3.628.694.826.301.750;8.151.168.361.604.730;9,11;21
2018-03-03 04:00:21+00:00;15.506.441.065.697.600;12.572.113.640.644.900;7,09;97
2018-03-03 05:00:21+00:00;25.632.714.558.035.500;11.070.704.359.515.100;8,69;42
2018-03-03 06:00:21+00:00;2.609.221.790.288.000;12.445.590.649.056.100;10,22;94
2018-03-03 07:00:21+00:00;3.536.971.414.471.190;19.074.293.145.210.000;15,98;100
2018-03-03 08:00:21+00:00;4.904.003.127.683.190;11.068.538.466.887.300;8,76;100
2018-03-03 09:00:21+00:00;34.167.477.894.645.700;11.955.865.763.920.900;6,69;73
2018-03-03 10:00:21+00:00;37.361.918.277.825.500;15.741.408.570.179.900;11,01;34
2018-03-03 11:00:21+00:00;3.574.798.809.699.960;14.239.159.906.313.600;1,13;100
2018-03-03 12:00:21+00:00;3.596.637.564.361.410;17.161.197.279.973.300;1,37;70
2018-03-03 13:00:21+00:00;34.929.388.134.209.800;15.511.220.330.585.000;10,01;27
2018-03-03 14:00:21+00:00;41.228.895.799.967.500;11.850.674.268.573.400;10,74;89
2018-03-03 15:00:21+00:00;2.600.249.342.680.870;14.773.773.448.306.800;10,01;100
2018-03-03 16:00:21+00:00;467.890.510.026.104;13.807.511.246.807.700;14,39;12
2018-03-03 17:00:21+00:00;23.621.234.222.583.300;9.255.094.662.557.490;35,50;7
2018-03-03 18:00:21+00:00;13.371.045.643.780.200;18.770.321.295.567.300;16,08;81
2018-03-03 19:00:21+00:00;3.901.685.800.726.460;10.953.157.704.872.500;0,90;81
2018-03-03 20:00:21+00:00;3.471.009.641.151.980;13.264.056.768.002.800;1,03;7
2018-03-03 21:00:21+00:00;31.834.389.746.596.500;12.380.106.776.509.900;11,14;100
2018-03-03 22:00:21+00:00;30.392.117.002.842.500;138.084.107.800.065;9,59;62
2018-03-03 23:00:21+00:00;4.378.711.102.197.690;13.993.442.777.560.400;10,55;78
2018-03-04 00:00:21+00:00;2.425.263.112.945.750;14.928.771.444.881.000;0,98;100
2018-03-04 01:00:21+00:00;23.193.201.702.573.600;12.371.003.098.509.200;12,57;42
2018-03-04 02:00:21+00:00;4.114.628.900.969.320;16.150.511.360.199.000;11,84;64
2018-03-04 03:00:21+00:00;4.645.770.035.997.960;11.877.947.313.743.100;8,35;100
2018-03-04 04:00:21+00:00;25.789.620.560.494.100;12.234.998.488.838.300;1,24;48
2018-03-04 05:00:21+00:00;53.436.579.034.574.600;9.352.122.485.842.470;4,07;100
2018-03-04 06:00:21+00:00;3.191.991.783.638.410;14.082.907.405.694.700;14,57;100
2018-03-04 07:00:21+00:00;29.526.721.553.721.400;1.721.252.677.947.750;13,56;100
2018-03-04 08:00:21+00:00;3.812.063.932.937.110;12.923.200.309.597.900;12,37;100
2018-03-04 09:00:21+00:00;348.904.139.091.364;17.806.968.618.587.400;15,28;100
2018-03-04 10:00:21+00:00;4.698.414.746.782.450;10.880.191.942.849.200;4,80;60
2018-03-04 11:00:21+00:00;6.723.474.696.188.160;10.231.258.190.936.100;9,52;100
2018-03-04 12:00:21+00:00;21.137.604.861.851.100;16.893.749.977.268.300;11,37;9
2018-03-04 13:00:21+00:00;31.022.604.350.187.000;13.114.768.230.225.900;10,00;100
2018-03-04 14:00:21+00:00;32.045.278.245.872.200;11.161.596.314.042.500;1,23;92
2018-03-04 15:00:21+00:00;5.997.178.708.154.170;14.162.739.315.117.000;10,21;96
2018-03-04 16:00:21+00:00;1.383.712.293.478.840;14.332.018.377.367.000;13,70;78
2018-03-04 17:00:21+00:00;3.244.112.057.259.150;15.818.273.034.621.600;10,73;45
2018-03-04 18:00:21+00:00;42.633.570.760.189.700;12.722.305.351.366.000;13,12;0
2018-03-04 19:00:21+00:00;5.075.227.949.145.940;10.235.154.940.181.100;7,95;99
2018-03-04 20:00:21+00:00;31.658.397.697.147.500;12.861.492.069.450.500;11,17;100
2018-03-04 21:00:21+00:00;5.181.161.623.429.180;13.477.318.431.533.100;10,59;72
2018-03-04 22:00:21+00:00;23.794.530.796.645.000;16.257.814.356.318.200;13,05;79
2018-03-04 23:00:21+00:00;3.111.203.158.919.090;986.538.584.167.327;5,18;35
2018-03-05 00:00:21+00:00;13.216.597.498.633.200;12.611.579.144.447.600;9,07;8
2018-03-05 01:00:21+00:00;4.582.685.435.358.960;14.236.740.465.266.300;9,94;100
2018-03-05 02:00:21+00:00;2.257.125.101.310.860;1.727.456.698.297.880;11,20;100
2018-03-05 03:00:21+00:00;3.358.721.074.633.450;11.902.194.663.834.200;9,68;13
2018-03-05 04:00:21+00:00;55.070.860.610.252.600;1.155.171.871.396.260;12,05;56
2018-03-05 05:00:21+00:00;22.512.676.617.224;1.513.843.727.542.870;10,33;7
2018-03-05 06:00:21+00:00;5.271.068.616.285.110;8.000.547.528.348.910;0,97;100
2018-03-05 07:00:21+00:00;4.955.894.298.002.970;12.150.415.956.964.900;0,94;7
2018-03-05 08:00:21+00:00;33.533.848.126.954.300;14.958.064.417.759.100;11,06;100
2018-03-05 09:00:21+00:00;3.447.339.026.644.780;14.380.828.870.830.900;1,10;100
2018-03-05 10:00:21+00:00;2.757.647.331.568.470;14.015.598.242.804.000;15,71;98
2018-03-05 11:00:21+00:00;35.896.070.480.624.500;9.545.996.689.722.830;8,39;100
2018-03-05 12:00:21+00:00;28.571.497.272.117.100;10.431.308.397.857.400;9,10;52
2018-03-05 13:00:21+00:00;55.080.792.553.907.500;16.782.452.442.598.800;14,65;9
2018-03-05 14:00:21+00:00;3.736.908.787.487.290;13.296.099.266.788.700;8,00;90
2018-03-05 15:00:21+00:00;4.873.696.605.450.810;1.299.506.943.155.380;12,60;9
2018-03-05 16:00:21+00:00;274.008.837.310.425;1.160.952.799.710.110;7,63;100
2018-03-05 17:00:21+00:00;5.291.244.752.638.270;13.569.990.741.334.100;8,96;73
2018-03-05 18:00:21+00:00;4.721.621.611.762.300;12.340.278.878.937.700;8,94;79
2018-03-05 19:00:21+00:00;40.703.953.597.110.200;15.604.009.053.275.100;12,00;83
2018-03-05 20:00:21+00:00;4.435.681.190.971.910;10.968.530.537.640.600;8,78;95
2018-03-05 21:00:21+00:00;35.412.244.496.384.700;1.555.042.552.069.990;11,83;9
2018-03-05 22:00:21+00:00;4.346.399.740.425.230;17.514.369.592.177.800;12,91;68
2018-03-05 23:00:21+00:00;4.475.038.598.660.310;15.023.992.668.087.700;10,71;66
2018-03-06 00:00:21+00:00;4.438.726.760.692.520;10.531.289.928.825.800;0,85;100
2018-03-06 01:00:21+00:00;42.608.256.207.749.400;15.517.216.914.745.300;0,89;92
2018-03-06 02:00:21+00:00;3.848.396.193.205.490;12.337.219.017.121.900;9,92;88
2018-03-06 03:00:21+00:00;16.444.590.200.538.500;12.255.485.294.678.800;12,35;6
2018-03-06 04:00:21+00:00;33.508.688.775.941.800;13.853.042.828.894.300;11,70;34
2018-03-06 05:00:21+00:00;25.586.930.710.936.900;1.292.525.714.161.140;11,82;68
2018-03-06 06:00:21+00:00;19.007.329.865.556.300;12.399.271.162.221.600;12,68;78
2018-03-06 07:00:21+00:00;39.944.945.382.726.800;1.518.926.658.655.040;13,40;100
2018-03-06 08:00:21+00:00;565.635.740.321.579;13.805.350.303.769.000;0,99;21
2018-03-06 09:00:21+00:00;8.480.055.326.792.600;8.886.890.270.053.360;6,12;100
2018-03-06 10:00:21+00:00;22.742.778.821.547.700;16.007.097.202.944.200;13,03;74
2018-03-06 11:00:21+00:00;3.414.319.821.605.460;16.433.989.345.297.700;10,68;100
2018-03-06 12:00:21+00:00;41.239.927.030.957.500;14.984.213.673.891.400;1,70;88
2018-03-06 13:00:21+00:00;30.851.029.837.754.800;15.127.469.623.643.200;12,11;71
2018-03-06 14:00:21+00:00;42.652.152.771.642.500;12.985.666.604.846.600;13,39;2
2018-03-06 15:00:21+00:00;5.244.517.650.432.730;10.622.655.482.474.500;8,17;100
2018-03-06 16:00:21+00:00;38.899.088.256.743.600;13.956.008.728.429.800;11,31;39
2018-03-06 17:00:21+00:00;3.920.006.309.922.430;17.280.985.118.480.600;13,73;92
2018-03-06 18:00:21+00:00;15.211.199.958.524.900;14.186.884.366.669.000;13,90;8
2018-03-06 19:00:21+00:00;5.254.911.944.315.080;17.555.985.482.287.300;19,02;67
2018-03-06 20:00:21+00:00;26.299.960.435.849.100;1.767.356.798.408.940;11,22;92
2018-03-06 21:00:21+00:00;3.638.482.140.174.540;13.437.727.255.303.600;10,26;69
2018-03-06 22:00:21+00:00;39.087.521.590.198.900;12.400.016.093.005.300;10,77;36
2018-03-06 23:00:21+00:00;38.847.640.724.886.100;12.484.084.388.046.200;50,00;100
2018-03-07 00:00:21+00:00;2.832.650.854.771.210;1.321.835.508.927.710;0,93;100
2018-03-07 01:00:21+00:00;409.527.656.691.887;11.162.201.405.985.800;9,78;74
2018-03-07 02:00:21+00:00;34.301.894.846.152.100;14.876.013.046.663.900;10,91;71
2018-03-07 03:00:21+00:00;359.856.581.000.098;15.846.190.491.244.900;12,72;12
2018-03-07 04:00:21+00:00;3.936.685.953.640.770;9.035.536.770.566.380;8,23;100
2018-03-07 05:00:21+00:00;26.500.704.889.820.800;1.785.349.631.776.340;13,24;64
2018-03-07 06:00:21+00:00;3.094.118.181.225.130;12.244.059.102.051.600;7,88;100
2018-03-07 07:00:21+00:00;6.028.736.092.693.350;12.808.649.328.700.700;8,27;100
2018-03-07 08:00:21+00:00;4.507.055.533.782.050;14.271.843.476.113.100;6,94;100
2018-03-07 09:00:21+00:00;33.239.685.440.278.400;11.490.941.038.905.700;1,03;100
2018-03-07 10:00:21+00:00;3.750.050.077.509.090;12.091.612.450.260.100;9,35;100
2018-03-07 11:00:21+00:00;3.215.135.257.231.640;11.509.375.771.216.200;1,16;86
2018-03-07 12:00:21+00:00;37.726.765.897.320.600;13.521.216.650.586.800;12,11;100
2018-03-07 13:00:21+00:00;3.838.958.919.851.430;1.211.455.765.195.810;9,85;6
2018-03-07 14:00:21+00:00;27.144.661.586.139.100;14.439.758.071.474.100;12,27;100
2018-03-07 15:00:21+00:00;4.152.075.412.711.940;10.332.911.321.280.200;4,80;7
2018-03-07 16:00:21+00:00;3.758.554.659.819.110;14.602.798.812.651.000;12,40;100
2018-03-07 17:00:21+00:00;29.628.182.898.614.300;10.790.811.832.003.100;8,22;100
2018-03-07 18:00:21+00:00;4.504.614.481.376.550;15.977.621.116.373.200;11,34;77
2018-03-07 19:00:21+00:00;26.702.527.315.140.100;15.496.846.006.653.200;11,55;100
2018-03-07 20:00:21+00:00;25.196.611.557.081.700;833.498.332.509.004;8,00;85
2018-03-07 21:00:21+00:00;4.505.772.799.139.070;15.568.999.224.397.000;11,32;100
2018-03-07 22:00:21+00:00;25.965.110.541.067.200;7.192.247.951.659.030;5,27;100
2018-03-07 23:00:21+00:00;43.622.100.520.066.200;10.682.249.878.257.500;0,10;100
2018-03-08 00:00:21+00:00;5.752.075.120.552.700;160.314.256.072.051;12,31;100
2018-03-08 01:00:21+00:00;4.995.136.017.264.810;1.221.215.147.125.710;10,13;100
2018-03-08 02:00:21+00:00;2.741.798.104.049.240;17.311.364.259.912.800;13,64;99
2018-03-08 03:00:21+00:00;26.594.673.624.200.800;1.524.236.792.589.300;14,40;100
2018-03-08 04:00:21+00:00;48.073.843.997.348.900;12.483.878.737.170.700;10,33;100
2018-03-08 05:00:21+00:00;39.025.141.728.258.800;12.133.964.646.493.700;50,00;100
2018-03-08 06:00:21+00:00;13.256.219.001.672.000;17.172.107.625.227.400;15,33;100
2018-03-08 07:00:21+00:00;4.442.503.120.049.970;12.363.113.885.992.300;8,59;15
2018-03-08 08:00:21+00:00;3.451.360.526.448.770;9.012.191.033.629.010;50,00;100
2018-03-08 09:00:21+00:00;3.799.673.201.599.660;11.273.040.215.423.600;8,59;82
2018-03-08 10:00:21+00:00;3.777.465.632.807.440;13.824.241.416.200.000;15,46;100
2018-03-08 11:00:21+00:00;4.051.987.681.991.330;1.161.951.144.271.940;10,34;53
2018-03-08 12:00:21+00:00;6.039.470.321.664.620;1.932.448.688.937.840;19,30;77
2018-03-08 13:00:21+00:00;56.072.135.948.361.600;11.955.577.309.196.100;9,68;63
2018-03-08 14:00:21+00:00;17.441.647.603.060.300;12.010.991.604.384.200;11,08;58
2018-03-08 15:00:21+00:00;42.740.626.586.919.100;11.134.928.692.861.200;1,25;79
2018-03-08 16:00:21+00:00;14.678.451.119.342.700;1.566.318.085.333.900;14,17;57
2018-03-08 17:00:21+00:00;5.285.098.052.847.670;12.848.268.932.743.500;11,10;100
2018-03-08 18:00:21+00:00;4.932.625.622.393.080;15.499.717.581.027.100;9,66;60
2018-03-08 19:00:21+00:00;25.225.834.926.021.300;16.326.660.039.331.700;11,03;66
2018-03-08 20:00:21+00:00;3.350.818.402.136.540;14.406.638.760.997.400;12,12;41
2018-03-08 21:00:21+00:00;464.458.323.338.517;14.273.516.978.078.200;13,44;3
2018-03-08 22:00:21+00:00;3.444.074.896.718.940;106.123.793.683.016;0,01;99
2018-03-08 23:00:21+00:00;2.989.245.684.774.310;9.850.971.683.781.190;9,23;100
2018-03-09 00:00:21+00:00;375.810.071.912.028;989.507.511.560.294;6,23;100
2018-03-09 01:00:21+00:00;5.340.404.468.841.740;13.700.830.028.539.100;9,69;100
2018-03-09 02:00:21+00:00;13.809.086.825.717.900;19.115.674.625.219.400;16,25;73
2018-03-09 03:00:21+00:00;25.244.174.532.633.400;1.215.008.379.313.900;9,84;13
2018-03-09 04:00:21+00:00;2.691.676.601.686.600;16.011.549.137.602.800;12,05;73
2018-03-09 05:00:21+00:00;58.892.920.696.998.200;14.799.443.985.999.700;10,77;14
2018-03-09 06:00:21+00:00;528.135.593.789.675;13.607.184.569.032.200;7,88;100
2018-03-09 07:00:21+00:00;2.442.048.103.842.000;12.935.085.543.050.900;10,30;15
2018-03-09 08:00:21+00:00;3.483.075.248.209.890;12.481.447.607.362.000;50,00;73
2018-03-09 09:00:21+00:00;471.697.808.216.018;12.436.573.879.031.900;9,33;100
2018-03-09 10:00:21+00:00;4.539.730.276.447.890;14.993.734.956.467.300;11,66;100
2018-03-09 11:00:21+00:00;36.499.190.607.122.800;15.612.710.107.862.400;15,35;91
2018-03-09 12:00:21+00:00;3.647.856.263.303.910;1.249.641.378.564.920;7,89;81
2018-03-09 13:00:21+00:00;61.213.804.760.879.000;12.463.141.104.304.100;10,93;15
2018-03-09 14:00:21+00:00;3.435.604.138.132.660;12.112.712.536.383.200;10,04;100
2018-03-09 15:00:21+00:00;1.423.999.903.867.390;15.951.494.948.990.900;1,07;100
2018-03-09 16:00:21+00:00;36.824.846.174.515.300;15.658.192.494.876.500;12,65;100
2018-03-09 17:00:21+00:00;3.797.460.434.721.400;1.710.693.113.144.960;11,04;96
2018-03-09 18:00:21+00:00;3.500.778.560.338.010;1.155.568.537.154.410;9,37;100
2018-03-09 19:00:21+00:00;20.168.190.644.849.500;12.026.522.001.769.700;9,19;8
2018-03-09 20:00:21+00:00;3.882.755.269.093.290;1.753.875.257.361.910;15,81;100
2018-03-09 21:00:21+00:00;21.847.691.866.474.800;1.673.700.170.934.440;11,96;93
2018-03-09 22:00:21+00:00;36.536.093.687.358.400;11.121.284.962.259.400;44,53;100
2018-03-09 23:00:21+00:00;30.361.607.692.496.300;11.354.366.914.349.400;7,93;43
2018-03-10 00:00:21+00:00;4.810.423.062.999.880;14.139.543.986.912.200;12,56;74
2018-03-10 01:00:21+00:00;14.394.211.904.346.100;16.537.753.331.341.700;13,52;100
2018-03-10 02:00:21+00:00;215.738.064.217.296;11.331.455.201.712.100;7,92;80
2018-03-10 03:00:21+00:00;3.633.971.913.469.790;13.735.811.589.454.000;1,34;100
2018-03-10 04:00:21+00:00;3.455.964.377.095.490;1.616.749.576.972.810;12,37;56
2018-03-10 05:00:21+00:00;32.770.579.392.785.200;13.032.861.328.302.100;11,99;91
2018-03-10 06:00:21+00:00;4.003.977.976.895.210;13.339.843.457.139.200;10,72;75
2018-03-10 07:00:21+00:00;36.543.623.493.470.100;16.973.397.853.672.200;14,92;100
2018-03-10 08:00:21+00:00;4.739.841.609.556.860;12.511.681.303.864.600;11,55;65
2018-03-10 09:00:21+00:00;3.631.406.969.541.630;16.601.364.599.878.200;1,60;100
2018-03-10 10:00:21+00:00;5.802.114.273.475.770;13.162.077.456.032.800;8,97;100
2018-03-10 11:00:21+00:00;22.714.017.650.109.600;1.089.177.658.547.650;9,86;100
2018-03-10 12:00:21+00:00;5.567.590.546.580.150;14.875.645.677.220.300;9,44;97
2018-03-10 13:00:21+00:00;3.651.146.894.141.760;12.029.728.738.894.100;10,74;95
2018-03-10 14:00:21+00:00;13.381.364.755.134.800;10.684.329.644.737.000;5,17;96
2018-03-10 15:00:21+00:00;2.768.811.895.098.850;18.291.650.048.430.200;1,85;17
2018-03-10 16:00:21+00:00;2.788.824.208.342.680;14.542.347.199.073.900;12,30;100
2018-03-10 17:00:21+00:00;4.462.064.694.592.310;12.751.247.960.862.900;10,65;100
2018-03-10 18:00:21+00:00;4.748.916.961.045.750;12.795.452.909.085.800;50,00;100
2018-03-10 19:00:21+00:00;22.589.495.739.474.800;17.238.698.415.705.400;15,81;80
2018-03-10 20:00:21+00:00;25.922.889.869.399.600;17.419.054.928.947.900;16,43;43
2018-03-10 21:00:21+00:00;5.144.815.049.239.860;12.203.272.307.250.800;9,31;27
2018-03-10 22:00:21+00:00;15.017.675.938.253.100;14.166.891.159.710.400;10,46;42
2018-03-10 23:00:21+00:00;258.805.175.417.394;12.634.121.944.251.200;9,36;17
2018-03-11 00:00:21+00:00;4.325.605.299.824.300;15.388.026.949.343.900;15,76;31
2018-03-11 01:00:21+00:00;261.333.649.084.655;12.666.654.723.219.500;9,94;8
2018-03-11 02:00:21+00:00;41.669.214.931.536.200;8.837.649.367.708.480;7,40;100
2018-03-11 03:00:21+00:00;3.286.419.277.741.780;11.022.938.314.354.400;10,72;100
2018-03-11 04:00:21+00:00;26.986.162.030.159.800;16.052.562.242.873.000;7,96;100
2018-03-11 05:00:21+00:00;23.854.245.790.568.700;11.778.490.305.139.300;9,26;100
2018-03-11 06:00:21+00:00;27.833.784.971.522.500;15.430.423.304.082.100;11,78;100
2018-03-11 07:00:21+00:00;6.448.000.568.915.520;14.426.228.486.349.100;11,84;100
2018-03-11 08:00:21+00:00;28.129.828.891.086.000;11.796.553.331.215.200;1,11;85
2018-03-11 09:00:21+00:00;3.833.608.081.231.820;13.149.300.797.100.700;12,47;100
2018-03-11 10:00:21+00:00;4.171.465.167.945.800;12.007.914.244.599.100;9,14;64
2018-03-11 11:00:21+00:00;7.022.653.052.188.430;12.602.436.501.755.400;9,79;73
2018-03-11 12:00:21+00:00;57.099.178.494.485.800;919.444.400.358.179;7,40;16
2018-03-11 13:00:21+00:00;14.084.300.831.449.300;13.246.235.208.282.100;1,21;100
2018-03-11 14:00:21+00:00;43.691.227.932.898.200;121.213.267.491.258;1,20;100
2018-03-11 15:00:21+00:00;4.553.600.613.047.650;13.710.771.440.135.100;0,82;100
2018-03-11 16:00:21+00:00;5.108.791.622.163.020;1.480.359.257.440.530;12,59;100
2018-03-11 17:00:21+00:00;15.874.386.444.338.200;15.030.766.848.160.600;11,62;10
2018-03-11 18:00:21+00:00;3.534.478.111.885.610;12.148.541.453.550.600;13,82;100
2018-03-11 19:00:21+00:00;3.150.987.134.029.840;11.962.097.243.833.200;7,37;100
2018-03-11 20:00:21+00:00;4.111.606.019.685.680;13.157.265.804.027.800;8,21;55
2018-03-11 21:00:21+00:00;2.928.368.798.584.540;1.617.890.542.792.790;11,76;100
2018-03-11 22:00:21+00:00;31.595.362.007.980.800;12.277.814.450.529.400;11,01;72
2018-03-11 23:00:21+00:00;1.820.176.818.463.740;1.186.515.262.388.790;10,70;100
2018-03-12 00:00:21+00:00;4.619.682.496.310.090;1.085.478.596.348.110;50,00;11
2018-03-12 01:00:21+00:00;3.311.538.040.468.680;14.756.529.851.943.600;13,84;100
2018-03-12 02:00:21+00:00;3.211.652.051.770.840;12.818.359.032.556.200;9,38;100
2018-03-12 03:00:21+00:00;32.622.068.886.015.900;1.108.573.918.601.080;1,06;100
2018-03-12 04:00:21+00:00;31.085.913.614.684.400;11.591.858.785.293.600;50,00;93
2018-03-12 05:00:21+00:00;46.471.929.655.059.000;1.514.828.868.294.590;10,19;100
2018-03-12 06:00:21+00:00;4.191.753.336.882.490;1.387.441.400.956.410;10,27;66
2018-03-12 07:00:21+00:00;10.438.253.834.409.100;11.901.463.175.702.800;9,40;100
2018-03-12 08:00:21+00:00;15.812.160.325.054.000;14.918.448.148.131.800;10,26;42
2018-03-12 09:00:21+00:00;10.809.838.343.233.400;1.603.597.192.995.470;11,12;100
2018-03-12 10:00:21+00:00;3.731.663.861.501.300;15.116.959.432.863.800;13,00;100
2018-03-12 11:00:21+00:00;49.847.989.091.427.600;14.026.659.676.274.700;12,86;52
2018-03-12 12:00:21+00:00;4.283.824.498.702.120;17.594.256.906.132.900;1,25;100
2018-03-12 13:00:21+00:00;5.404.847.816.547.890;16.737.950.585.467.800;10,71;100
2018-03-12 14:00:21+00:00;31.121.008.135.353.100;13.676.857.435.128.100;11,14;100
2018-03-12 15:00:21+00:00;4.654.509.486.590.530;15.973.604.367.646.700;13,71;100
2018-03-12 16:00:21+00:00;4.163.352.310.577.550;1.510.499.221.989.480;1,00;100
2018-03-12 17:00:21+00:00;10.975.057.306.929.600;12.230.293.015.412.100;13,13;79
2018-03-12 18:00:21+00:00;4.833.808.284.424.150;17.407.905.438.615.900;12,17;100
2018-03-12 19:00:21+00:00;27.819.862.576.685.900;17.618.401.136.660.500;13,57;100
2018-03-12 20:00:21+00:00;39.914.506.447.066.700;1.643.107.175.390.510;12,65;6
2018-03-12 21:00:21+00:00;28.697.549.891.852.100;15.054.259.478.044.900;10,42;72
2018-03-12 22:00:21+00:00;15.028.048.189.145.200;15.819.285.454.084.000;16,29;100
2018-03-12 23:00:21+00:00;400.154.387.309.149;12.712.919.083.951.000;8,30;100
2018-03-13 00:00:21+00:00;55.068.133.035.447.600;16.183.021.024.630.300;1,64;100
2018-03-13 01:00:21+00:00;21.201.146.439.238.400;10.395.810.764.257.100;7,72;78
2018-03-13 02:00:21+00:00;3.858.235.722.644.110;12.734.088.177.806.100;9,59;72
2018-03-13 03:00:21+00:00;54.061.379.008.652.300;7.440.545.437.482.150;4,65;14
2018-03-13 04:00:21+00:00;28.017.598.601.032.900;1.449.595.771.062.040;12,96;87
2018-03-13 05:00:21+00:00;2.169.854.699.138.510;1.602.310.832.848.400;16,78;100
2018-03-13 06:00:21+00:00;3.390.147.625.697.340;17.526.067.348.641.700;12,89;76
2018-03-13 07:00:21+00:00;2.989.344.411.995.530;1.300.333.177.049.370;9,80;1
2018-03-13 08:00:21+00:00;2.709.070.568.935.430;14.087.331.786.542.200;14,20;7
2018-03-13 09:00:21+00:00;19.716.837.605.107.800;134.901.299.173.763;8,56;92
2018-03-13 10:00:21+00:00;3.480.698.911.525.480;17.912.693.887.229.300;1,28;20
2018-03-13 11:00:21+00:00;2.362.557.767.462.000;14.330.143.399.993.400;1,42;80
2018-03-13 12:00:21+00:00;17.501.292.288.560.800;18.024.098.683.938.000;15,26;36
2018-03-13 13:00:21+00:00;18.871.068.063.379.700;16.545.489.723.009.600;11,51;9
2018-03-13 14:00:21+00:00;50.553.221.001.097.400;15.351.737.858.767.700;13,52;58
2018-03-13 15:00:21+00:00;25.642.555.380.386.300;12.174.502.643.607.000;50,00;51
2018-03-13 16:00:21+00:00;4.252.657.106.449.270;1.089.607.342.492.540;1,09;90
2018-03-13 17:00:21+00:00;27.909.619.581.534.500;1.374.135.569.978.190;50,00;100
2018-03-13 18:00:21+00:00;14.194.343.430.956.700;13.761.381.421.128.300;8,97;58
2018-03-13 19:00:21+00:00;2.662.826.716.340.530;107.018.761.174.678;9,31;88
2018-03-13 20:00:21+00:00;27.045.125.249.493.500;1.615.135.842.062.950;1,04;75
2018-03-13 21:00:21+00:00;3.594.298.626.560.720;13.971.063.049.773.300;1,12;100
2018-03-13 22:00:21+00:00;3.669.428.105.178.700;14.950.172.393.276.200;13,09;100
2018-03-13 23:00:21+00:00;18.155.362.689.628.100;1.764.632.886.845.670;1,26;61
2018-03-14 00:00:21+00:00;53.626.739.550.537.400;11.641.705.886.165.200;9,08;81
2018-03-14 01:00:21+00:00;5.586.283.244.583.200;8.472.111.764.868.390;8,45;10
2018-03-14 02:00:21+00:00;36.695.919.453.020.900;12.103.165.746.302.400;10,58;100
2018-03-14 03:00:21+00:00;3.782.335.699.235.990;17.722.046.893.723.800;1,72;14
2018-03-14 04:00:21+00:00;24.806.118.030.941.000;1.354.549.833.216.460;9,16;79
2018-03-14 05:00:21+00:00;15.937.228.756.371.300;13.064.986.564.959.300;8,46;100
2018-03-14 06:00:21+00:00;3.532.043.678.590.220;12.271.515.646.669.400;12,45;100
2018-03-14 07:00:21+00:00;30.444.827.039.387.400;1.350.952.273.615.580;11,57;100
2018-03-14 08:00:21+00:00;56.533.898.365.198.100;12.140.906.831.461.300;9,21;100
2018-03-14 09:00:21+00:00;6.694.788.507.602.350;12.331.640.587.000.200;8,70;11
2018-03-14 10:00:21+00:00;23.822.194.536.309.600;16.063.385.777.995.600;14,48;13
2018-03-14 11:00:21+00:00;3.463.747.556.001.250;19.810.745.739.893.500;15,08;99
2018-03-14 12:00:21+00:00;47.212.319.450.978.000;11.481.026.265.372.800;10,74;100
2018-03-14 13:00:21+00:00;4.183.595.833.543.390;12.224.414.747.167.000;12,31;44
2018-03-14 14:00:21+00:00;4.119.877.645.305.860;12.171.788.439.113.100;9,95;9
2018-03-14 15:00:21+00:00;504.954.328.044.054;17.385.035.860.422.700;11,19;72
2018-03-14 16:00:21+00:00;52.590.090.420.850.200;15.364.974.861.061.900;13,43;100
2018-03-14 17:00:21+00:00;40.248.061.499.897.000;12.901.260.748.008.000;1,25;100
2018-03-14 18:00:21+00:00;6.468.205.213.840.520;12.306.037.673.635.300;1,22;100
2018-03-14 19:00:21+00:00;4.501.436.915.612.200;17.315.802.406.371.900;14,18;1
2018-03-14 20:00:21+00:00;26.391.251.048.253.000;13.624.908.815.949.800;0,75;58
2018-03-14 21:00:21+00:00;4.819.074.215.825.380;13.430.153.294.722.100;9,84;97
2018-03-14 22:00:21+00:00;28.497.411.579.218.500;8.283.366.275.871.470;5,63;100
2018-03-14 23:00:21+00:00;3.664.106.455.453.940;15.455.769.797.824.100;14,07;43
2018-03-15 00:00:21+00:00;46.174.490.854.275.400;1.350.764.836.389.130;11,63;75
2018-03-15 01:00:21+00:00;27.423.037.092.360.700;1.378.415.967.940.230;12,83;16
2018-03-15 02:00:21+00:00;4.564.291.138.756.330;13.774.996.323.639.800;0,97;100
2018-03-15 03:00:21+00:00;37.580.717.737.544.600;15.805.837.296.264.500;13,07;13
2018-03-15 04:00:21+00:00;22.734.773.756.029.700;8.108.720.961.432.900;18,99;18
2018-03-15 05:00:21+00:00;13.892.156.386.353.400;1.062.249.070.657.200;7,68;100
2018-03-15 06:00:21+00:00;11.408.143.574.905.100;18.277.272.611.910.100;11,65;100
2018-03-15 07:00:21+00:00;3.260.067.204.911.920;10.549.390.515.266.400;11,92;70
2018-03-15 08:00:21+00:00;28.507.163.826.473.100;11.673.895.005.335.400;1,03;100
2018-03-15 09:00:21+00:00;5.583.338.955.513.980;16.559.918.721.749.000;14,10;100
2018-03-15 10:00:21+00:00;33.058.761.371.153.400;13.646.893.834.213.500;8,47;100
2018-03-15 11:00:21+00:00;2.727.185.067.459.920;1.366.912.760.145.550;10,68;100
2018-03-15 12:00:21+00:00;3.647.182.366.121.120;17.383.800.968.280.300;15,23;100
2018-03-15 13:00:21+00:00;3.725.183.175.534.150;12.130.527.443.167.200;7,96;100
2018-03-15 14:00:21+00:00;2.879.188.715.683.130;1.222.354.407.641.060;0,89;34
2018-03-15 15:00:21+00:00;3.523.719.772.157.780;15.370.109.114.887.000;14,51;9
2018-03-15 16:00:21+00:00;32.169.990.297.661.800;13.912.487.812.212.800;8,99;73
2018-03-15 17:00:21+00:00;2.840.058.702.070.130;16.019.664.144.666.900;11,95;31
2018-03-15 18:00:21+00:00;29.866.755.683.051.700;119.612.063.903.923;7,93;100
2018-03-15 19:00:21+00:00;4.219.844.290.644.060;14.008.263.142.134.000;11,88;100
2018-03-15 20:00:21+00:00;27.639.944.354.564.900;13.347.829.627.563.100;12,23;100
2018-03-15 21:00:21+00:00;16.991.921.392.952.700;12.575.942.647.171.400;1,33;100
2018-03-15 22:00:21+00:00;350.773.009.297.111;10.414.438.895.596.400;9,12;72
2018-03-15 23:00:21+00:00;34.809.249.093.829.700;1.250.437.081.080.340;12,50;60
2018-03-16 00:00:21+00:00;27.048.615.212.773.000;12.217.808.248.949.600;10,51;35
2018-03-16 01:00:21+00:00;655.750.349.690.948;16.564.903.743.440.800;10,52;91
2018-03-16 02:00:21+00:00;4.466.312.238.271.420;14.901.159.034.471.000;12,00;25
2018-03-16 03:00:21+00:00;32.266.931.612.598.800;14.603.121.160.485.900;11,79;54
2018-03-16 04:00:21+00:00;26.346.465.214.748.100;1.308.347.757.600.120;1,26;7
2018-03-16 05:00:21+00:00;1.977.995.986.774.360;1.136.130.627.770.460;0,89;29
2018-03-16 06:00:21+00:00;20.181.549.895.378.600;14.065.249.337.566.100;10,51;100
2018-03-16 07:00:21+00:00;3.043.012.690.149.270;16.965.579.187.447.000;11,87;18
2018-03-16 08:00:21+00:00;46.992.077.742.477.700;11.442.401.711.529.800;8,63;100
2018-03-16 09:00:21+00:00;460.880.901.816.489;14.625.956.540.988.400;11,52;100
2018-03-16 10:00:21+00:00;3.993.780.602.833.120;12.425.460.799.804.800;11,13;100
2018-03-16 11:00:21+00:00;4.437.906.199.851.130;13.511.686.242.412.800;9,18;100
2018-03-16 12:00:21+00:00;3.894.779.247.636.150;13.147.452.076.353.400;15,20;100
2018-03-16 13:00:21+00:00;42.540.445.238.358.600;14.616.307.400.508.400;9,88;65
2018-03-16 14:00:21+00:00;34.969.641.861.384.000;13.146.286.077.692.200;7,96;1
2018-03-16 15:00:21+00:00;26.601.173.243.758.800;1.230.447.005.474.340;1,09;100
2018-03-16 16:00:21+00:00;3.632.862.224.433.650;9.699.487.837.223.230;5,20;13
2018-03-16 17:00:21+00:00;2.763.305.599.155.410;14.059.120.951.866.200;0,11;100
2018-03-16 18:00:21+00:00;3.894.844.856.811.900;15.006.432.244.728.700;10,62;73
2018-03-16 19:00:21+00:00;22.005.734.459.266.500;13.676.794.583.641.400;12,25;100
2018-03-16 20:00:21+00:00;3.574.671.855.751.140;13.348.274.385.251.100;10,99;100
2018-03-16 21:00:21+00:00;54.647.932.319.284.800;17.131.839.779.668.200;15,99;100
2018-03-16 22:00:21+00:00;5.988.862.006.463.640;17.457.556.555.706.500;14,81;100
2018-03-16 23:00:21+00:00;4.679.389.958.247.110;1.612.466.300.853.480;13,00;99
2018-03-17 00:00:21+00:00;5.106.750.672.879.860;14.337.155.947.662.000;1,19;92
2018-03-17 01:00:21+00:00;24.319.336.633.782.000;13.760.535.156.169.600;0,09;9
2018-03-17 02:00:21+00:00;29.211.288.487.867.200;10.969.166.975.037.600;7,38;65
2018-03-17 03:00:21+00:00;42.721.155.501.791.900;8.901.319.663.266.980;7,56;100
2018-03-17 04:00:21+00:00;5.954.404.386.302.280;16.850.806.434.640.400;14,67;100
2018-03-17 05:00:21+00:00;547.077.899.079.899;13.801.780.082.300.100;10,39;100
2018-03-17 06:00:21+00:00;1.969.287.270.810.400;21.753.591.848.179.300;16,98;100
2018-03-17 07:00:21+00:00;3.875.586.786.077.510;12.108.738.223.238.500;8,90;11
2018-03-17 08:00:21+00:00;4.646.747.050.609.760;1.456.090.915.975.070;1,24;7
2018-03-17 09:00:21+00:00;52.689.747.050.719.500;1.600.448.574.851.980;12,81;21
2018-03-17 10:00:21+00:00;3.316.887.651.764.700;11.941.265.866.759.800;10,79;10
2018-03-17 11:00:21+00:00;3.430.351.042.201.210;12.870.934.093.115.800;9,06;92
2018-03-17 12:00:21+00:00;3.930.739.863.739.210;1.305.355.656.803.830;10,33;100
2018-03-17 13:00:21+00:00;21.426.757.989.406.400;12.537.964.746.808.900;13,05;32
2018-03-17 14:00:21+00:00;3.397.449.953.333.320;14.492.788.420.078.100;15,67;90
2018-03-17 15:00:21+00:00;4.378.433.046.158.700;13.658.116.341.068.500;10,46;1
2018-03-17 16:00:21+00:00;3.305.411.425.746.950;858.429.725.080.089;9,50;8
2018-03-17 17:00:21+00:00;5.821.698.449.446.810;1.379.252.430.542.360;13,57;30
2018-03-17 18:00:21+00:00;4.175.444.014.487.340;1.443.205.363.770.670;13,19;100
2018-03-17 19:00:21+00:00;17.891.351.893.234.300;1.342.645.388.383.080;7,19;100
2018-03-17 20:00:21+00:00;26.824.797.000.593.100;17.520.472.275.389.000;11,18;100
2018-03-17 21:00:21+00:00;10.534.966.227.425.500;14.369.228.614.506.400;10,48;68
2018-03-17 22:00:21+00:00;3.329.204.992.553.470;13.582.195.199.740.200;0,99;43
2018-03-17 23:00:21+00:00;22.603.387.959.832.600;15.731.447.093.444.500;10,76;89
2018-03-18 00:00:21+00:00;33.963.027.933.297.400;19.023.654.989.092.900;16,33;86
2018-03-18 01:00:21+00:00;3.292.073.133.861.050;13.177.347.966.774.300;11,77;100
2018-03-18 02:00:21+00:00;3.966.043.778.446.640;16.081.396.350.775.900;1,64;100
2018-03-18 03:00:21+00:00;5.190.903.471.871.850;17.986.339.774.748.800;13,18;100
2018-03-18 04:00:21+00:00;52.261.222.490.259.200;12.965.256.383.846.300;0,91;11
2018-03-18 05:00:21+00:00;5.762.277.515.781.850;10.680.493.959.156.400;8,92;100
2018-03-18 06:00:21+00:00;33.786.659.901.520.900;14.588.447.335.154.000;9,09;45
2018-03-18 07:00:21+00:00;30.475.055.272.181.700;167.937.383.541.974;1,72;88
2018-03-18 08:00:21+00:00;26.057.458.480.510.700;12.832.860.005.738.500;9,55;30
2018-03-18 09:00:21+00:00;26.534.733.872.140.900;16.183.116.817.436.700;12,79;100
2018-03-18 10:00:21+00:00;4.179.753.767.708.970;11.440.185.904.613.100;9,42;100
2018-03-18 11:00:21+00:00;19.133.725.422.626.900;12.925.802.778.998.600;10,04;54
2018-03-18 12:00:21+00:00;30.896.236.672.339.700;13.300.913.145.539.900;1,01;56
2018-03-18 13:00:21+00:00;19.445.505.612.673.100;13.187.370.218.145.600;15,26;73
2018-03-18 14:00:21+00:00;367.775.221.808.191;11.439.849.090.974.000;9,32;78
2018-03-18 15:00:21+00:00;22.778.521.865.720.200;12.711.388.494.041.900;11,13;66
2018-03-18 16:00:21+00:00;19.795.793.110.686.500;8.752.394.118.384.320;6,01;70
2018-03-18 17:00:21+00:00;3.329.129.520.459.740;15.206.240.009.091.400;1,34;100
2018-03-18 18:00:21+00:00;15.700.040.448.578.000;13.612.721.033.517.900;10,95;25
2018-03-18 19:00:21+00:00;3.772.608.837.933.430;16.314.553.691.644.300;13,55;100
2018-03-18 20:00:21+00:00;29.109.806.956.472.100;13.307.848.430.728.600;11,60;86
2018-03-18 21:00:21+00:00;3.860.261.809.489.170;9.162.204.160.067.430;0,91;100
2018-03-18 22:00:21+00:00;1.136.426.979.723.740;14.298.993.287.263.000;1,28;16
2018-03-18 23:00:21+00:00;5.324.527.007.009.020;11.918.497.447.729.600;0,95;100
2018-03-19 00:00:21+00:00;19.668.163.563.699.000;16.118.624.832.766.900;1,29;100
2018-03-19 01:00:21+00:00;5.864.633.468.649.260;1.301.143.081.296.370;8,18;100
2018-03-19 02:00:21+00:00;28.056.060.255.097.100;18.414.038.164.936.300;14,38;84
2018-03-19 03:00:21+00:00;5.307.169.796.300.490;1.135.577.122.849.710;9,30;100
2018-03-19 04:00:21+00:00;4.751.899.932.678.920;14.122.549.058.271.400;1,31;100
2018-03-19 05:00:21+00:00;29.207.611.261.776.000;14.977.344.617.384.000;7,25;1
2018-03-19 06:00:21+00:00;44.712.897.907.264.900;12.723.719.304.977.300;10,80;100
2018-03-19 07:00:21+00:00;3.275.651.384.073.420;10.291.163.052.044.100;6,69;64
2018-03-19 08:00:21+00:00;3.279.278.979.162.030;13.039.317.162.636.600;1,20;75
2018-03-19 09:00:21+00:00;4.682.100.566.946.110;911.222.874.613.036;0,99;91
2018-03-19 10:00:21+00:00;16.341.136.471.999.900;11.830.590.100.381.700;9,37;89
2018-03-19 11:00:21+00:00;2.816.871.065.161.240;13.092.952.719.944.700;13,34;100
2018-03-19 12:00:21+00:00;40.441.956.409.418.200;15.953.157.886.821.700;14,50;78
2018-03-19 13:00:21+00:00;46.906.116.758.454.100;14.203.435.355.690.700;11,64;69
2018-03-19 14:00:21+00:00;3.814.728.070.269.400;1.254.484.879.102.730;6,83;87
2018-03-19 15:00:21+00:00;27.381.448.570.602.400;12.395.446.590.896.500;10,69;53
2018-03-19 16:00:21+00:00;4.216.726.421.250.960;12.188.543.534.913.600;8,09;100
2018-03-19 17:00:21+00:00;3.042.606.837.136.760;15.756.032.002.339.200;6,89;29
2018-03-19 18:00:21+00:00;6.517.691.775.396.560;9.923.400.823.134.520;0,57;54
2018-03-19 19:00:21+00:00;3.871.686.459.459.340;1.147.052.839.175.670;1,19;100
2018-03-19 20:00:21+00:00;15.883.878.771.749.100;991.163.610.287.733;8,19;35
2018-03-19 21:00:21+00:00;2.875.639.940.566.510;14.945.853.071.121.700;14,41;92
2018-03-19 22:00:21+00:00;2.259.755.899.396.930;17.198.723.515.280.400;1,69;100
2018-03-19 23:00:21+00:00;17.244.704.778.984.700;14.917.558.538.117.400;12,49;100
2018-03-20 00:00:21+00:00;19.691.124.258.148.800;15.092.767.528.285.600;10,92;82
2018-03-20 01:00:21+00:00;3.385.255.695.979.490;12.250.941.596.144.200;7,69;65
2018-03-20 02:00:21+00:00;24.420.230.856.966.700;14.708.626.918.882.900;11,64;100
2018-03-20 03:00:21+00:00;3.975.706.154.349.700;11.703.150.302.435.200;7,58;1
2018-03-20 04:00:21+00:00;3.962.710.812.910.780;12.130.046.242.744.500;7,44;100
2018-03-20 05:00:21+00:00;32.767.977.808.003.100;13.433.765.552.591.800;9,46;34
2018-03-20 06:00:21+00:00;3.505.554.686.937.880;13.627.471.918.429.000;10,37;11
2018-03-20 07:00:21+00:00;5.698.995.884.168.950;1.787.331.079.352.590;1,38;100
2018-03-20 08:00:21+00:00;54.004.776.322.131.400;15.627.264.912.362.200;12,32;100
2018-03-20 09:00:21+00:00;3.777.391.699.721.410;13.805.952.231.429.900;11,90;48
2018-03-20 10:00:21+00:00;3.635.329.713.788.430;17.672.255.067.270.500;13,78;100
2018-03-20 11:00:21+00:00;3.977.599.271.220.290;19.355.605.714.821.000;16,99;100
2018-03-20 12:00:21+00:00;4.058.472.101.248.230;13.573.476.251.992.600;12,29;39
2018-03-20 13:00:21+00:00;40.528.605.109.110.900;14.454.073.838.764.600;13,56;42
2018-03-20 14:00:21+00:00;1.677.276.250.988.060;10.520.187.965.896.300;0,82;62
2018-03-20 15:00:21+00:00;36.069.156.840.105.500;13.925.946.599.019.700;0,87;35
2018-03-20 16:00:21+00:00;4.573.715.571.437.120;11.879.891.205.272.800;9,02;100
2018-03-20 17:00:21+00:00;3.468.085.309.470.690;894.907.833.273.761;5,22;13
2018-03-20 18:00:21+00:00;23.570.862.357.804.600;15.925.964.228.288.900;14,33;34
2018-03-20 19:00:21+00:00;3.398.102.256.258.760;1.378.309.852.876.140;8,07;100
2018-03-20 20:00:21+00:00;37.262.356.453.933.300;11.416.554.114.528.800;0,98;62
2018-03-20 21:00:21+00:00;19.498.955.549.063.100;9.091.551.972.280.470;7,68;91
2018-03-20 22:00:21+00:00;29.116.616.577.882.000;12.048.020.243.667.200;11,10;100
2018-03-20 23:00:21+00:00;4.538.161.890.744.300;11.889.574.748.350.100;10,06;100
2018-03-21 00:00:21+00:00;4.077.618.456.244.440;1.325.692.225.651.060;10,51;66
2018-03-21 01:00:21+00:00;40.881.789.895.601.800;9.296.149.976.566.690;5,25;100
2018-03-21 02:00:21+00:00;5.476.435.189.138.210;14.567.044.224.577.800;15,07;100
2018-03-21 03:00:21+00:00;3.686.105.508.677.130;15.081.150.053.513.900;11,96;90
2018-03-21 04:00:21+00:00;38.679.536.626.799.300;10.366.253.597.944.100;7,59;13
2018-03-21 05:00:21+00:00;5.217.518.248.554.800;9.413.545.079.791.760;7,76;65
2018-03-21 06:00:21+00:00;3.439.117.925.780.680;15.986.250.771.089.000;15,05;36
2018-03-21 07:00:21+00:00;41.965.180.970.022.900;13.163.653.031.481.400;10,03;29
2018-03-21 08:00:21+00:00;11.802.383.301.800.500;15.076.872.315.038.900;14,36;67
2018-03-21 09:00:21+00:00;41.982.429.131.834.900;13.793.104.352.427.700;11,45;42
2018-03-21 10:00:21+00:00;31.195.415.096.737.500;13.311.031.337.664.500;12,12;35
2018-03-21 11:00:21+00:00;3.351.556.159.096.390;16.035.653.799.114.700;13,34;52
2018-03-21 12:00:21+00:00;5.367.215.998.581.070;1.556.395.611.394.640;13,80;69
2018-03-21 13:00:21+00:00;4.002.924.857.364.360;14.458.404.160.094.700;13,32;10
2018-03-21 14:00:21+00:00;4.026.396.219.254.730;14.624.720.220.494.300;12,57;68
2018-03-21 15:00:21+00:00;29.813.990.533.179.300;12.471.969.272.356.000;1,32;100
2018-03-21 16:00:21+00:00;3.260.264.976.716.240;14.869.908.487.632.300;11,66;100
2018-03-21 17:00:21+00:00;5.144.947.871.793.230;1.729.389.837.295.730;1,62;100
2018-03-21 18:00:21+00:00;40.184.441.306.920.600;1.600.914.830.460.960;11,56;100
2018-03-21 19:00:21+00:00;5.866.345.612.266.340;8.983.032.313.441.690;8,00;87
2018-03-21 20:00:21+00:00;24.000.297.781.200.400;14.621.214.198.023.700;1,00;20
2018-03-21 21:00:21+00:00;15.721.328.042.156.900;14.820.595.996.913.000;1,02;42
2018-03-21 22:00:21+00:00;3.150.674.489.763.040;16.273.122.466.528.600;15,65;100
2018-03-21 23:00:21+00:00;4.676.134.733.104.400;16.528.631.380.806.600;17,40;92
2018-03-22 00:00:21+00:00;38.184.238.519.155.500;14.727.479.160.436.600;11,46;88
2018-03-22 01:00:21+00:00;2.075.846.046.302.320;10.520.119.595.366.200;6,40;20
2018-03-22 02:00:21+00:00;29.450.574.637.183.900;13.251.319.901.416.800;10,58;67
2018-03-22 03:00:21+00:00;44.012.767.043.782.800;1.159.954.981.059.020;0,77;100
2018-03-22 04:00:21+00:00;49.207.545.171.999.300;1.069.668.873.041.130;11,15;100
2018-03-22 05:00:21+00:00;25.202.906.287.590.300;16.913.868.440.150.000;14,74;100
2018-03-22 06:00:21+00:00;5.276.199.861.786.160;12.399.524.238.717.400;11,08;65
2018-03-22 07:00:21+00:00;4.254.618.044.340.490;18.351.315.097.863.800;14,45;75
2018-03-22 08:00:21+00:00;27.064.507.416.371.100;12.591.883.319.972.600;0,86;100
2018-03-22 09:00:21+00:00;6.000.032.933.765.980;11.792.288.524.563.100;11,55;45
2018-03-22 10:00:21+00:00;2.806.655.259.858.160;1.498.514.615.511.090;1,18;44
2018-03-22 11:00:21+00:00;3.106.416.258.150.650;13.334.494.172.047.900;8,60;100
2018-03-22 12:00:21+00:00;462.172.290.505.834;14.198.785.556.734.200;1,45;100
2018-03-22 13:00:21+00:00;3.262.518.222.322.490;12.217.006.752.662.900;14,72;83
2018-03-22 14:00:21+00:00;5.574.841.191.093.290;1.221.663.008.124.560;10,09;36
2018-03-22 15:00:21+00:00;5.047.461.532.955.980;12.337.940.333.241.900;10,58;10
2018-03-22 16:00:21+00:00;41.762.557.443.310.000;10.996.700.126.167.200;12,42;86
2018-03-22 17:00:21+00:00;4.535.908.991.672.830;15.869.411.257.289.700;12,10;100
2018-03-22 18:00:21+00:00;28.966.787.355.524.000;14.024.426.597.783.000;13,47;16
2018-03-22 19:00:21+00:00;3.082.978.015.203.580;13.897.384.066.398.100;9,97;100
2018-03-22 20:00:21+00:00;17.487.766.899.083.300;15.141.146.110.995.100;13,07;100
2018-03-22 21:00:21+00:00;4.000.116.667.641.280;14.391.240.353.354.600;0,96;48
2018-03-22 22:00:21+00:00;61.152.415.118.257.600;19.017.873.269.324.700;14,70;85
2018-03-22 23:00:21+00:00;27.709.415.450.447.100;14.559.897.082.382.500;8,33;57
2018-03-23 00:00:21+00:00;13.489.956.720.983.700;8.547.694.579.544.030;7,82;50
2018-03-23 01:00:21+00:00;4.529.103.511.314.300;12.326.881.608.350.400;10,66;100
2018-03-23 02:00:21+00:00;4.063.962.848.383.800;1.126.329.962.433.680;6,97;100
2018-03-23 03:00:21+00:00;42.112.282.535.695.700;14.659.520.246.695.800;0,16;7
2018-03-23 04:00:21+00:00;31.514.723.693.826.200;1.252.206.896.990.290;10,17;66
2018-03-23 05:00:21+00:00;12.805.589.816.368.700;14.740.731.827.951.700;11,51;53
2018-03-23 06:00:21+00:00;24.179.168.668.820.700;11.866.144.766.570.600;7,54;36
2018-03-23 07:00:21+00:00;106.794.070.117.883;1.399.596.531.921.380;12,76;29
2018-03-23 08:00:21+00:00;4.782.877.711.267.990;12.246.660.105.499.700;8,00;46
2018-03-23 09:00:21+00:00;43.139.336.851.387.900;12.701.624.188.867.000;11,69;14
2018-03-23 10:00:21+00:00;3.154.195.701.157.350;14.072.655.057.076.200;9,51;78
2018-03-23 11:00:21+00:00;21.038.654.903.219.300;14.619.901.122.620.100;0,13;100
2018-03-23 12:00:21+00:00;3.033.955.525.799.430;16.991.010.542.727.800;13,20;35
2018-03-23 13:00:21+00:00;12.470.550.486.123.100;16.269.508.031.245.000;14,58;3
2018-03-23 14:00:21+00:00;27.585.522.564.321.900;15.813.353.652.458.100;10,05;61
2018-03-23 15:00:21+00:00;63.635.797.241.443.400;14.572.516.491.079.900;12,57;100
2018-03-23 16:00:21+00:00;3.851.366.254.557.090;12.340.967.477.756.900;50,00;87
2018-03-23 17:00:21+00:00;6.540.983.957.582.780;15.034.199.618.194.800;10,73;100
2018-03-23 18:00:21+00:00;11.080.442.347.884.400;16.421.776.020.906.000;14,30;45
2018-03-23 19:00:21+00:00;31.977.630.798.444.100;16.423.294.024.184.700;13,23;69
2018-03-23 20:00:21+00:00;21.580.942.414.622.400;13.564.289.276.732.600;11,60;12
2018-03-23 21:00:21+00:00;28.408.603.668.058.100;12.691.272.313.702.700;1,17;100
2018-03-23 22:00:21+00:00;3.466.001.985.631.650;1.544.649.746.525.310;12,69;27
2018-03-23 23:00:21+00:00;321.169.635.746.665;7.616.411.760.102.970;5,82;94
2018-03-24 00:00:21+00:00;19.855.692.724.384.700;17.398.715.527.334.200;11,92;100
2018-03-24 01:00:21+00:00;27.427.261.522.719.900;16.504.197.453.341.000;1,76;100
2018-03-24 02:00:21+00:00;23.444.055.167.077.300;1.284.506.787.402.890;11,37;45
2018-03-24 03:00:21+00:00;39.687.547.320.950.700;12.721.289.535.121.700;10,18;35
2018-03-24 04:00:21+00:00;4.511.517.329.143.190;18.561.607.671.463.200;14,21;74
2018-03-24 05:00:21+00:00;5.179.365.256.228.910;11.015.161.864.938.400;0,92;87
2018-03-24 06:00:21+00:00;3.799.916.353.725.850;12.889.526.073.031.200;10,30;8
2018-03-24 07:00:21+00:00;33.325.912.454.206.200;17.775.871.704.451.100;15,28;56
2018-03-24 08:00:21+00:00;1.716.420.286.150.030;10.921.623.764.055.800;50,00;100
2018-03-24 09:00:21+00:00;3.434.921.458.017.420;13.917.323.455.975.100;1,45;100
2018-03-24 10:00:21+00:00;38.712.228.172.475.800;12.945.465.828.472.000;11,74;23
2018-03-24 11:00:21+00:00;2.938.402.480.360.720;18.523.791.203.873.900;1,12;37
2018-03-24 12:00:21+00:00;2.110.629.453.910.670;12.207.511.869.005.400;10,34;63
2018-03-24 13:00:21+00:00;466.568.162.607.757;10.233.382.025.513.300;9,80;79
2018-03-24 14:00:21+00:00;24.799.988.219.738.800;14.112.144.398.682.300;8,65;95
2018-03-24 15:00:21+00:00;4.739.017.221.039.610;12.207.687.557.442.300;1,20;68
2018-03-24 16:00:21+00:00;4.529.507.944.127.050;1.497.397.572.575.560;0,13;75
2018-03-24 17:00:21+00:00;7.979.043.416.150.950;14.577.369.012.535.800;0,90;43
2018-03-24 18:00:21+00:00;4.740.223.785.343.870;10.687.296.223.031.500;8,20;100
2018-03-24 19:00:21+00:00;31.257.211.282.664.300;1.798.868.531.090.080;12,11;4
2018-03-24 20:00:21+00:00;14.974.574.165.777.500;12.043.586.573.024.500;11,31;100
2018-03-24 21:00:21+00:00;2.827.930.851.767.890;12.302.693.252.934.200;50,00;19
2018-03-24 22:00:21+00:00;4.752.503.626.026.510;14.926.607.191.484.900;1,01;47
2018-03-24 23:00:21+00:00;3.402.296.678.498.630;1.748.657.222.915.150;1,42;100
2018-03-25 00:00:21+00:00;2.852.895.617.447.110;1.040.517.485.143.810;12,47;100
2018-03-25 01:00:21+00:00;3.729.040.901.720.770;1.240.345.102.004.090;12,36;100
2018-03-25 02:00:21+00:00;3.281.647.218.990.800;1.584.669.209.166.410;10,70;100
2018-03-25 03:00:21+00:00;20.672.834.088.896.100;12.135.726.648.910.000;7,26;9
2018-03-25 04:00:21+00:00;19.665.483.772.756.300;13.906.774.704.213.900;9,94;100
2018-03-25 05:00:21+00:00;3.862.505.740.673.870;125.213.727.913.797;7,21;100
2018-03-25 06:00:21+00:00;431.405.048.268.551;14.725.464.602.446.800;13,35;100
2018-03-25 07:00:21+00:00;3.156.626.961.648.790;10.497.573.173.547.800;9,72;64
2018-03-25 08:00:21+00:00;383.443.265.249.505;14.293.129.373.029.500;1,33;100
2018-03-25 09:00:21+00:00;25.098.372.540.294.400;14.703.114.757.389.500;11,86;100
2018-03-25 10:00:21+00:00;5.883.381.199.346.180;15.177.290.629.200.700;12,38;100
2018-03-25 11:00:21+00:00;35.832.137.057.712.700;1.225.309.658.828.530;7,67;100
2018-03-25 12:00:21+00:00;10.678.442.655.115.400;17.037.708.405.291.700;14,18;64
2018-03-25 13:00:21+00:00;24.437.007.489.581.100;8.431.881.838.324.510;9,27;100
2018-03-25 14:00:21+00:00;3.224.889.474.148.520;11.916.063.132.857.400;8,67;100
2018-03-25 15:00:21+00:00;4.641.672.322.177.650;1.945.425.880.865.900;16,38;3
2018-03-25 16:00:21+00:00;438.684.570.018.144;1.359.523.461.056.010;11,01;100
2018-03-25 17:00:21+00:00;26.015.095.391.873.900;16.253.985.660.502.100;11,94;67
2018-03-25 18:00:21+00:00;15.198.265.846.480.400;13.985.029.273.814.800;12,22;10
2018-03-25 19:00:21+00:00;3.091.929.703.578.910;17.742.214.795.471.000;17,83;100
2018-03-25 20:00:21+00:00;27.006.290.323.681.600;13.058.811.301.506.800;13,20;100
2018-03-25 21:00:21+00:00;32.712.749.599.032.500;1.406.785.692.765.510;0,96;100
2018-03-25 22:00:21+00:00;3.385.565.663.448.120;15.646.716.434.836.000;12,76;67
2018-03-25 23:00:21+00:00;3.749.783.108.627.410;17.243.926.143.234.800;15,26;90
2018-03-26 00:00:21+00:00;3.545.336.797.420.940;9.048.796.420.035.880;7,41;43
2018-03-26 01:00:21+00:00;7.386.794.273.187.950;14.782.519.675.624.000;9,26;100
2018-03-26 02:00:21+00:00;39.654.667.901.186.500;11.456.079.929.093.100;7,65;100
2018-03-26 03:00:21+00:00;4.111.795.193.136.210;13.391.509.555.752.300;1,20;100
2018-03-26 04:00:21+00:00;2.859.242.131.706.150;12.225.207.505.286.500;13,64;97
2018-03-26 05:00:21+00:00;19.848.947.738.159.500;808.775.187.446.221;5,18;100
2018-03-26 06:00:21+00:00;4.133.941.493.157.300;16.091.374.102.807.500;10,97;100
2018-03-26 07:00:21+00:00;3.323.845.574.284.840;10.341.892.197.857.700;10,53;98
2018-03-26 08:00:21+00:00;2.510.436.629.572.860;13.356.770.732.748.100;11,15;100
2018-03-26 09:00:21+00:00;3.704.778.557.030.260;13.265.055.209.698.000;9,83;98
2018-03-26 10:00:21+00:00;4.974.424.237.123.000;11.595.646.015.481.300;8,89;100
2018-03-26 11:00:21+00:00;284.141.158.096.308;15.074.809.434.231.400;11,78;100
2018-03-26 12:00:21+00:00;32.604.605.986.759.000;1.263.850.866.271.830;11,61;100
2018-03-26 13:00:21+00:00;32.090.397.630.704.100;11.789.470.453.708.700;9,89;95
2018-03-26 14:00:21+00:00;20.985.862.948.864.900;9.994.270.121.901.520;4,93;100
2018-03-26 15:00:21+00:00;35.250.186.375.694.800;11.280.760.959.677.100;8,77;100
2018-03-26 16:00:21+00:00;5.592.993.577.937.470;14.550.307.491.849.300;15,31;100
2018-03-26 17:00:21+00:00;14.743.128.801.551.500;867.609.239.577.975;9,16;35
2018-03-26 18:00:21+00:00;30.954.839.719.047.000;17.595.973.643.128.000;1,66;55
2018-03-26 19:00:21+00:00;45.952.968.932.418.800;13.156.192.824.140.500;8,85;92
2018-03-26 20:00:21+00:00;2.149.006.125.506.100;11.420.096.017.756.300;9,86;36
2018-03-26 21:00:21+00:00;37.386.697.646.032.100;14.968.891.174.357.400;13,87;100
2018-03-26 22:00:21+00:00;47.199.156.319.193.300;12.510.875.964.490.900;10,16;30
2018-03-26 23:00:21+00:00;15.362.926.177.514.900;15.684.357.462.669.600;14,91;100
2018-03-27 00:00:21+00:00;563.749.757.016.559;10.947.285.797.878.500;7,04;100
2018-03-27 01:00:21+00:00;3.496.406.473.435.370;1.112.325.046.784.150;9,32;100
2018-03-27 02:00:21+00:00;29.421.891.008.889.200;14.970.497.972.633.000;10,79;73
2018-03-27 03:00:21+00:00;14.876.404.286.872.600;16.431.881.789.441.400;1,61;52
2018-03-27 04:00:21+00:00;27.002.606.685.631.000;13.999.269.793.630.900;11,09;100
2018-03-27 05:00:21+00:00;129.669.302.292.493;1.408.485.295.898.830;1,08;98
2018-03-27 06:00:21+00:00;9.457.939.368.299.340;11.501.483.997.443.100;6,93;80
2018-03-27 07:00:21+00:00;3.818.191.172.258.840;12.274.348.366.875.400;1,15;5
2018-03-27 08:00:21+00:00;3.762.816.171.257.990;11.930.683.900.758.600;10,43;100
2018-03-27 09:00:21+00:00;1.279.844.634.983.360;16.667.711.162.109.100;13,30;100
2018-03-27 10:00:21+00:00;3.666.276.989.619.910;1.689.899.908.541.800;14,73;44
2018-03-27 11:00:21+00:00;18.305.754.195.234.100;14.787.614.555.550.200;13,97;80
2018-03-27 12:00:21+00:00;35.468.230.907.286.100;1.840.350.024.188.440;15,13;15
2018-03-27 13:00:21+00:00;41.338.711.699.092.000;1.502.485.961.692.660;12,91;35
2018-03-27 14:00:21+00:00;73.066.348.359.853.800;16.394.150.802.078.600;14,20;74
2018-03-27 15:00:21+00:00;3.521.477.477.081.030;12.993.964.058.246.400;6,87;70
2018-03-27 16:00:21+00:00;4.374.444.118.949.570;13.143.152.373.344.900;11,46;10
2018-03-27 17:00:21+00:00;20.870.774.497.052.000;13.145.500.293.804.700;7,24;34
2018-03-27 18:00:21+00:00;31.927.724.654.239.100;11.253.244.347.045.400;9,02;1
2018-03-27 19:00:21+00:00;4.620.389.471.482.920;12.455.565.841.345.600;11,09;98
2018-03-27 20:00:21+00:00;30.368.542.051.185.000;14.323.350.619.330.900;7,81;11
2018-03-27 21:00:21+00:00;4.923.912.879.081.340;12.071.941.043.306.000;9,76;100
2018-03-27 22:00:21+00:00;5.317.888.788.877.850;14.874.783.558.089.100;11,19;100
2018-03-27 23:00:21+00:00;5.375.846.445.628.470;11.728.304.215.380.300;8,89;100
2018-03-28 00:00:21+00:00;2.943.868.038.773.920;1.161.650.576.034.760;10,85;100
2018-03-28 01:00:21+00:00;21.808.452.036.146.600;13.555.955.345.534.100;14,65;11
2018-03-28 02:00:21+00:00;45.269.668.675.198.200;85.701.986.859.305;8,33;100
2018-03-28 03:00:21+00:00;32.577.583.469.104.000;16.143.214.600.753.700;12,96;100
2018-03-28 04:00:21+00:00;334.308.107.317.523;15.238.265.119.719.900;9,50;93
2018-03-28 05:00:21+00:00;5.934.929.253.714.150;1.550.497.314.424.750;15,14;100
2018-03-28 06:00:21+00:00;3.268.633.017.461.980;1.532.970.223.335.940;11,94;83
2018-03-28 07:00:21+00:00;26.411.927.987.954.500;13.246.806.004.761.300;7,22;52
2018-03-28 08:00:21+00:00;-5.041.534.004.594.500;1.411.708.671.863.370;8,98;85
2018-03-28 09:00:21+00:00;2.110.872.072.541.320;1.447.067.306.094.940;0,90;46
2018-03-28 10:00:21+00:00;3.296.902.104.206.990;10.004.551.921.064.600;5,78;100
2018-03-28 11:00:21+00:00;4.681.349.001.627.490;14.014.283.301.518.500;13,24;100
2018-03-28 12:00:21+00:00;5.364.286.474.912.090;12.610.218.334.783.500;10,48;86
2018-03-28 13:00:21+00:00;34.925.456.253.355.600;18.005.677.347.764.700;15,49;42
2018-03-28 14:00:21+00:00;3.046.417.935.311.740;1.306.001.804.863.590;0,48;100
2018-03-28 15:00:21+00:00;28.900.446.351.547.600;1.322.002.004.162.110;12,11;3
2018-03-28 16:00:21+00:00;4.132.051.404.550.150;1.056.408.700.178.280;9,71;64
2018-03-28 17:00:21+00:00;258.716.296.414.563;12.576.125.681.132.000;6,48;100
2018-03-28 18:00:21+00:00;48.616.424.170.450.900;839.576.206.315.163;0,42;13
2018-03-28 19:00:21+00:00;4.863.363.249.975.710;1.803.546.008.375.810;1,67;13
2018-03-28 20:00:21+00:00;5.062.437.007.377.980;14.941.061.628.548.100;10,76;100
2018-03-28 21:00:21+00:00;1.724.333.407.897.310;1.263.471.524.898.160;1,21;64
2018-03-28 22:00:21+00:00;3.948.942.876.904.970;14.748.157.855.118.200;11,82;40
2018-03-28 23:00:21+00:00;3.378.010.747.494.590;11.194.478.176.771.000;7,93;96
2018-03-29 00:00:21+00:00;13.192.294.379.254.400;13.084.533.355.947.400;10,19;10
2018-03-29 01:00:21+00:00;357.522.740.368.392;1.083.606.007.020.890;4,69;100
2018-03-29 02:00:21+00:00;32.053.116.112.410.400;9.811.308.576.123.070;0,86;80
2018-03-29 03:00:21+00:00;28.883.751.445.611.300;15.379.333.783.021.100;9,90;50
2018-03-29 04:00:21+00:00;5.620.093.402.205.130;132.701.583.112.745;6,96;58
2018-03-29 05:00:21+00:00;17.671.657.842.582.200;9.330.127.351.791.430;4,50;71
2018-03-29 06:00:21+00:00;3.543.661.497.975.960;1.151.682.314.816.990;7,40;97
2018-03-29 07:00:21+00:00;366.241.307.319.347;16.691.794.254.469.300;0,15;100
2018-03-29 08:00:21+00:00;24.103.088.929.382.800;11.769.649.652.362.600;0,78;76
2018-03-29 09:00:21+00:00;3.566.259.535.953.250;15.034.073.758.642.300;13,53;31
2018-03-29 10:00:21+00:00;391.171.237.288.927;11.739.166.196.731.800;1,12;9
2018-03-29 11:00:21+00:00;45.973.435.475.964.400;1.411.623.801.363.280;13,22;99
2018-03-29 12:00:21+00:00;-5,83685E+15;14.797.529.153.437.900;0,16;100
2018-03-29 13:00:21+00:00;35.494.392.310.246;11.920.951.860.316.600;1,05;1
2018-03-29 14:00:21+00:00;2.936.667.883.313.910;13.200.475.174.408.400;11,72;92
2018-03-29 15:00:21+00:00;3.971.123.685.187.960;14.272.678.241.244.300;10,13;100
2018-03-29 16:00:21+00:00;4.042.381.701.391.680;12.147.626.012.136.200;5,09;47
2018-03-29 17:00:21+00:00;3.903.912.422.730.710;13.017.205.593.608.000;1,11;77
2018-03-29 18:00:21+00:00;3.807.787.312.936.950;11.235.803.593.360.400;50,00;66
2018-03-29 19:00:21+00:00;3.453.737.572.681.660;13.778.928.526.263.700;8,23;85
2018-03-29 20:00:21+00:00;3.607.412.070.910.480;16.135.795.614.674.500;1,06;42
2018-03-29 21:00:21+00:00;13.001.030.232.287.100;10.702.433.428.974.700;9,86;100
2018-03-29 22:00:21+00:00;753.115.720.671.326;11.812.807.302.069.400;1,14;44
2018-03-29 23:00:21+00:00;4.588.353.538.576.700;8.566.487.787.076.470;7,18;100
2018-03-30 00:00:21+00:00;56.371.402.991.386.900;14.766.790.174.632.500;0,96;100
2018-03-30 01:00:21+00:00;3.717.726.620.411.870;9.645.111.956.677.890;7,15;70
2018-03-30 02:00:21+00:00;4.205.970.182.732.030;14.743.793.694.435.400;14,62;13
2018-03-30 03:00:21+00:00;14.401.202.531.414.900;14.909.115.853.653.700;11,40;53
2018-03-30 04:00:21+00:00;5.600.927.827.515.830;15.732.543.400.016.900;11,58;100
2018-03-30 05:00:21+00:00;52.414.888.757.762.800;14.419.793.361.178.100;14,24;79
2018-03-30 06:00:21+00:00;24.894.202.032.324.900;9.863.741.807.728.960;1,25;80
2018-03-30 07:00:21+00:00;27.948.749.437.772.900;13.204.087.447.260.400;0,99;81
2018-03-30 08:00:21+00:00;330.964.110.943.048;1.400.031.925.885.440;7,94;100
2018-03-30 09:00:21+00:00;4.016.623.527.832.180;14.817.567.568.398.600;12,01;100
2018-03-30 10:00:21+00:00;3.222.818.598.940.820;14.909.607.634.727.600;11,25;76
2018-03-30 11:00:21+00:00;44.836.055.396.183.100;12.488.408.119.360.800;1,30;77
2018-03-30 12:00:21+00:00;3.878.195.561.151.260;13.262.009.676.474.300;0,80;40
2018-03-30 13:00:21+00:00;39.167.632.545.049.600;13.285.707.239.423.700;8,79;100
2018-03-30 14:00:21+00:00;3.719.736.232.246.010;1.045.331.387.868.680;7,62;100
2018-03-30 15:00:21+00:00;5.415.807.962.487.790;1.117.972.746.027.650;10,33;70
2018-03-30 16:00:21+00:00;4.646.161.570.023.800;13.350.220.696.384.200;8,56;89
2018-03-30 17:00:21+00:00;31.658.096.867.748.700;11.491.760.164.125.000;11,34;84
2018-03-30 18:00:21+00:00;4.874.068.056.982.670;9.976.440.886.176.020;7,00;100
2018-03-30 19:00:21+00:00;2.594.268.690.469.240;9.839.637.962.821.090;0,48;44
2018-03-30 20:00:21+00:00;2.797.499.135.385.760;15.211.272.700.489.700;10,48;14
2018-03-30 21:00:21+00:00;46.482.421.096.186.400;14.385.516.253.675.400;8,77;100
2018-03-30 22:00:21+00:00;4.271.435.261.439.180;13.884.322.238.524.500;8,52;79
2018-03-30 23:00:21+00:00;39.179.905.405.648.100;1.273.151.510.920.170;14,04;13
2018-03-31 00:00:21+00:00;42.157.440.627.388.400;12.113.353.497.025.600;9,97;100
2018-03-31 01:00:21+00:00;58.500.185.926.761.200;8.633.548.144.065.080;9,03;90
2018-03-31 02:00:21+00:00;3.428.080.329.019.260;14.965.677.644.670.500;11,15;92
2018-03-31 03:00:21+00:00;3.597.044.647.856.470;12.537.821.033.693.000;11,25;100
2018-03-31 04:00:21+00:00;52.534.598.899.856.700;15.032.941.423.345.000;10,41;82
2018-03-31 05:00:21+00:00;22.985.972.332.757.800;11.249.909.878.779.300;12,42;90
2018-03-31 06:00:21+00:00;28.030.755.203.984.900;1.752.208.186.415.010;13,51;100
2018-03-31 07:00:21+00:00;4.404.029.820.525.110;1.397.984.083.856.890;9,49;86
2018-03-31 08:00:21+00:00;27.618.769.826.746.700;1.323.170.988.778.140;8,03;56
2018-03-31 09:00:21+00:00;3.719.788.807.163.390;11.051.929.877.847.500;6,55;100
2018-03-31 10:00:21+00:00;2.036.375.831.110.110;13.926.004.174.938.900;0,86;100
2018-03-31 11:00:21+00:00;3.832.349.467.405.340;1.502.080.628.046.450;15,47;100
2018-03-31 12:00:21+00:00;17.397.434.077.541.900;80.883.068.048.559;6,04;100
2018-03-31 13:00:21+00:00;18.811.207.538.566.100;13.197.958.317.761.900;9,98;100
2018-03-31 14:00:21+00:00;3.955.438.982.106.600;1.323.713.744.281.820;1,72;100
2018-03-31 15:00:21+00:00;4.635.890.347.032.200;1.462.009.930.699.960;14,75;65
2018-03-31 16:00:21+00:00;3.770.492.680.450.120;9.455.570.212.318.230;5,06;20
2018-03-31 17:00:21+00:00;52.473.614.409.471.900;15.466.194.793.194.200;15,07;46
2018-03-31 18:00:21+00:00;4.005.164.240.061.900;15.312.634.722.794.900;11,54;10
2018-03-31 19:00:21+00:00;2.770.040.269.009.530;15.404.901.132.181.500;12,06;0
2018-03-31 20:00:21+00:00;5.323.118.815.423.000;11.920.106.234.536.900;8,35;100
2018-03-31 21:00:21+00:00;41.531.889.944.416.300;16.247.824.563.794.700;12,70;100
2018-03-31 22:00:21+00:00;42.535.683.073.123.800;1.155.290.692.142.930;8,04;99
2018-03-31 23:00:21+00:00;5.550.187.208.371.100;8.397.749.284.042.570;6,04;100
2018-04-01 00:00:21+00:00;3.051.673.425.418.710;14.279.191.850.394.800;10,59;100
2018-04-01 01:00:21+00:00;4.411.513.078.579.360;1.337.667.692.484.970;11,64;100
2018-04-01 02:00:21+00:00;2.806.160.691.369.920;16.484.891.644.152.600;14,19;64
2018-04-01 03:00:21+00:00;3.657.373.284.177.030;11.015.764.940.558.700;9,08;48
2018-04-01 04:00:21+00:00;22.490.447.131.919.400;12.686.698.816.935.500;13,11;100
2018-04-01 05:00:21+00:00;3.958.946.175.256.160;12.467.803.701.368.000;12,11;100
2018-04-01 06:00:21+00:00;44.476.469.661.401.900;15.473.929.755.464.600;15,01;100
2018-04-01 07:00:21+00:00;3.559.008.456.120.020;1.089.436.236.694.780;7,23;10
2018-04-01 08:00:21+00:00;387.999.390.876.993;16.614.180.846.413.600;10,98;100
2018-04-01 09:00:21+00:00;7.849.569.719.106.100;11.740.970.896.590.800;9,95;12
2018-04-01 10:00:21+00:00;4.177.204.876.128.890;12.451.083.981.476.500;1,08;100
2018-04-01 11:00:21+00:00;18.723.237.636.624.600;13.626.711.418.328.600;0,89;100
2018-04-01 12:00:21+00:00;4.973.264.192.229.100;11.063.593.513.489.900;9,51;100
2018-04-01 13:00:21+00:00;4.704.870.802.124.640;14.475.019.291.123.300;8,14;64
2018-04-01 14:00:21+00:00;23.949.599.531.500.100;14.162.632.602.306.700;10,65;100
2018-04-01 15:00:21+00:00;2.924.178.926.365.100;12.021.836.117.998.800;7,01;84
2018-04-01 16:00:21+00:00;5.288.240.375.944.130;1.421.687.987.265.750;1,22;11
2018-04-01 17:00:21+00:00;5.240.418.952.225.430;14.284.518.099.052.000;13,01;94
2018-04-01 18:00:21+00:00;40.689.211.362.393.600;14.910.906.044.718.200;50,00;100
2018-04-01 19:00:21+00:00;27.895.412.731.340.700;16.196.749.867.516.500;6,76;100
2018-04-01 20:00:21+00:00;11.760.114.759.108.300;14.536.939.602.414.800;14,80;34
2018-04-01 21:00:21+00:00;44.550.894.339.088.600;14.701.323.820.479.800;9,42;100
2018-04-01 22:00:21+00:00;29.068.802.856.547.300;10.848.439.460.096.700;0,76;100
2018-04-01 23:00:21+00:00;4.528.070.666.551.980;9.804.595.913.136.710;5,74;64
2018-04-02 00:00:21+00:00;4.665.728.320.795.210;12.183.852.818.451.700;12,07;70
2018-04-02 01:00:21+00:00;325.084.282.703.411;14.319.392.535.479.600;0,13;93
2018-04-02 02:00:21+00:00;378.928.019.496.892;14.532.371.596.093.300;10,94;100
2018-04-02 03:00:21+00:00;548.333.641.199.861;7.397.733.427.105.840;7,28;10
2018-04-02 04:00:21+00:00;32.546.569.728.333.800;13.844.911.893.491.300;11,64;18
2018-04-02 05:00:21+00:00;2.717.431.421.133.260;162.567.791.815.169;13,62;100
2018-04-02 06:00:21+00:00;3.859.710.316.747.430;19.006.971.872.274.000;16,46;4
2018-04-02 07:00:21+00:00;31.456.723.254.582.000;1.702.150.899.194.170;13,60;43
2018-04-02 08:00:21+00:00;37.597.442.810.648.800;12.260.014.413.922.000;8,77;100
2018-04-02 09:00:21+00:00;4.930.163.900.099.760;12.118.270.564.940.800;11,48;13
2018-04-02 10:00:21+00:00;2.029.909.080.586.120;14.718.113.798.531.800;12,09;100
2018-04-02 11:00:21+00:00;42.131.563.947.920.300;15.487.552.335.206.500;12,36;9
2018-04-02 12:00:21+00:00;26.544.154.366.088.900;16.250.421.807.689.500;13,22;100
2018-04-02 13:00:21+00:00;30.787.579.523.510.000;14.974.745.286.207.300;10,74;100
2018-04-02 14:00:21+00:00;37.353.440.041.707.500;10.552.797.355.706.300;5,80;63
2018-04-02 15:00:21+00:00;3.537.757.912.356.150;10.148.751.538.210.900;6,85;100
2018-04-02 16:00:21+00:00;1.269.899.122.414.260;1.706.478.150.063.460;14,10;71
2018-04-02 17:00:21+00:00;5.339.205.140.527.520;13.124.151.678.696.500;10,33;100
2018-04-02 18:00:21+00:00;5.100.695.728.458.700;11.174.960.425.842.000;6,76;100
2018-04-02 19:00:21+00:00;3.478.274.159.149.390;1.077.796.938.603.530;5,80;100
2018-04-02 20:00:21+00:00;4.803.528.450.658.470;1.220.781.581.796.530;7,33;17
2018-04-02 21:00:21+00:00;28.921.544.439.981.300;17.391.887.763.842.400;13,56;99
2018-04-02 22:00:21+00:00;2.322.756.937.985.140;12.934.478.017.785.700;13,54;100
2018-04-02 23:00:21+00:00;3.554.994.490.630.730;15.279.278.519.298.600;9,81;100
2018-04-03 00:00:21+00:00;20.263.719.386.575.700;14.373.275.207.555.300;12,92;55
2018-04-03 01:00:21+00:00;43.402.996.087.716.100;13.383.927.534.357.000;7,91;89
2018-04-03 02:00:21+00:00;28.484.165.816.773.400;873.568.742.017.256;8,52;69
2018-04-03 03:00:21+00:00;14.275.892.638.912.100;15.555.394.227.988.700;11,08;100
2018-04-03 04:00:21+00:00;7,44672E+15;11.722.186.081.066.000;9,20;11
2018-04-03 05:00:21+00:00;355.373.322.025.552;95.074.320.583.616;9,01;58
2018-04-03 06:00:21+00:00;4.145.005.477.976.800;9.044.925.046.892.900;7,41;8
2018-04-03 07:00:21+00:00;5.209.649.192.193.260;14.953.514.007.389.100;12,45;3
2018-04-03 08:00:21+00:00;12.579.080.996.541.600;15.480.781.227.034.800;12,58;99
2018-04-03 09:00:21+00:00;5.068.274.864.493.080;7.981.260.875.230.050;10,09;76
2018-04-03 10:00:21+00:00;2.983.062.192.618.640;12.258.139.886.280.500;7,25;100
2018-04-03 11:00:21+00:00;344.140.345.956.528;14.407.581.882.862.800;11,24;71
2018-04-03 12:00:21+00:00;3.547.919.620.633.570;13.900.855.932.941.100;11,14;47
2018-04-03 13:00:21+00:00;3.592.167.642.316.250;1.227.718.101.576.930;8,04;100
2018-04-03 14:00:21+00:00;9.631.105.202.319.030;13.320.983.566.872.300;12,25;67
2018-04-03 15:00:21+00:00;4.379.385.996.300.520;15.821.917.817.960.100;1,18;2
2018-04-03 16:00:21+00:00;458.066.236.899.337;14.585.379.730.359.100;13,30;98
2018-04-03 17:00:21+00:00;4.716.541.299.884.540;15.094.965.637.500.400;1,22;100
2018-04-03 18:00:21+00:00;42.215.279.458.226.000;1.246.527.390.139.750;9,24;100
2018-04-03 19:00:21+00:00;3.414.091.714.690.830;10.438.012.230.471.900;1,18;50
2018-04-03 20:00:21+00:00;16.541.033.624.536.300;14.114.417.056.968.600;7,63;59
2018-04-03 21:00:21+00:00;40.516.596.460.232.800;15.466.646.561.369.700;1,36;11
2018-04-03 22:00:21+00:00;3.670.622.874.881.870;11.880.981.377.905.700;12,30;99
2018-04-03 23:00:21+00:00;35.297.966.259.128.700;14.090.724.361.825.400;8,29;100
2018-04-04 00:00:21+00:00;4.119.526.774.332.370;13.517.981.896.370.200;10,76;12
2018-04-04 01:00:21+00:00;365.918.464.509.145;949.172.078.203.521;8,54;86
2018-04-04 02:00:21+00:00;3.002.894.757.438.950;13.141.972.058.763.100;8,78;100
2018-04-04 03:00:21+00:00;20.292.357.128.156.700;13.947.710.319.067.400;12,29;48
2018-04-04 04:00:21+00:00;359.317.899.191.121;12.397.321.403.158.300;12,77;100
2018-04-04 05:00:21+00:00;5.334.276.857.283.430;16.175.345.598.638.300;14,41;61
2018-04-04 06:00:21+00:00;22.659.982.573.636.700;10.501.541.972.729.700;1,22;51
2018-04-04 07:00:21+00:00;4.630.000.148.575.040;18.744.024.587.214.300;12,88;100
2018-04-04 08:00:21+00:00;4.469.941.662.198.660;13.515.959.914.206.700;10,36;67
2018-04-04 09:00:21+00:00;13.840.585.452.709.400;1.305.949.073.346.140;7,40;98
2018-04-04 10:00:21+00:00;424.516.190.917.246;15.745.414.684.714.700;11,65;38
2018-04-04 11:00:21+00:00;3.723.907.703.310.140;9.896.190.834.032.700;8,94;100
2018-04-04 12:00:21+00:00;3.227.848.753.400.130;19.048.996.121.207.800;1,58;14
2018-04-04 13:00:21+00:00;6.175.310.753.838.820;11.870.065.980.216.100;8,39;97
2018-04-04 14:00:21+00:00;46.736.127.390.315.500;15.677.142.505.107.400;1,23;85
2018-04-04 15:00:21+00:00;23.680.829.084.322.200;13.530.561.468.545.100;6,86;100
2018-04-04 16:00:21+00:00;4.472.693.434.703.470;11.055.422.030.869.400;0,09;100
2018-04-04 17:00:21+00:00;228.389.401.609.147;15.996.018.091.089.300;15,91;81
2018-04-04 18:00:21+00:00;23.852.361.718.862.100;14.808.737.779.451.600;0,88;100
2018-04-04 19:00:21+00:00;3.464.727.114.743.740;20.925.624.608.318.100;16,69;100
2018-04-04 20:00:21+00:00;5.019.394.441.782.370;14.464.565.721.375.000;14,31;100
2018-04-04 21:00:21+00:00;17.145.333.322.930.800;1.198.807.691.393.330;50,00;100
2018-04-04 22:00:21+00:00;30.911.268.452.713.300;9.024.691.554.821.110;6,82;100
2018-04-04 23:00:21+00:00;5.131.868.856.986.070;1.172.039.616.520.080;1,17;98
2018-04-05 00:00:21+00:00;23.271.805.945.029.500;14.146.804.992.676.000;16,51;63
2018-04-05 01:00:21+00:00;3.632.001.280.958.650;12.618.206.488.865.800;10,62;78
2018-04-05 02:00:21+00:00;30.840.977.082.526.900;15.376.706.943.593.800;12,99;100
2018-04-05 03:00:21+00:00;51.533.299.844.501.900;1.440.435.263.914.580;9,18;100
2018-04-05 04:00:21+00:00;4.084.454.154.973.240;10.499.286.819.148.700;9,13;22
2018-04-05 05:00:21+00:00;32.131.511.195.155.900;12.532.271.283.137.700;9,39;92
2018-04-05 06:00:21+00:00;25.693.758.548.636.200;11.425.147.831.196.400;9,82;84
2018-04-05 07:00:21+00:00;62.149.049.471.070.500;14.361.453.053.491.700;1,25;97
2018-04-05 08:00:21+00:00;34.168.081.974.215.500;1.457.104.987.080.110;11,20;100
2018-04-05 09:00:21+00:00;3.324.438.170.652.660;12.066.379.337.778.000;12,25;100
2018-04-05 10:00:21+00:00;4.353.475.975.997.250;954.671.147.792.203;8,73;100
2018-04-05 11:00:21+00:00;4.202.227.127.635.690;20.347.645.432.615.800;14,83;81
2018-04-05 12:00:21+00:00;17.332.691.654.732.200;143.076.180.206.825;8,98;68
2018-04-05 13:00:21+00:00;32.814.312.114.710.000;14.302.005.914.819.200;14,34;72
2018-04-05 14:00:21+00:00;2.365.715.417.184.940;8.977.723.529.837.210;9,41;74
2018-04-05 15:00:21+00:00;27.631.414.913.666.900;15.281.450.706.427.900;12,78;100
2018-04-05 16:00:21+00:00;50.813.813.433.915.300;1.610.561.447.763.180;10,29;94
2018-04-05 17:00:21+00:00;4.998.191.691.448.490;1.434.560.671.154.540;10,88;42
2018-04-05 18:00:21+00:00;4.295.753.372.850.930;13.850.294.611.714.100;12,12;100
2018-04-05 19:00:21+00:00;1.744.771.142.677.670;1.385.541.905.940.160;0,92;58
2018-04-05 20:00:21+00:00;3.880.577.032.670.100;11.370.315.267.658.100;12,86;100
2018-04-05 21:00:21+00:00;2.886.857.038.885.640;11.834.930.691.692.900;7,06;69
2018-04-05 22:00:21+00:00;48.467.374.344.627.300;1.296.690.400.563.270;8,02;10
2018-04-05 23:00:21+00:00;27.281.814.533.975.200;16.192.814.637.530.800;13,40;15
2018-04-06 00:00:21+00:00;24.703.897.683.368.200;14.173.930.970.925.600;13,86;89
2018-04-06 01:00:21+00:00;4.088.873.695.532.950;11.726.394.589.611.500;4,32;50
2018-04-06 02:00:21+00:00;5.170.645.114.652.450;11.955.670.465.426.600;7,87;13
2018-04-06 03:00:21+00:00;5.131.481.180.376.010;8.279.575.239.747.690;11,54;0
2018-04-06 04:00:21+00:00;51.739.257.209.765.000;1.461.638.756.418.260;14,31;39
2018-04-06 05:00:21+00:00;5.249.687.629.275.200;13.016.265.021.673.700;0,87;100
2018-04-06 06:00:21+00:00;5.625.933.626.739.990;13.978.385.050.290.700;14,51;100
2018-04-06 07:00:21+00:00;3.492.475.290.063.150;20.878.517.857.036.600;1,33;14
2018-04-06 08:00:21+00:00;30.301.939.424.886.400;1.243.994.658.852.090;7,82;8
2018-04-06 09:00:21+00:00;24.787.709.345.013.100;14.045.251.247.187.900;1,05;73
2018-04-06 10:00:21+00:00;5.145.058.848.590.840;11.993.664.097.487.400;10,50;14
2018-04-06 11:00:21+00:00;335.110.232.338.349;13.119.403.958.277.300;10,60;100
2018-04-06 12:00:21+00:00;24.861.113.253.932.200;11.163.087.799.958.600;7,62;76
2018-04-06 13:00:21+00:00;4.330.680.818.056.620;10.860.302.255.805.000;3,79;100
2018-04-06 14:00:21+00:00;1.879.178.245.990.850;9.147.077.888.080.610;6,76;100
2018-04-06 15:00:21+00:00;22.790.495.545.109;10.897.323.477.117.700;8,32;100
2018-04-06 16:00:21+00:00;3.810.920.391.016.680;1.409.096.498.652.750;1,03;8
2018-04-06 17:00:21+00:00;4.714.241.820.370.620;12.765.139.976.533.400;12,88;100
2018-04-06 18:00:21+00:00;315.357.544.656.245;12.991.634.070.146.600;9,87;22
2018-04-06 19:00:21+00:00;3.301.828.535.732.670;12.432.759.905.909.600;1,28;95
2018-04-06 20:00:21+00:00;4.546.878.203.570.180;13.898.845.615.507.500;12,13;100
2018-04-06 21:00:21+00:00;4.607.060.587.906.520;13.749.961.543.369.300;12,10;6
2018-04-06 22:00:21+00:00;8.985.075.223.572.250;13.600.384.884.740.500;12,59;100
2018-04-06 23:00:21+00:00;54.843.873.230.253.200;12.734.742.498.491.800;10,92;7
2018-04-07 00:00:21+00:00;30.663.303.647.955.400;15.295.069.458.743.700;1,14;8
2018-04-07 01:00:21+00:00;27.952.907.622.580.900;8.657.107.453.378.680;7,89;66
2018-04-07 02:00:21+00:00;30.305.201.450.609.500;11.671.809.715.187.200;11,07;83
2018-04-07 03:00:21+00:00;188.735.070.564.843;11.589.188.463.609.600;10,29;100
2018-04-07 04:00:21+00:00;675.116.736.503.391;15.092.242.011.842.600;9,11;87
2018-04-07 05:00:21+00:00;1.938.264.663.764.100;12.217.382.606.811.200;11,39;100
2018-04-07 06:00:21+00:00;1.732.912.443.497.890;1.116.383.767.573.720;10,42;96
2018-04-07 07:00:21+00:00;32.041.317.603.811.500;13.944.733.495.095.400;12,85;100
2018-04-07 08:00:21+00:00;17.128.028.566.883.900;15.466.077.840.529.600;11,74;91
2018-04-07 09:00:21+00:00;363.989.628.193.215;15.318.702.401.166.000;10,77;100
2018-04-07 10:00:21+00:00;55.654.995.036.670.700;15.778.640.238.662.700;12,54;90
2018-04-07 11:00:21+00:00;375.536.385.968.692;1.381.331.414.575.340;12,93;92
2018-04-07 12:00:21+00:00;3.961.748.389.552.730;14.206.127.535.178.300;8,47;10
2018-04-07 13:00:21+00:00;3.208.531.902.694.020;12.895.913.869.736.600;10,38;100
2018-04-07 14:00:21+00:00;22.555.787.876.161.600;12.733.582.116.251.300;6,20;100
2018-04-07 15:00:21+00:00;3.276.148.219.084.620;11.162.394.880.278.400;6,10;100
2018-04-07 16:00:21+00:00;4.837.348.064.522.900;1.520.675.478.483.230;14,34;93
2018-04-07 17:00:21+00:00;5.466.455.453.879.260;9.165.946.658.858.550;7,86;100
2018-04-07 18:00:21+00:00;37.356.404.605.716.100;10.353.726.876.389.500;6,04;100
2018-04-07 19:00:21+00:00;4.496.863.365.596.930;18.054.762.831.997.000;15,72;100
2018-04-07 20:00:21+00:00;2.575.678.502.282.440;13.244.220.846.529.200;9,37;51
2018-04-07 21:00:21+00:00;27.550.014.031.875.100;13.864.836.131.987.700;11,93;25
2018-04-07 22:00:21+00:00;16.264.657.485.752.800;10.584.323.102.633.600;9,34;62
2018-04-07 23:00:21+00:00;4.927.239.505.558.840;14.702.888.050.808.800;13,10;96
2018-04-08 00:00:21+00:00;26.853.855.363.487.600;16.859.467.819.566.300;15,29;34
2018-04-08 01:00:21+00:00;17.160.372.691.805.100;17.044.449.454.104.200;13,24;97
2018-04-08 02:00:21+00:00;434.418.090.859.508;984.597.428.782.725;7,42;87
2018-04-08 03:00:21+00:00;51.605.872.895.648.200;16.359.969.749.247.800;15,78;65
2018-04-08 04:00:21+00:00;30.797.644.076.723.500;13.549.974.685.310.800;9,09;100
2018-04-08 05:00:21+00:00;1.535.207.087.806.250;7.394.743.883.596.630;6,94;100
2018-04-08 06:00:21+00:00;3.290.656.853.437.760;9.789.146.238.709.850;6,51;84
2018-04-08 07:00:21+00:00;40.438.877.955.086.700;896.221.646.024.439;7,27;100
2018-04-08 08:00:21+00:00;4.258.778.569.574.090;14.985.221.420.877.300;15,53;75
2018-04-08 09:00:21+00:00;45.673.037.292.161.600;13.071.966.685.997.000;7,99;100
2018-04-08 10:00:21+00:00;371.586.874.196.518;11.945.618.239.940.300;6,69;100
2018-04-08 11:00:21+00:00;3.233.864.161.539.180;13.295.027.682.432.800;13,46;64
2018-04-08 12:00:21+00:00;4.262.216.211.989.580;1.778.611.855.684.280;14,71;26
2018-04-08 13:00:21+00:00;18.915.894.562.348.800;12.810.441.877.441.200;0,88;100
2018-04-08 14:00:21+00:00;2.284.372.033.852.340;14.322.542.441.451.000;1,12;9
2018-04-08 15:00:21+00:00;256.419.088.529.395;1.505.440.669.436.340;11,64;100
2018-04-08 16:00:21+00:00;31.081.970.557.508.600;10.579.599.981.023.400;7,90;21
2018-04-08 17:00:21+00:00;17.317.535.445.297.600;14.894.915.189.236.200;14,62;40
2018-04-08 18:00:21+00:00;47.098.809.333.842.200;1.575.640.704.767.040;10,78;85
2018-04-08 19:00:21+00:00;19.079.625.345.000.200;15.951.249.584.253.600;12,32;38
2018-04-08 20:00:21+00:00;13.077.161.078.176.800;13.170.620.292.011.400;8,38;100
2018-04-08 21:00:21+00:00;4.726.644.922.466.260;1.579.771.125.298.690;12,22;79
2018-04-08 22:00:21+00:00;4.167.390.963.418.150;14.716.246.316.334.000;1,05;93
2018-04-08 23:00:21+00:00;3.471.393.367.138.940;13.689.755.022.837.200;11,58;44
2018-04-09 00:00:21+00:00;4.065.802.395.248.090;15.746.749.536.292.400;1,23;100
2018-04-09 01:00:21+00:00;3.525.254.967.690.860;1.775.678.648.548.580;15,37;42
2018-04-09 02:00:21+00:00;4.954.450.957.656.850;15.765.119.889.132.200;15,30;100
2018-04-09 03:00:21+00:00;25.798.616.959.394.600;13.344.771.428.256.900;0,83;100
2018-04-09 04:00:21+00:00;58.224.850.978.299.600;12.340.687.818.435.300;10,16;100
2018-04-09 05:00:21+00:00;47.166.116.478.839.500;14.804.099.423.646.900;8,67;92
2018-04-09 06:00:21+00:00;27.647.837.843.366.000;13.899.372.528.302.600;11,23;4
2018-04-09 07:00:21+00:00;24.668.080.581.050.400;1.624.856.414.173.840;1,41;5
2018-04-09 08:00:21+00:00;38.351.395.703.593.300;11.219.009.553.646.500;8,32;99
2018-04-09 09:00:21+00:00;20.175.384.280.009.200;16.040.972.123.014.000;13,62;8
2018-04-09 10:00:21+00:00;3.428.168.121.930.570;10.139.135.103.397.900;0,87;100
2018-04-09 11:00:21+00:00;52.942.848.669.015.300;13.100.232.199.373.000;11,65;98
2018-04-09 12:00:21+00:00;3.732.401.572.439.530;14.940.088.372.834.900;9,55;100
2018-04-09 13:00:21+00:00;6.245.493.244.972.550;13.252.508.936.768.500;1,28;95
2018-04-09 14:00:21+00:00;25.280.813.703.208.700;14.589.724.750.814.700;11,03;100
2018-04-09 15:00:21+00:00;3.999.752.901.039.920;16.886.757.531.724.800;10,20;68
2018-04-09 16:00:21+00:00;29.295.715.810.955.100;12.149.071.738.814.000;50,00;14
2018-04-09 17:00:21+00:00;3.426.941.093.389.920;10.119.077.963.626.300;5,58;100
2018-04-09 18:00:21+00:00;43.056.761.704.841.600;10.771.633.638.100.800;7,54;76
2018-04-09 19:00:21+00:00;26.256.687.170.777.500;13.309.766.658.144.900;8,93;100
2018-04-09 20:00:21+00:00;23.318.616.654.259.200;1.654.764.862.696.630;10,18;79
2018-04-09 21:00:21+00:00;29.900.569.346.010.100;12.763.717.120.695.700;6,87;77
2018-04-09 22:00:21+00:00;26.581.183.939.450.900;18.755.459.838.121.900;1,50;100
2018-04-09 23:00:21+00:00;23.872.123.981.577.000;10.440.831.680.914.600;1,12;48
2018-04-10 00:00:21+00:00;5.573.237.336.632.060;9.282.697.731.059.370;7,70;68
2018-04-10 01:00:21+00:00;31.441.614.728.081.600;14.093.597.016.480.400;10,08;96
2018-04-10 02:00:21+00:00;4.672.459.357.295.370;12.150.165.964.786.800;7,60;47
2018-04-10 03:00:21+00:00;45.987.872.348.540.300;11.699.450.620.399.700;6,80;100
2018-04-10 04:00:21+00:00;48.645.488.466.376.500;1.357.672.122.429.690;10,34;71
2018-04-10 05:00:21+00:00;19.662.973.162.094.500;10.535.648.833.623.900;8,03;64
2018-04-10 06:00:21+00:00;30.555.616.037.582.400;14.848.371.733.898.100;12,98;14
2018-04-10 07:00:21+00:00;4.415.180.957.066.320;13.999.380.137.546.800;1,05;86
2018-04-10 08:00:21+00:00;2.803.138.698.573.740;12.656.563.837.956.400;12,90;42
2018-04-10 09:00:21+00:00;5.438.377.136.146.510;14.036.812.299.461.700;0,86;100
2018-04-10 10:00:21+00:00;17.988.956.303.300.100;18.164.365.100.924.400;12,28;100
2018-04-10 11:00:21+00:00;4.628.951.604.379.070;12.928.369.812.532.400;11,16;37
2018-04-10 12:00:21+00:00;30.320.660.138.634.200;12.334.576.511.171.000;0,89;48
2018-04-10 13:00:21+00:00;48.343.559.952.506.500;15.154.725.997.764.900;11,00;43
2018-04-10 14:00:21+00:00;3.964.773.292.896.130;11.915.716.419.658.300;7,97;100
2018-04-10 15:00:21+00:00;24.273.520.173.761.300;14.692.790.843.426.100;8,98;16
2018-04-10 16:00:21+00:00;45.246.801.030.041.600;15.517.802.184.937.200;0,82;23
2018-04-10 17:00:21+00:00;12.088.600.918.025.400;16.920.483.226.296.800;12,19;36
2018-04-10 18:00:21+00:00;31.416.883.178.081.200;1.274.670.232.182.840;7,93;98
2018-04-10 19:00:21+00:00;31.006.207.673.018.800;10.322.672.648.079.900;8,85;9
2018-04-10 20:00:21+00:00;41.334.182.263.326.200;12.901.347.428.443.800;10,21;11
2018-04-10 21:00:21+00:00;10.044.761.560.790.500;13.953.748.990.843.500;9,87;78
2018-04-10 22:00:21+00:00;39.138.295.900.249.600;12.026.911.004.094.800;0,86;100
2018-04-10 23:00:21+00:00;40.195.223.575.363.000;13.845.388.454.672.500;13,26;58
2018-04-11 00:00:21+00:00;23.704.008.036.763.100;17.753.328.070.996.100;12,56;15
2018-04-11 01:00:21+00:00;32.222.309.773.825.900;12.140.246.319.291.300;11,59;6
2018-04-11 02:00:21+00:00;36.789.358.431.294.800;11.563.342.383.119.600;11,96;100
2018-04-11 03:00:21+00:00;4.674.887.533.432.320;15.801.768.571.532.500;13,22;7
2018-04-11 04:00:21+00:00;9.064.284.851.512.250;1.051.914.966.204.020;7,65;9
2018-04-11 05:00:21+00:00;3.481.050.780.968.730;13.556.380.446.010.600;1,04;100
2018-04-11 06:00:21+00:00;4.220.085.662.447.720;12.254.442.210.572.900;11,34;100
2018-04-11 07:00:21+00:00;4.516.174.602.802.230;9.513.986.505.776.670;6,93;100
2018-04-11 08:00:21+00:00;328.981.876.748.885;1.317.863.428.586.030;15,33;4
2018-04-11 09:00:21+00:00;43.503.921.607.667.600;12.002.266.160.057.800;8,02;58
2018-04-11 10:00:21+00:00;3.412.284.649.516.790;14.754.199.748.376.900;13,20;9
2018-04-11 11:00:21+00:00;49.775.983.056.134.100;14.009.993.058.285.000;13,09;100
2018-04-11 12:00:21+00:00;2.470.213.675.193.370;13.950.601.012.101.600;7,88;81
2018-04-11 13:00:21+00:00;2.799.717.452.442.070;11.223.945.051.567.200;9,40;100
2018-04-11 14:00:21+00:00;42.008.595.888.960.500;12.152.969.497.008.400;9,11;100
2018-04-11 15:00:21+00:00;43.579.434.264.211.900;14.134.695.430.617.500;10,67;56
2018-04-11 16:00:21+00:00;4.284.375.539.982.300;11.368.284.779.306.100;11,09;100
2018-04-11 17:00:21+00:00;30.147.436.460.823.400;13.432.049.384.200.800;10,31;78
2018-04-11 18:00:21+00:00;2.997.173.819.216.370;14.373.855.354.919.800;14,37;70
2018-04-11 19:00:21+00:00;3.467.386.779.851.330;1.534.198.184.096.900;0,98;94
2018-04-11 20:00:21+00:00;21.986.283.756.662.000;12.214.033.720.653.300;7,44;100
2018-04-11 21:00:21+00:00;25.490.406.713.542.800;12.574.113.593.386.800;9,44;17
2018-04-11 22:00:21+00:00;5.405.957.737.049.920;14.001.165.721.021.000;9,95;70
2018-04-11 23:00:21+00:00;34.137.598.906.075.700;11.747.669.802.869.700;50,00;71
2018-04-12 00:00:21+00:00;30.193.575.755.817.900;10.169.619.685.066.600;35,41;37
2018-04-12 01:00:21+00:00;278.010.967.748.846;14.382.620.591.977.400;13,59;100
2018-04-12 02:00:21+00:00;3.953.000.293.215.400;12.890.280.905.743.600;11,04;73
2018-04-12 03:00:21+00:00;6.200.074.920.778.870;14.825.111.753.698.500;0,13;100
2018-04-12 04:00:21+00:00;50.825.611.088.080.200;12.136.664.178.605.100;0,82;100
2018-04-12 05:00:21+00:00;18.715.843.439.514.500;13.736.950.474.217.400;12,09;11
2018-04-12 06:00:21+00:00;5.372.084.628.432.260;9.148.345.705.822.380;11,67;71
2018-04-12 07:00:21+00:00;24.296.716.837.733.200;14.999.548.019.461.300;1,32;100
2018-04-12 08:00:21+00:00;27.789.063.862.559.700;12.222.872.986.575.000;9,79;56
2018-04-12 09:00:21+00:00;2.972.384.984.957.190;13.187.312.045.049.300;10,75;100
2018-04-12 10:00:21+00:00;20.679.412.306.419.300;13.154.812.177.917.400;1,30;100
2018-04-12 11:00:21+00:00;5.234.105.478.961.270;12.681.749.146.879.900;7,85;100
2018-04-12 12:00:21+00:00;28.076.155.073.539.700;136.815.938.568.081;10,72;71
2018-04-12 13:00:21+00:00;8.701.887.988.653.680;13.557.770.118.816.100;10,91;82
2018-04-12 14:00:21+00:00;24.504.469.388.398.800;14.056.946.107.468.300;11,99;95
2018-04-12 15:00:21+00:00;3.930.330.572.754.470;10.472.541.827.658.200;6,92;78
2018-04-12 16:00:21+00:00;1.280.239.156.911.980;15.396.829.017.724.500;8,34;57
2018-04-12 17:00:21+00:00;3.912.691.825.980.870;13.224.089.997.529.700;10,70;100
2018-04-12 18:00:21+00:00;2.386.156.534.928.080;14.351.113.853.715.000;16,21;100
2018-04-12 19:00:21+00:00;49.958.571.888.506.000;1.321.196.410.182.230;11,42;100
2018-04-12 20:00:21+00:00;42.412.892.521.763.700;10.940.109.654.635.200;6,42;100
2018-04-12 21:00:21+00:00;341.260.163.722.502;19.666.236.572.930.600;14,74;93
2018-04-12 22:00:21+00:00;15.617.860.962.755.300;13.830.693.795.324.000;10,53;16
2018-04-12 23:00:21+00:00;20.589.323.392.161.200;9.697.338.878.672.870;10,92;100
2018-04-13 00:00:21+00:00;2.824.631.655.562.970;13.301.818.602.988.500;10,38;15
2018-04-13 01:00:21+00:00;3.300.954.892.771.830;12.573.316.488.070.300;12,25;100
2018-04-13 02:00:21+00:00;5.526.892.807.852.190;13.131.451.813.863.800;10,90;100
2018-04-13 03:00:21+00:00;409.330.160.350.646;9.555.723.380.142.780;50,00;15
2018-04-13 04:00:21+00:00;30.625.440.618.998.600;13.597.751.728.322.700;8,87;32
2018-04-13 05:00:21+00:00;552.713.199.768.768;1.140.802.420.282.810;10,72;86
2018-04-13 06:00:21+00:00;3.296.968.694.929.430;17.105.183.581.464.500;12,60;1
2018-04-13 07:00:21+00:00;4.121.719.677.410.580;1.326.584.066.122.210;12,86;13
2018-04-13 08:00:21+00:00;54.732.846.641.640.000;15.269.175.413.198.900;12,27;100
2018-04-13 09:00:21+00:00;4.386.400.253.509.370;15.669.985.064.875.000;1,23;100
2018-04-13 10:00:21+00:00;4.078.194.310.364.280;14.608.118.876.441.500;10,21;100
2018-04-13 11:00:21+00:00;4.283.319.560.497.580;13.918.991.379.609.400;10,20;94
2018-04-13 12:00:21+00:00;33.655.289.824.506.800;1.618.838.851.920.330;12,03;100
2018-04-13 13:00:21+00:00;3.669.089.638.440.580;12.016.857.686.406.000;0,97;62
2018-04-13 14:00:21+00:00;14.560.288.488.579.600;15.340.617.056.571.700;15,44;100
2018-04-13 15:00:21+00:00;2.689.189.057.605.840;12.516.777.495.164.500;7,13;76
2018-04-13 16:00:21+00:00;3.484.606.003.504.670;13.746.178.504.287.200;11,26;100
2018-04-13 17:00:21+00:00;42.658.680.606.908.200;10.589.524.520.540.600;12,02;100
2018-04-13 18:00:21+00:00;31.267.715.130.967.900;1.036.179.611.775.280;50,00;16
2018-04-13 19:00:21+00:00;6.619.385.379.211.460;13.341.443.596.118.100;9,84;100
2018-04-13 20:00:21+00:00;445.714.193.935.432;16.125.223.245.338.200;14,62;56
2018-04-13 21:00:21+00:00;3.891.256.368.026.700;13.033.275.952.010.300;0,80;100
2018-04-13 22:00:21+00:00;15.430.268.287.749.000;17.624.672.358.043.700;17,13;68
2018-04-13 23:00:21+00:00;3.443.442.270.428.030;14.489.340.233.670.700;0,14;100
2018-04-14 00:00:21+00:00;4.225.486.960.605.350;13.116.830.547.048.300;11,03;100
2018-04-14 01:00:21+00:00;3.292.338.121.218.960;17.119.217.758.499.800;7,78;100
2018-04-14 02:00:21+00:00;325.782.430.320.019;16.700.695.388.838.900;12,40;100
2018-04-14 03:00:21+00:00;34.864.099.336.545.200;1.022.136.159.535.030;1,02;43
2018-04-14 04:00:21+00:00;26.599.351.681.795.400;1.343.245.262.718.110;10,01;90
2018-04-14 05:00:21+00:00;1.906.489.875.496.670;1.476.996.833.572.220;11,83;100
2018-04-14 06:00:21+00:00;62.798.761.902.787.000;15.273.564.623.071;16,27;98
2018-04-14 07:00:21+00:00;22.136.553.145.351.500;15.002.448.275.802.000;12,64;20
2018-04-14 08:00:21+00:00;29.735.644.031.267.300;1.312.520.040.545.090;10,97;77
2018-04-14 09:00:21+00:00;39.101.021.436.004.000;12.771.699.141.895.500;9,46;15
2018-04-14 10:00:21+00:00;9.358.174.072.033.030;13.270.002.101.520.100;1,38;9
2018-04-14 11:00:21+00:00;5.615.427.091.602.750;11.706.453.897.242.400;11,42;63
2018-04-14 12:00:21+00:00;51.842.030.902.200.100;10.215.010.184.752.900;7,22;84
2018-04-14 13:00:21+00:00;15.821.847.885.753.000;14.780.366.434.188.600;10,38;1
2018-04-14 14:00:21+00:00;30.862.596.443.945.800;149.224.563.028.237;10,31;100
2018-04-14 15:00:21+00:00;4.608.392.039.149.530;17.785.783.665.584.500;1,33;100
2018-04-14 16:00:21+00:00;3.583.919.830.336.180;12.092.229.198.525.400;8,12;100
2018-04-14 17:00:21+00:00;4.798.795.569.447.110;14.412.375.717.710.100;1,18;13
2018-04-14 18:00:21+00:00;5.533.937.167.608.820;12.908.021.537.432.700;12,02;100
2018-04-14 19:00:21+00:00;2.508.858.569.415.370;13.171.464.669.662.500;8,95;100
2018-04-14 20:00:21+00:00;4.214.610.888.667.980;11.993.028.543.937.300;8,19;71
2018-04-14 21:00:21+00:00;20.109.634.999.656.600;13.641.770.881.635.600;9,70;36
2018-04-14 22:00:21+00:00;2.826.949.666.670.130;16.883.347.674.601.100;14,17;72
2018-04-14 23:00:21+00:00;3.685.851.874.281.470;12.479.132.271.249.300;7,96;100
2018-04-15 00:00:21+00:00;37.034.977.269.342.800;14.508.034.101.184.500;8,64;10
2018-04-15 01:00:21+00:00;2.526.709.351.275.500;1.207.898.578.647.910;9,18;56
2018-04-15 02:00:21+00:00;4.460.304.691.870.790;9.975.323.536.578.530;8,13;71
2018-04-15 03:00:21+00:00;16.924.244.491.774.800;13.146.789.774.394.800;10,25;100
2018-04-15 04:00:21+00:00;22.426.275.131.488.900;18.168.630.260.258.900;1,43;68
2018-04-15 05:00:21+00:00;5.006.377.172.083.300;11.546.521.672.209.700;10,91;100
2018-04-15 06:00:21+00:00;26.275.701.476.957.800;11.180.308.320.744.500;11,30;100
2018-04-15 07:00:21+00:00;3.987.983.752.496.800;11.400.979.077.696.600;0,90;100
2018-04-15 08:00:21+00:00;5.471.277.475.384.660;1.790.911.650.814.340;1,46;100
2018-04-15 09:00:21+00:00;34.250.715.044.940.200;16.206.734.378.138.700;1,66;11
2018-04-15 10:00:21+00:00;52.130.571.292.420.400;15.062.484.705.843.600;11,55;70
2018-04-15 11:00:21+00:00;1.691.518.273.395.380;16.810.662.673.245.000;12,61;100
2018-04-15 12:00:21+00:00;2.712.959.900.372.550;15.724.613.793.663.700;0,99;100
2018-04-15 13:00:21+00:00;38.487.938.375.701.400;13.262.490.662.533.200;11,97;100
2018-04-15 14:00:21+00:00;2.279.775.887.951.880;12.433.074.747.335.400;0,71;51
2018-04-15 15:00:21+00:00;28.635.632.898.979.100;1.602.066.588.573.780;11,55;100
2018-04-15 16:00:21+00:00;3.729.582.855.412.250;13.795.525.201.786.300;9,01;100
2018-04-15 17:00:21+00:00;3.858.933.438.616.350;11.301.054.477.976.600;6,47;100
2018-04-15 18:00:21+00:00;31.039.738.493.520.600;1.479.652.064.400.440;14,86;58
2018-04-15 19:00:21+00:00;12.432.792.971.853.800;1.275.006.344.132.100;10,47;68
2018-04-15 20:00:21+00:00;2.620.495.814.549.030;16.219.657.285.400.900;9,79;100
2018-04-15 21:00:21+00:00;185.609.916.542.419;1.117.735.002.994.000;9,57;94
2018-04-15 22:00:21+00:00;34.038.839.823.811.900;14.903.221.083.231.500;13,94;100
2018-04-15 23:00:21+00:00;3.488.023.675.251.820;13.913.668.501.590.500;12,07;95
2018-04-16 00:00:21+00:00;3.375.702.455.180.910;13.968.427.770.911.100;13,44;46
2018-04-16 01:00:21+00:00;23.218.843.669.295.200;14.199.641.665.005.000;12,49;85
2018-04-16 02:00:21+00:00;14.337.252.800.747.900;13.058.888.622.966.200;12,02;100
2018-04-16 03:00:21+00:00;5.334.666.051.376.970;14.741.301.841.375.100;11,60;100
2018-04-16 04:00:21+00:00;3.553.105.033.229.960;1.420.732.488.661.140;14,38;78
2018-04-16 05:00:21+00:00;31.440.694.003.409.500;13.804.630.601.966.600;12,67;100
2018-04-16 06:00:21+00:00;3.352.434.617.452.510;16.451.881.151.084.500;13,72;56
2018-04-16 07:00:21+00:00;19.701.620.026.611.300;1.026.638.559.910.840;0,65;100
2018-04-16 08:00:21+00:00;5.146.651.590.401.890;14.948.472.421.913.000;14,07;51
2018-04-16 09:00:21+00:00;26.196.549.528.265.800;14.061.411.191.016.600;13,63;8
2018-04-16 10:00:21+00:00;33.623.947.209.055.700;14.742.525.526.564.500;1,61;100
2018-04-16 11:00:21+00:00;4.118.570.436.861.620;14.986.593.329.182.000;11,89;59
2018-04-16 12:00:21+00:00;4.409.198.653.393.590;15.126.024.271.045.700;1,29;100
2018-04-16 13:00:21+00:00;356.266.177.086.244;12.590.916.614.901.000;10,85;17
2018-04-16 14:00:21+00:00;23.001.285.789.721.800;11.943.990.446.844.300;0,57;13
2018-04-16 15:00:21+00:00;4.275.438.658.024.280;14.669.553.105.759.100;1,35;68
2018-04-16 16:00:21+00:00;44.997.285.322.601.500;17.104.737.980.555.900;14,65;60
2018-04-16 17:00:21+00:00;5.075.792.769.304.930;1.302.327.458.073.620;9,54;83
2018-04-16 18:00:21+00:00;4.348.194.752.959.030;11.068.514.348.175.500;7,23;100
2018-04-16 19:00:21+00:00;6.159.091.575.206.980;15.443.087.095.812.600;10,08;65
2018-04-16 20:00:21+00:00;3.826.856.206.480.020;1.150.222.201.198.550;10,48;72
2018-04-16 21:00:21+00:00;37.806.885.669.736.500;14.284.056.044.273.300;10,07;100
2018-04-16 22:00:21+00:00;5.225.498.812.107.280;11.094.607.824.360.000;0,99;92
2018-04-16 23:00:21+00:00;5.644.277.526.828.840;12.825.892.579.392.500;10,11;15
2018-04-17 00:00:21+00:00;53.330.158.495.605;13.495.645.438.368.900;11,36;100
2018-04-17 01:00:21+00:00;34.816.501.849.098.100;12.806.835.874.892.300;12,89;8
2018-04-17 02:00:21+00:00;4.509.428.583.025.970;14.091.274.037.414.400;12,33;83
2018-04-17 03:00:21+00:00;48.839.985.110.921.300;14.301.475.396.146.000;12,32;100
2018-04-17 04:00:21+00:00;3.683.874.101.210.460;12.286.065.068.082.900;8,76;10
2018-04-17 05:00:21+00:00;25.237.330.925.738.000;12.190.258.454.330.800;10,77;97
2018-04-17 06:00:21+00:00;21.498.273.592.371.700;1.658.962.124.192.540;13,22;29
2018-04-17 07:00:21+00:00;4.060.632.233.615.600;12.949.436.496.245.400;0,78;13
2018-04-17 08:00:21+00:00;4.648.122.450.459.590;14.243.593.472.475.100;11,08;89
2018-04-17 09:00:21+00:00;3.102.611.941.237.010;10.196.970.208.991.400;10,60;66
2018-04-17 10:00:21+00:00;24.023.018.234.084.300;17.883.170.642.854.000;1,25;14
2018-04-17 11:00:21+00:00;28.517.914.545.441.100;14.632.994.418.118.000;12,41;100
2018-04-17 12:00:21+00:00;3.943.677.731.007.810;8.616.111.634.283.410;6,69;99
2018-04-17 13:00:21+00:00;4.650.622.190.540.780;1.107.171.113.147.950;8,90;100
2018-04-17 14:00:21+00:00;410.231.535.822.987;11.779.269.938.517.100;9,03;93
2018-04-17 15:00:21+00:00;339.805.202.755.302;17.673.844.285.630.500;14,69;100
2018-04-17 16:00:21+00:00;5.088.512.400.906.030;19.649.340.085.956.400;13,69;100
2018-04-17 17:00:21+00:00;6.987.460.791.242.390;14.814.780.899.292.700;12,97;100
2018-04-17 18:00:21+00:00;34.643.483.408.311.800;1.618.354.142.836.520;1,21;4
2018-04-17 19:00:21+00:00;5.490.560.927.430.160;16.554.121.891.466.700;13,61;61
2018-04-17 20:00:21+00:00;2.783.302.497.261.020;10.853.634.928.359.300;9,16;29
2018-04-17 21:00:21+00:00;5.024.892.949.203.010;133.486.673.543.843;11,20;79
2018-04-17 22:00:21+00:00;2.511.894.497.334.900;13.312.716.988.563.300;10,19;100
2018-04-17 23:00:21+00:00;2.968.509.811.668.920;16.878.523.594.700.200;11,00;17
2018-04-18 00:00:21+00:00;330.047.658.356.286;1.861.157.168.801.390;13,80;10
2018-04-18 01:00:21+00:00;8.809.816.531.431.270;18.902.514.472.235.000;14,41;55
2018-04-18 02:00:21+00:00;11.757.545.049.344.500;14.735.493.776.165.100;8,34;83
2018-04-18 03:00:21+00:00;24.298.355.537.570.900;14.462.508.924.701.200;10,50;91
2018-04-18 04:00:21+00:00;5.292.014.323.258.710;12.449.181.797.132.300;12,17;94
2018-04-18 05:00:21+00:00;32.434.896.719.598.400;1.367.023.073.256.970;0,01;100
2018-04-18 06:00:21+00:00;46.229.522.459.339.200;16.111.152.051.725.400;14,41;100
2018-04-18 07:00:21+00:00;13.588.723.900.726.800;15.837.620.447.899.500;11,58;100
2018-04-18 08:00:21+00:00;3.962.432.506.508.390;14.862.177.101.404.000;10,72;94
2018-04-18 09:00:21+00:00;42.002.976.243.794.900;11.477.228.901.055.000;8,80;14
2018-04-18 10:00:21+00:00;21.398.013.466.239.300;18.221.800.361.002.000;15,20;2
2018-04-18 11:00:21+00:00;5.891.435.004.295.210;14.671.472.852.857.200;10,86;84
2018-04-18 12:00:21+00:00;19.284.953.003.820.700;14.012.707.615.211.900;10,16;54
2018-04-18 13:00:21+00:00;3.157.683.407.785.680;15.705.497.254.948.200;15,33;86
2018-04-18 14:00:21+00:00;6.758.015.270.282.890;11.979.985.412.266.200;9,83;100
2018-04-18 15:00:21+00:00;2.409.599.008.230.620;11.746.374.589.810.600;6,60;15
2018-04-18 16:00:21+00:00;27.964.506.108.185.500;12.634.090.050.550.400;0,59;100
2018-04-18 17:00:21+00:00;3.852.403.439.260.600;1.107.684.801.584.500;11,75;100
2018-04-18 18:00:21+00:00;1.845.972.634.219.180;13.809.163.379.715.400;12,89;100
2018-04-18 19:00:21+00:00;4.413.937.633.880.910;8.588.639.220.423.710;7,23;43
2018-04-18 20:00:21+00:00;13.240.506.169.405.500;12.365.772.456.113.500;10,18;100
2018-04-18 21:00:21+00:00;3.747.772.773.093.910;8.750.553.104.915.680;50,00;4
2018-04-18 22:00:21+00:00;54.310.035.830.697.500;12.899.619.099.505.700;1,05;26
2018-04-18 23:00:21+00:00;43.957.417.396.458.500;13.006.120.281.619.500;10,83;73
2018-04-19 00:00:21+00:00;3.389.354.214.047.690;16.369.052.900.814.200;15,18;100
2018-04-19 01:00:21+00:00;31.162.609.270.985.300;14.220.644.234.481.200;13,27;35
2018-04-19 02:00:21+00:00;352.243.368.432.944;11.639.476.850.742.200;9,71;100
2018-04-19 03:00:21+00:00;32.256.627.307.839.200;12.585.637.244.797.700;10,50;100
2018-04-19 04:00:21+00:00;3.925.597.895.600.550;16.999.570.304.621.500;15,28;76
2018-04-19 05:00:21+00:00;4.486.125.415.510.610;1.088.156.130.570.180;9,87;1
2018-04-19 06:00:21+00:00;35.317.286.607.981.200;1.871.100.878.474.150;14,80;11
2018-04-19 07:00:21+00:00;44.113.704.171.158.500;14.545.145.095.485.600;50,00;19
2018-04-19 08:00:21+00:00;4.338.690.983.100.010;1.038.083.316.838.100;9,69;100
2018-04-19 09:00:21+00:00;20.620.810.409.708.200;11.011.072.893.345.600;11,04;72
2018-04-19 10:00:21+00:00;4.874.207.048.176.250;155.426.707.064.271;11,91;100
2018-04-19 11:00:21+00:00;37.044.498.525.209.000;15.316.257.696.425.700;10,03;100
2018-04-19 12:00:21+00:00;29.378.441.148.515.200;14.568.443.569.403.200;13,53;100
2018-04-19 13:00:21+00:00;38.037.944.646.192.600;1.380.552.996.871.250;12,95;100
2018-04-19 14:00:21+00:00;5.704.293.469.280.850;13.272.405.565.899.500;8,91;94
2018-04-19 15:00:21+00:00;3.288.195.110.921.590;11.635.009.345.970.300;10,26;34
2018-04-19 16:00:21+00:00;3.915.336.507.529.650;14.467.815.015.687.300;10,66;69
2018-04-19 17:00:21+00:00;2.317.074.019.963.410;17.450.119.046.353.400;14,65;7
2018-04-19 18:00:21+00:00;418.755.632.652.916;13.451.395.427.675.700;13,55;88
2018-04-19 19:00:21+00:00;2.530.668.968.457.880;14.161.552.271.213.900;12,27;73
2018-04-19 20:00:21+00:00;47.362.347.089.359.600;1.601.444.755.150.780;11,56;97
2018-04-19 21:00:21+00:00;37.632.435.716.869.900;12.261.133.265.195.100;8,73;100
2018-04-19 22:00:21+00:00;33.291.579.923.249.100;14.524.486.102.729.600;15,58;100
2018-04-19 23:00:21+00:00;1.383.021.633.615.860;15.465.236.951.934.800;14,93;100
2018-04-20 00:00:21+00:00;18.704.878.148.546.400;11.743.807.946.884.600;8,52;100
2018-04-20 01:00:21+00:00;4.423.544.818.853.900;10.374.312.018.100.500;0,01;100
2018-04-20 02:00:21+00:00;5.065.355.542.124.590;1.297.565.702.810.300;9,69;44
2018-04-20 03:00:21+00:00;37.814.918.008.384.200;15.599.629.911.692.600;12,86;100
2018-04-20 04:00:21+00:00;3.406.661.941.590.340;99.620.707.335.651;9,55;68
2018-04-20 05:00:21+00:00;35.938.778.907.194.100;14.112.624.534.414.300;12,33;10
2018-04-20 06:00:21+00:00;3.390.372.995.586.070;13.074.025.233.341.700;11,86;97
2018-04-20 07:00:21+00:00;2.677.576.783.039.240;12.982.489.523.617.900;8,98;100
2018-04-20 08:00:21+00:00;17.979.459.706.122.000;14.256.627.282.489.600;11,64;96
2018-04-20 09:00:21+00:00;20.041.878.462.460.600;9.410.335.480.313.360;9,23;100
2018-04-20 10:00:21+00:00;25.609.506.924.422.900;1.641.460.716.083.930;1,62;100
2018-04-20 11:00:21+00:00;37.603.339.568.802.900;11.363.797.054.780.300;4,80;65
2018-04-20 12:00:21+00:00;18.206.500.755.667.200;14.405.911.429.801.100;12,45;100
2018-04-20 13:00:21+00:00;3.393.690.887.274.760;15.229.642.528.891.900;0,15;86
2018-04-20 14:00:21+00:00;24.530.050.679.274.800;17.069.547.721.658.800;9,64;45
2018-04-20 15:00:21+00:00;14.209.055.713.326.800;13.441.627.670.006.400;13,49;98
2018-04-20 16:00:21+00:00;2.875.793.208.766.830;9.978.110.476.967.280;12,40;100
2018-04-20 17:00:21+00:00;401.274.601.971.641;9.665.652.815.195.470;0,81;83
2018-04-20 18:00:21+00:00;26.247.790.943.036.000;16.617.679.886.612.600;14,38;100
2018-04-20 19:00:21+00:00;54.997.384.422.053.200;12.168.215.546.613.100;7,80;32
2018-04-20 20:00:21+00:00;43.899.575.510.129.500;1.260.879.414.121.580;14,18;11
2018-04-20 21:00:21+00:00;5.014.007.769.481.320;10.786.418.914.530.600;9,20;7
2018-04-20 22:00:21+00:00;7.566.683.394.833.070;1.259.164.035.080.780;4,96;11
2018-04-20 23:00:21+00:00;26.544.503.928.169.000;17.755.701.158.764.900;16,14;100
2018-04-21 00:00:21+00:00;1.718.880.222.155.920;13.604.068.915.659.000;9,07;100
2018-04-21 01:00:21+00:00;2.629.920.954.028.210;11.565.269.299.464.300;8,24;100
2018-04-21 02:00:21+00:00;353.870.284.678.822;16.069.654.965.396.800;13,43;100
2018-04-21 03:00:21+00:00;429.923.453.050.549;7.477.569.914.945.900;50,00;38
2018-04-21 04:00:21+00:00;37.936.051.778.508.800;13.501.699.299.232.600;11,47;8
2018-04-21 05:00:21+00:00;30.179.249.755.273.200;12.661.283.353.780.700;11,02;100
2018-04-21 06:00:21+00:00;41.109.510.235.338.900;12.856.961.445.704.600;12,98;100
2018-04-21 07:00:21+00:00;5.155.693.512.114.740;1.003.800.493.731.850;5,32;99
2018-04-21 08:00:21+00:00;2.606.970.434.086.530;13.169.333.644.980.600;11,61;98
2018-04-21 09:00:21+00:00;24.045.429.718.968.300;125.556.852.906.141;1,04;63
2018-04-21 10:00:21+00:00;6.160.975.318.588.580;11.205.422.327.679.900;0,09;78
2018-04-21 11:00:21+00:00;21.548.192.110.202.300;12.547.682.913.936.000;7,52;7
2018-04-21 12:00:21+00:00;4.826.981.371.973.520;882.444.784.062.551;0,79;100
2018-04-21 13:00:21+00:00;3.092.805.056.204.190;18.804.055.857.985.300;13,14;100
2018-04-21 14:00:21+00:00;5.788.905.470.307.150;5.211.064.531.146.270;7,94;100
2018-04-21 15:00:21+00:00;3.199.647.756.844.200;13.165.786.984.254.600;10,15;61
2018-04-21 16:00:21+00:00;4.080.106.046.400.670;1.312.344.086.963.840;11,68;100
2018-04-21 17:00:21+00:00;19.306.901.201.988.500;12.144.366.259.517.200;8,27;100
2018-04-21 18:00:21+00:00;27.112.719.431.114.600;1.294.592.205.137.720;6,65;87
2018-04-21 19:00:21+00:00;380.894.744.948.281;15.066.609.447.963.200;12,00;3
2018-04-21 20:00:21+00:00;2.825.200.145.736.740;1.047.395.377.762.440;0,11;75
2018-04-21 21:00:21+00:00;2.082.860.591.703.420;9.218.707.934.203.660;0,59;32
2018-04-21 22:00:21+00:00;632.475.928.809.597;12.231.925.765.474.900;7,05;11
2018-04-21 23:00:21+00:00;3.793.662.703.022.920;692.695.333.829.709;23,38;100
2018-04-22 00:00:21+00:00;510.649.164.685.916;11.399.651.635.668.000;7,69;100
2018-04-22 01:00:21+00:00;604.719.228.408.205;12.213.761.744.392.100;9,82;70
2018-04-22 02:00:21+00:00;28.779.973.627.665.400;1.374.765.318.590.550;10,06;58
2018-04-22 03:00:21+00:00;3.321.116.217.779.650;16.657.668.813.964.800;13,83;93
2018-04-22 04:00:21+00:00;3.625.040.401.938.800;14.247.538.155.844.900;11,61;6
2018-04-22 05:00:21+00:00;41.251.178.334.184.500;14.357.712.248.065.200;13,48;4
2018-04-22 06:00:21+00:00;5.054.930.004.203.950;1.176.286.779.101.350;9,14;10
2018-04-22 07:00:21+00:00;4.863.363.314.504.670;12.043.848.379.615.200;1,09;94
2018-04-22 08:00:21+00:00;4.533.005.942.615.430;12.101.244.399.012.600;9,76;100
2018-04-22 09:00:21+00:00;31.569.535.400.813.500;13.214.106.298.701.600;10,93;57
2018-04-22 10:00:21+00:00;35.883.061.979.986.500;1.244.984.068.999.780;10,30;54
2018-04-22 11:00:21+00:00;19.211.041.109.397.200;14.306.918.574.847.500;0,94;46
2018-04-22 12:00:21+00:00;4.406.967.253.748.150;15.027.303.498.275.200;11,85;55
2018-04-22 13:00:21+00:00;6.387.826.963.440.820;166.281.861.188.914;12,04;100
2018-04-22 14:00:21+00:00;3.864.269.418.140.660;1.419.377.260.177.780;9,69;47
2018-04-22 15:00:21+00:00;53.112.654.595.026.300;14.308.250.303.733.300;1,22;100
2018-04-22 16:00:21+00:00;4.515.380.229.208.490;16.334.525.284.626.800;14,05;100
2018-04-22 17:00:21+00:00;27.886.564.439.951.100;15.273.321.554.331.200;10,96;95
2018-04-22 18:00:21+00:00;2.458.433.873.935.870;12.653.801.463.475.700;11,52;100
2018-04-22 19:00:21+00:00;2.200.981.960.869.950;1.099.494.756.580.740;0,79;100
2018-04-22 20:00:21+00:00;3.756.647.180.638.490;12.362.956.996.274.500;11,68;14
2018-04-22 21:00:21+00:00;43.477.718.697.299.500;11.516.419.292.767.100;13,59;100
2018-04-22 22:00:21+00:00;432.284.274.859.399;13.811.838.810.096.200;12,01;82
2018-04-22 23:00:21+00:00;2.054.780.491.903.220;14.710.369.095.623.200;11,55;42
2018-04-23 00:00:21+00:00;5.172.516.230.791.870;12.539.486.924.264.900;0,87;100
2018-04-23 01:00:21+00:00;28.820.841.953.926.800;12.635.995.402.166.600;10,51;93
2018-04-23 02:00:21+00:00;39.702.787.919.564.400;7.093.905.642.535.690;37,20;100
2018-04-23 03:00:21+00:00;27.889.365.658.726.200;12.142.822.467.834.700;9,24;74
2018-04-23 04:00:21+00:00;17.378.029.503.527.600;2.113.563.392.130.740;15,12;95
2018-04-23 05:00:21+00:00;18.342.064.206.617.900;1.624.769.463.179.860;14,68;82
2018-04-23 06:00:21+00:00;4.335.748.113.965.810;1.675.429.622.069.930;12,34;100
2018-04-23 07:00:21+00:00;34.947.508.226.438.900;14.704.829.921.177.500;11,70;100
2018-04-23 08:00:21+00:00;20.584.325.879.716.800;15.774.045.555.018.100;9,18;17
2018-04-23 09:00:21+00:00;27.948.810.651.834.400;12.689.746.227.382.300;9,47;100
2018-04-23 10:00:21+00:00;5.455.048.476.987.550;11.553.114.795.440.600;8,50;8
2018-04-23 11:00:21+00:00;4.539.208.073.914.640;17.132.318.829.527.200;11,87;4
2018-04-23 12:00:21+00:00;4.446.583.249.647.230;10.876.550.179.649.600;8,11;100
2018-04-23 13:00:21+00:00;62.072.915.760.785.400;14.714.891.720.975.100;6,79;100
2018-04-23 14:00:21+00:00;53.050.627.304.029.800;17.849.114.341.383.600;1,20;100
2018-04-23 15:00:21+00:00;35.079.665.081.250.000;15.870.007.662.552.600;9,35;67
2018-04-23 16:00:21+00:00;28.862.155.442.885.800;12.900.912.656.637.600;1,18;100
2018-04-23 17:00:21+00:00;6.738.407.319.192.010;16.625.951.766.494.300;13,25;100
2018-04-23 18:00:21+00:00;5.076.982.191.231.500;14.050.963.465.749.700;6,09;100
2018-04-23 19:00:21+00:00;28.713.205.640.033.400;13.200.506.813.166.200;12,54;77
2018-04-23 20:00:21+00:00;1.780.649.337.159.190;15.321.880.910.408.800;13,11;53
2018-04-23 21:00:21+00:00;7.671.851.475.747.530;11.388.369.995.382.700;8,90;100
2018-04-23 22:00:21+00:00;20.584.765.396.365.400;10.031.821.319.902.800;8,71;100
2018-04-23 23:00:21+00:00;29.627.377.555.555.700;1.295.674.039.792.510;1,01;8
2018-04-24 00:00:21+00:00;5.331.813.845.398.960;11.939.965.961.711.600;8,84;26
2018-04-24 01:00:21+00:00;4.962.845.998.869.530;9.992.328.897.860.600;8,16;100
2018-04-24 02:00:21+00:00;38.959.134.781.634.300;13.601.384.797.466.800;11,00;100
2018-04-24 03:00:21+00:00;4.395.283.661.180.770;12.211.424.236.348.300;8,14;100
2018-04-24 04:00:21+00:00;26.485.744.277.587.200;11.213.917.253.679.900;1,05;32
2018-04-24 05:00:21+00:00;18.844.167.317.203.800;13.485.441.430.920.200;9,20;100
2018-04-24 06:00:21+00:00;3.351.817.048.311.610;11.225.420.846.716.300;8,37;100
2018-04-24 07:00:21+00:00;4.706.229.256.309.700;16.341.069.071.954.800;14,77;100
2018-04-24 08:00:21+00:00;3.440.844.953.903.170;17.842.457.967.873.700;16,44;78
2018-04-24 09:00:21+00:00;439.477.647.268.941;15.227.180.781.586.900;14,07;90
2018-04-24 10:00:21+00:00;3.644.025.360.141.040;12.487.899.647.984.500;50,00;83
2018-04-24 11:00:21+00:00;18.553.661.870.043.400;14.519.518.643.243.200;11,24;100
2018-04-24 12:00:21+00:00;3.988.724.660.261.830;11.901.911.260.104.300;7,20;83
2018-04-24 13:00:21+00:00;29.994.580.252.994.800;15.141.701.653.307.800;10,02;100
2018-04-24 14:00:21+00:00;4.872.790.594.892.930;15.276.650.281.585.200;10,94;51
2018-04-24 15:00:21+00:00;14.573.382.083.871.400;15.434.034.693.294.300;11,77;94
2018-04-24 16:00:21+00:00;55.514.595.495.107.600;12.630.517.621.725.200;8,99;100
2018-04-24 17:00:21+00:00;19.102.763.331.923.300;15.241.074.413.763.000;6,91;100
2018-04-24 18:00:21+00:00;31.456.893.798.671.700;14.717.651.798.245.700;12,29;22
2018-04-24 19:00:21+00:00;1.631.032.546.025.060;14.164.656.563.397.100;11,15;100
2018-04-24 20:00:21+00:00;4.844.536.270.566.640;13.743.229.136.017.200;13,46;100
2018-04-24 21:00:21+00:00;22.339.319.646.404.400;10.924.301.118.799.600;8,56;26
2018-04-24 22:00:21+00:00;28.193.036.849.558.200;14.535.205.915.656.500;7,85;69
2018-04-24 23:00:21+00:00;49.117.765.918.420.800;128.448.323.535.202;7,55;100
2018-04-25 00:00:21+00:00;3.029.115.482.957.760;1.041.244.445.537.710;4,93;5
2018-04-25 01:00:21+00:00;3.524.877.370.354.310;11.810.892.883.917.900;8,91;77
2018-04-25 02:00:21+00:00;4.261.059.947.494.230;14.571.204.601.258.300;14,83;100
2018-04-25 03:00:21+00:00;4.052.743.380.063.660;12.355.209.126.638.300;10,88;100
2018-04-25 04:00:21+00:00;38.848.477.298.593.500;1.213.530.769.581.880;9,99;87
2018-04-25 05:00:21+00:00;30.100.001.800.524.100;8.480.790.526.687.520;4,59;100
2018-04-25 06:00:21+00:00;29.466.583.283.139.200;16.172.140.327.357.100;13,79;23
2018-04-25 07:00:21+00:00;4.219.410.375.432.100;10.850.321.967.887.300;8,10;57
2018-04-25 08:00:21+00:00;3.183.589.241.828.700;13.669.705.568.848.200;11,47;83
2018-04-25 09:00:21+00:00;392.717.464.518.132;12.386.492.052.383.800;10,94;68
2018-04-25 10:00:21+00:00;10.733.084.010.977.300;14.169.036.870.654.500;10,40;61
2018-04-25 11:00:21+00:00;3.496.500.004.402.450;1.412.787.077.367.730;11,87;100
2018-04-25 12:00:21+00:00;42.576.694.114.104.200;1.302.839.205.321.790;14,12;46
2018-04-25 13:00:21+00:00;437.639.142.864.654;14.201.900.319.397.200;13,88;100
2018-04-25 14:00:21+00:00;3.285.214.703.447.370;13.571.527.237.116.700;12,67;40
2018-04-25 15:00:21+00:00;40.970.555.096.117.000;10.194.791.903.423.500;1,29;100
2018-04-25 16:00:21+00:00;26.661.371.918.239.700;16.452.246.302.534.700;1,71;100
2018-04-25 17:00:21+00:00;52.167.774.658.606.800;17.211.637.675.506.700;16,81;100
2018-04-25 18:00:21+00:00;3.205.065.745.195.300;11.390.216.134.953.000;7,03;100
2018-04-25 19:00:21+00:00;5.337.116.377.951.130;9.768.765.551.999.190;0,54;100
2018-04-25 20:00:21+00:00;3.293.223.731.210.170;16.564.628.920.538.500;10,72;40
2018-04-25 21:00:21+00:00;2.171.714.573.398.220;10.923.777.541.982.600;10,45;100
2018-04-25 22:00:21+00:00;3.131.399.797.219.620;16.665.228.769.691.800;14,84;100
2018-04-25 23:00:21+00:00;2.166.465.872.675.040;16.350.236.305.385.600;13,99;100
2018-04-26 00:00:21+00:00;32.210.779.857.317.400;13.141.596.012.494.800;8,39;77
2018-04-26 01:00:21+00:00;22.569.584.637.579.000;13.098.567.025.054.200;12,41;100
2018-04-26 02:00:21+00:00;33.600.975.096.701;11.115.011.250.945.300;8,30;38
2018-04-26 03:00:21+00:00;4.807.440.818.101.210;13.684.872.827.143.200;10,52;30
2018-04-26 04:00:21+00:00;5.339.155.729.899.490;14.716.133.437.866.200;13,20;47
2018-04-26 05:00:21+00:00;27.346.994.093.502.400;14.403.396.689.816.800;11,19;2
2018-04-26 06:00:21+00:00;44.227.084.367.930.300;1.501.054.901.353.060;1,18;100
2018-04-26 07:00:21+00:00;5.396.378.647.268.340;16.096.882.974.481.100;10,04;100
2018-04-26 08:00:21+00:00;2.071.715.663.922.680;13.410.371.731.597.400;7,70;100
2018-04-26 09:00:21+00:00;10.907.870.728.024.100;20.368.027.276.537.400;18,34;19
2018-04-26 10:00:21+00:00;17.441.682.066.759.100;14.613.606.979.012.800;12,34;100
2018-04-26 11:00:21+00:00;3.455.933.175.154.830;14.491.014.004.692.600;9,75;100
2018-04-26 12:00:21+00:00;7.351.657.584.306.240;14.473.315.778.690.200;12,27;75
2018-04-26 13:00:21+00:00;4.984.473.764.966.520;14.506.929.618.909.900;1,17;100
2018-04-26 14:00:21+00:00;6.594.922.816.573.710;14.493.254.038.806.100;9,15;7
2018-04-26 15:00:21+00:00;3.441.808.667.579.870;1.606.194.485.888.190;12,63;100
2018-04-26 16:00:21+00:00;4.208.752.772.508.000;7.445.684.353.704.060;6,50;79
2018-04-26 17:00:21+00:00;44.641.226.070.508.100;12.934.088.119.918.000;0,07;59
2018-04-26 18:00:21+00:00;5.159.899.749.133.090;9.528.301.790.961.640;9,40;78
2018-04-26 19:00:21+00:00;5.522.065.396.618.940;16.834.460.016.571.600;13,89;34
2018-04-26 20:00:21+00:00;4.194.535.071.108.740;10.106.043.908.288.900;11,49;97
2018-04-26 21:00:21+00:00;2.872.676.016.398.920;11.607.358.205.485.300;11,83;65
2018-04-26 22:00:21+00:00;38.613.599.947.923.400;11.910.340.441.734.400;12,75;100
2018-04-26 23:00:21+00:00;4.180.655.700.881.570;1.058.464.513.724.470;7,06;12
2018-04-27 00:00:21+00:00;3.892.876.088.809.600;12.786.631.251.210.400;11,41;0
2018-04-27 01:00:21+00:00;31.481.610.691.301.400;8.437.696.333.756.240;6,90;63
2018-04-27 02:00:21+00:00;49.526.487.899.930.100;17.228.206.255.702.800;16,87;5
2018-04-27 03:00:21+00:00;30.176.163.222.049.400;14.549.157.492.568.200;14,38;42
2018-04-27 04:00:21+00:00;34.773.183.458.721;11.676.875.612.415.700;12,71;94
2018-04-27 05:00:21+00:00;2.424.563.460.559.980;14.915.123.705.231.200;11,45;97
2018-04-27 06:00:21+00:00;47.104.591.264.073.600;1.431.189.579.280.240;8,99;78
2018-04-27 07:00:21+00:00;6.454.232.198.568.370;11.239.607.584.914.200;7,19;89
2018-04-27 08:00:21+00:00;50.226.218.575.439.600;15.239.385.564.366.300;13,02;27
2018-04-27 09:00:21+00:00;220.293.962.907.391;13.009.109.972.333.200;50,00;79
2018-04-27 10:00:21+00:00;24.119.090.263.931.100;16.275.010.785.241.700;13,44;100
2018-04-27 11:00:21+00:00;16.059.904.475.817.000;12.347.455.719.252.500;9,47;100
2018-04-27 12:00:21+00:00;4.077.152.335.917.550;102.463.865.812.922;36,34;93
2018-04-27 13:00:21+00:00;4.076.552.291.421.990;15.893.621.238.182.000;13,23;70
2018-04-27 14:00:21+00:00;27.143.097.999.597.000;12.966.477.088.735.700;11,73;93
2018-04-27 15:00:21+00:00;2.850.490.988.501.910;13.465.455.074.575.400;13,18;100
2018-04-27 16:00:21+00:00;10.961.078.071.397.700;14.170.293.464.751.800;10,25;11
2018-04-27 17:00:21+00:00;35.071.588.531.213.400;11.143.151.811.784.300;6,81;67
2018-04-27 18:00:21+00:00;2.692.899.547.198.370;12.815.748.575.368.100;9,47;97
2018-04-27 19:00:21+00:00;2.728.018.593.319.450;12.227.617.492.662.900;7,37;100
2018-04-27 20:00:21+00:00;6.521.627.221.678.810;12.567.135.791.828.400;11,15;100
2018-04-27 21:00:21+00:00;428.830.192.354.186;16.556.877.197.882.000;13,47;78
2018-04-27 22:00:21+00:00;3.594.498.889.011.740;11.643.002.905.724.300;6,92;100
2018-04-27 23:00:21+00:00;392.195.119.957.588;11.522.342.923.334.300;8,37;32
2018-04-28 00:00:21+00:00;27.754.184.563.789.500;1.691.887.840.196.880;16,66;34
2018-04-28 01:00:21+00:00;48.905.612.162.844.600;11.134.863.849.527.200;8,78;40
2018-04-28 02:00:21+00:00;3.199.687.311.543.370;13.680.143.078.343.600;9,49;100
2018-04-28 03:00:21+00:00;21.000.891.182.066.500;15.185.991.480.442.900;1,11;74
2018-04-28 04:00:21+00:00;55.757.395.429.232.300;15.170.347.412.610.400;12,49;100
2018-04-28 05:00:21+00:00;26.850.580.775.355.600;10.116.220.527.477.400;11,74;34
2018-04-28 06:00:21+00:00;624.943.367.273.587;11.789.489.682.330.500;7,33;100
2018-04-28 07:00:21+00:00;4.885.547.959.175.550;9.292.883.239.300.830;10,29;1
2018-04-28 08:00:21+00:00;4.344.376.202.927.800;15.545.983.128.142.700;11,82;100
2018-04-28 09:00:21+00:00;22.248.773.579.516.000;16.069.577.096.292.900;15,43;100
2018-04-28 10:00:21+00:00;53.390.562.169.424.000;15.967.887.915.098.100;10,46;81
2018-04-28 11:00:21+00:00;6.617.042.725.474.340;13.464.964.182.106.000;13,88;100
2018-04-28 12:00:21+00:00;2.280.818.797.404.870;12.963.461.906.470.900;13,93;60
2018-04-28 13:00:21+00:00;35.056.374.782.803.500;12.160.924.303.461.200;0,13;100
2018-04-28 14:00:21+00:00;2.556.144.898.209.770;9.831.312.370.247.410;0,79;83
2018-04-28 15:00:21+00:00;3.064.224.881.779.860;14.786.732.470.723.200;11,84;100
2018-04-28 16:00:21+00:00;3.431.355.321.592.940;11.171.142.246.936.200;7,46;100
2018-04-28 17:00:21+00:00;54.108.165.511.802.900;8.561.027.225.885.260;4,90;93
2018-04-28 18:00:21+00:00;16.061.761.680.579.400;1.671.486.353.899.600;1,52;89
2018-04-28 19:00:21+00:00;4.536.092.787.777.470;12.027.346.912.482.500;0,97;100
2018-04-28 20:00:21+00:00;4.503.113.130.869.760;14.116.473.144.796.700;12,25;28
2018-04-28 21:00:21+00:00;2.397.129.427.094.540;13.174.377.904.293.000;11,39;91
2018-04-28 22:00:21+00:00;3.476.254.305.013.210;16.272.519.030.290.400;1,04;100
2018-04-28 23:00:21+00:00;29.646.831.796.069.500;9.954.840.479.206.660;0,55;72
2018-04-29 00:00:21+00:00;3.637.898.592.400.680;15.376.045.932.307.100;13,87;100
2018-04-29 01:00:21+00:00;5.926.365.002.845.860;1.341.138.503.263.910;1,16;100
2018-04-29 02:00:21+00:00;2.395.832.184.539.160;14.627.672.810.206.800;1,15;100
2018-04-29 03:00:21+00:00;3.974.801.615.758.780;12.543.650.923.119.100;10,83;28
2018-04-29 04:00:21+00:00;241.405.013.321.309;1.262.117.892.683.290;13,00;100
2018-04-29 05:00:21+00:00;4.395.025.256.049.650;15.754.607.787.539.700;14,45;100
2018-04-29 06:00:21+00:00;40.396.317.457.549.100;11.707.287.732.571.000;9,89;100
2018-04-29 07:00:21+00:00;4.368.001.236.589.590;12.246.856.373.657.700;10,69;10
2018-04-29 08:00:21+00:00;2.903.767.285.261.970;12.937.367.399.854.500;13,30;78
2018-04-29 09:00:21+00:00;22.364.940.079.777.700;10.010.270.368.306.300;7,19;100
2018-04-29 10:00:21+00:00;15.486.423.024.703.900;12.873.330.671.508.700;10,76;100
2018-04-29 11:00:21+00:00;358.772.120.399.103;13.022.426.159.945.700;10,37;100
2018-04-29 12:00:21+00:00;4.176.024.400.910.200;15.190.739.051.050.300;10,88;67
2018-04-29 13:00:21+00:00;4.112.165.610.604.080;12.246.819.272.034.000;9,40;100
2018-04-29 14:00:21+00:00;46.800.158.278.040.200;8.952.350.514.152.950;5,13;100
2018-04-29 15:00:21+00:00;28.631.121.611.540.600;13.601.020.350.493.800;13,01;68
2018-04-29 16:00:21+00:00;3.479.576.631.147.100;12.369.228.315.431.300;9,02;69
2018-04-29 17:00:21+00:00;6.700.048.371.496.070;1.064.623.553.310.150;8,94;49
2018-04-29 18:00:21+00:00;3.349.606.817.145.450;14.308.711.405.734.700;13,54;55
2018-04-29 19:00:21+00:00;5.747.155.978.580.290;14.403.203.477.824.500;14,28;67
2018-04-29 20:00:21+00:00;3.733.824.330.125.430;15.005.689.884.436.400;1,21;64
2018-04-29 21:00:21+00:00;6.079.627.545.058.310;14.440.114.088.342.600;11,36;100
2018-04-29 22:00:21+00:00;404.048.790.601.024;15.308.791.181.693.400;13,66;100
2018-04-29 23:00:21+00:00;4.799.791.547.271.880;14.338.252.506.380.700;12,30;92
2018-04-30 00:00:21+00:00;42.705.648.310.961.500;18.432.231.148.947.300;12,46;100
2018-04-30 01:00:21+00:00;44.789.723.492.414.500;1.709.837.570.099.900;1,70;100
2018-04-30 02:00:21+00:00;3.952.001.861.212.430;1.410.071.437.573.490;11,76;1
2018-04-30 03:00:21+00:00;4.814.008.693.518.520;933.731.561.547.976;0,09;100
2018-04-30 04:00:21+00:00;27.242.574.941.152.200;1.806.224.826.361.970;15,16;100
2018-04-30 05:00:21+00:00;5.297.169.999.639.090;12.877.214.233.205.300;11,33;94
2018-04-30 06:00:21+00:00;5.488.650.216.337.970;15.044.864.024.884.300;11,71;76
2018-04-30 07:00:21+00:00;4.014.876.957.294.140;14.671.164.706.892.000;13,13;3
2018-04-30 08:00:21+00:00;31.064.158.120.045.400;1.324.173.877.813.700;11,95;100
2018-04-30 09:00:21+00:00;2.059.032.833.386.160;12.359.843.152.802.900;11,59;28
2018-04-30 10:00:21+00:00;4.080.139.957.645.080;12.688.766.348.553.900;7,41;66
2018-04-30 11:00:21+00:00;3.791.032.198.384.110;7.021.545.950.129.190;0,32;80
2018-04-30 12:00:21+00:00;2.842.558.544.091.520;10.691.003.381.083.500;8,80;100
2018-04-30 13:00:21+00:00;23.444.517.067.190.000;12.334.243.480.064.400;9,07;52
2018-04-30 14:00:21+00:00;22.050.835.693.583.400;13.646.771.164.070.400;13,39;86
2018-04-30 15:00:21+00:00;3.577.194.375.723.790;14.962.297.999.664.300;0,10;100
2018-04-30 16:00:21+00:00;4.229.554.324.302.290;12.130.569.982.580.700;11,49;100
2018-04-30 17:00:21+00:00;4.158.649.550.652.950;15.179.748.697.333.400;8,81;100
2018-04-30 18:00:21+00:00;7.682.338.289.875.910;1.297.049.100.511.240;50,00;100
2018-04-30 19:00:21+00:00;45.221.192.356.519.400;1.264.947.757.650.890;10,07;43
2018-04-30 20:00:21+00:00;4.973.679.309.470.160;13.650.972.675.669.000;11,63;49
2018-04-30 21:00:21+00:00;3.491.652.051.756.970;15.305.612.542.158.000;13,53;5
2018-04-30 22:00:21+00:00;1.799.274.881.299.210;12.956.788.656.397.800;12,32;57
2018-04-30 23:00:21+00:00;29.804.509.870.595.400;14.410.505.169.710.900;12,17;92
2018-05-01 00:00:21+00:00;5.773.098.848.908.590;15.334.059.326.761.400;1,21;80
2018-05-01 01:00:21+00:00;24.461.487.287.008.200;14.846.892.567.191.700;10,29;100
2018-05-01 02:00:21+00:00;3.726.390.013.040.100;11.905.063.117.934.200;5,98;100
2018-05-01 03:00:21+00:00;366.456.036.225.223;12.361.536.455.423.800;1,13;100
2018-05-01 04:00:21+00:00;5.474.954.917.442.400;14.941.234.229.422.200;10,19;100
2018-05-01 05:00:21+00:00;4.266.589.899.706.810;13.196.749.763.484.300;0,11;82
2018-05-01 06:00:21+00:00;4.412.001.615.273.910;116.344.832.300.418;11,04;77
2018-05-01 07:00:21+00:00;3.364.831.075.281.890;13.632.818.524.748.500;1,69;59
2018-05-01 08:00:21+00:00;6.201.806.836.423.900;1.541.213.530.268.350;12,18;39
2018-05-01 09:00:21+00:00;29.659.445.765.458.900;1.574.259.664.000.730;10,37;55
2018-05-01 10:00:21+00:00;3.429.704.614.807.270;1.600.231.131.692.960;13,11;14
2018-05-01 11:00:21+00:00;377.332.532.206.541;13.602.334.050.854.900;7,24;100
2018-05-01 12:00:21+00:00;26.478.452.478.177.700;14.451.867.744.639.900;11,23;100
2018-05-01 13:00:21+00:00;1.648.282.218.375.220;1.620.533.456.812.090;13,01;100
2018-05-01 14:00:21+00:00;45.990.612.431.562.300;11.976.309.608.346.800;9,89;67
2018-05-01 15:00:21+00:00;30.520.027.992.487.100;15.896.647.262.446.100;15,13;65
2018-05-01 16:00:21+00:00;34.772.253.472.289.900;15.218.451.294.646.000;13,61;84
2018-05-01 17:00:21+00:00;12.703.273.093.616.600;15.228.369.945.830.600;1,08;46
2018-05-01 18:00:21+00:00;3.413.261.955.177.020;9.427.115.976.996.430;1,02;54
2018-05-01 19:00:21+00:00;4.525.408.279.971.320;12.192.333.035.117.400;12,31;100
2018-05-01 20:00:21+00:00;40.193.852.289.502.900;12.029.325.557.486.800;7,93;100
2018-05-01 21:00:21+00:00;289.226.447.364.246;1.697.798.543.364.710;10,29;41
2018-05-01 22:00:21+00:00;29.532.942.061.816.300;11.380.050.137.385.500;4,69;67
2018-05-01 23:00:21+00:00;34.216.570.856.272.700;10.938.119.813.982.500;9,98;100
2018-05-02 00:00:21+00:00;4.136.237.372.342.350;10.575.923.005.979.500;10,50;100
2018-05-02 01:00:21+00:00;4.042.312.248.971.650;12.618.354.379.533.700;0,93;9
2018-05-02 02:00:21+00:00;4.230.868.442.694.900;14.503.149.893.853.100;11,56;1
2018-05-02 03:00:21+00:00;4.428.159.292.823.840;1.797.965.657.359.150;15,48;67
2018-05-02 04:00:21+00:00;3.737.945.903.170.880;12.598.414.001.505.200;1,07;70
2018-05-02 05:00:21+00:00;5.837.120.556.953.980;11.686.311.066.753.100;10,09;5
2018-05-02 06:00:21+00:00;4.250.741.491.054.640;1.730.687.853.239.360;1,81;84
2018-05-02 07:00:21+00:00;2.438.387.512.171.160;17.677.764.908.231.100;13,82;16
2018-05-02 08:00:21+00:00;4.154.519.275.051.560;9.257.226.134.869.170;7,78;80
2018-05-02 09:00:21+00:00;4.290.393.193.680.190;122.693.978.068.452;8,68;91
2018-05-02 10:00:21+00:00;4.506.583.689.306.500;14.049.054.380.132.900;1,34;77
2018-05-02 11:00:21+00:00;29.908.429.977.158.200;13.980.143.904.336.700;14,24;97
2018-05-02 12:00:21+00:00;842.691.412.660.077;18.900.727.215.081.400;15,59;42
2018-05-02 13:00:21+00:00;54.634.287.792.943.000;12.188.055.314.136.500;1,05;16
2018-05-02 14:00:21+00:00;3.540.501.235.797.900;1.074.197.862.228.600;11,35;100
2018-05-02 15:00:21+00:00;947.510.016.304.646;1.164.716.707.908.960;8,54;98
2018-05-02 16:00:21+00:00;30.968.511.629.041.200;16.168.753.615.027.900;13,56;100
2018-05-02 17:00:21+00:00;45.058.364.298.932.100;13.492.837.131.049.500;7,57;81
2018-05-02 18:00:21+00:00;203.131.388.940.334;1.740.930.413.964.200;1,42;46
2018-05-02 19:00:21+00:00;21.069.764.800.758.000;15.092.742.745.987.600;1,17;90
2018-05-02 20:00:21+00:00;3.302.044.707.603.930;11.879.898.481.769.800;11,91;100
2018-05-02 21:00:21+00:00;3.607.370.512.370.580;15.618.267.882.640.300;1,22;68
2018-05-02 22:00:21+00:00;2.695.505.044.623.780;16.442.475.242.683.700;12,52;64
2018-05-02 23:00:21+00:00;29.434.738.683.868.500;17.063.064.209.687.000;16,86;84
2018-05-03 00:00:21+00:00;4.729.872.436.701.720;10.120.258.895.071.800;50,00;43
2018-05-03 01:00:21+00:00;3.546.747.364.995.150;14.206.019.431.396.200;12,65;36
2018-05-03 02:00:21+00:00;17.671.036.830.351.000;10.820.439.161.345.000;1,15;100
2018-05-03 03:00:21+00:00;51.026.356.347.305.400;12.808.157.149.882.600;9,08;100
2018-05-03 04:00:21+00:00;33.418.533.317.594.400;12.958.530.333.129.600;12,10;96
2018-05-03 05:00:21+00:00;23.660.760.005.999.100;14.208.761.944.378.300;9,88;30
2018-05-03 06:00:21+00:00;32.685.927.244.867.600;1.469.078.623.931.300;13,05;9
2018-05-03 07:00:21+00:00;1.919.830.147.768.550;12.060.513.250.934.800;11,38;77
2018-05-03 08:00:21+00:00;34.497.091.084.603.700;16.479.594.011.221.300;12,08;58
2018-05-03 09:00:21+00:00;4.127.694.475.237.860;16.760.239.400.690.300;8,87;55
2018-05-03 10:00:21+00:00;2.804.284.925.476.030;13.977.367.684.974.300;9,07;100
2018-05-03 11:00:21+00:00;2.994.981.479.713.430;17.710.574.550.152.500;14,48;100
2018-05-03 12:00:21+00:00;28.058.998.563.493.300;1.333.302.810.510.790;8,53;52
2018-05-03 13:00:21+00:00;4.663.618.709.678.240;9.035.806.950.419.160;6,41;100
2018-05-03 14:00:21+00:00;3.332.549.952.214.420;11.288.982.735.299.700;10,05;0
2018-05-03 15:00:21+00:00;28.526.768.025.518.200;12.447.927.591.201.500;9,39;53
2018-05-03 16:00:21+00:00;36.513.527.212.976.400;15.757.785.409.398.200;12,77;100
2018-05-03 17:00:21+00:00;3.294.589.435.664.900;11.143.990.609.191.300;7,59;1
2018-05-03 18:00:21+00:00;33.826.897.916.812.000;1.337.683.683.021.110;14,47;10
2018-05-03 19:00:21+00:00;22.856.179.704.683.500;19.538.749.554.717.900;14,19;100
2018-05-03 20:00:21+00:00;4.327.451.478.538.700;1.408.804.613.085.460;11,17;100
2018-05-03 21:00:21+00:00;28.824.773.654.298.600;17.425.705.495.420.900;15,02;4
2018-05-03 22:00:21+00:00;3.294.220.610.094.460;10.617.742.499.655.000;6,40;96
2018-05-03 23:00:21+00:00;3.991.149.375.427.030;8.620.279.070.736.810;6,93;100
2018-05-04 00:00:21+00:00;6.220.891.504.891.790;9.621.379.014.831.850;7,28;100
2018-05-04 01:00:21+00:00;4.518.061.829.698.160;16.153.698.514.331.900;1,45;100
2018-05-04 02:00:21+00:00;27.199.401.407.807.500;12.959.603.886.587.800;10,44;45
2018-05-04 03:00:21+00:00;19.835.370.142.592.000;12.729.614.131.002.000;9,01;89
2018-05-04 04:00:21+00:00;3.802.036.520.292.610;17.704.576.625.630.700;14,76;96
2018-05-04 05:00:21+00:00;27.001.671.676.570.300;1.616.530.081.317.760;15,18;68
2018-05-04 06:00:21+00:00;321.601.664.389.848;14.656.414.107.891.500;1,11;100
2018-05-04 07:00:21+00:00;3.204.903.930.173.630;16.432.611.352.292.300;13,27;4
2018-05-04 08:00:21+00:00;3.428.321.477.459.670;13.153.301.972.119.800;1,04;13
2018-05-04 09:00:21+00:00;32.459.889.991.787.200;14.371.236.803.083.900;12,29;100
2018-05-04 10:00:21+00:00;30.614.289.027.890.100;10.585.191.771.621.400;6,95;23
2018-05-04 11:00:21+00:00;8.880.107.908.375.180;11.671.034.275.118.700;13,07;93
2018-05-04 12:00:21+00:00;38.190.673.736.688.800;12.877.729.602.724.500;0,13;79
2018-05-04 13:00:21+00:00;43.499.852.424.373.800;13.461.676.459.659.800;10,09;58
2018-05-04 14:00:21+00:00;22.540.738.987.316.200;15.919.270.472.924.500;16,97;100
2018-05-04 15:00:21+00:00;4.356.906.105.014.120;16.529.182.144.470.900;0,84;100
2018-05-04 16:00:21+00:00;3.671.262.097.967.380;2.046.184.607.183.310;18,11;6
2018-05-04 17:00:21+00:00;3.487.277.055.089.760;19.106.461.822.507.300;2,27;81
2018-05-04 18:00:21+00:00;3.679.491.027.408.780;16.301.808.804.289.700;12,55;75
2018-05-04 19:00:21+00:00;4.646.177.185.696.960;9.915.183.674.635.950;9,71;6
2018-05-04 20:00:21+00:00;4.111.952.357.327.210;1.699.915.312.041.420;1,54;9
2018-05-04 21:00:21+00:00;13.522.043.110.442.800;18.113.425.091.652.200;1,41;12
2018-05-04 22:00:21+00:00;51.988.433.390.650.900;13.864.748.892.833.500;12,22;100
2018-05-04 23:00:21+00:00;4.429.639.840.845.450;9.412.509.381.134.670;10,94;51
2018-05-05 00:00:21+00:00;2.265.277.922.281.330;14.026.041.122.000.000;0,95;43
2018-05-05 01:00:21+00:00;11.812.061.904.339.400;15.694.629.283.668.300;13,59;95
2018-05-05 02:00:21+00:00;19.838.766.567.910.900;14.121.922.937.982.000;1,32;5
2018-05-05 03:00:21+00:00;5.191.271.589.406.200;12.541.803.284.387.500;8,69;100
2018-05-05 04:00:21+00:00;3.419.983.308.931.620;13.342.556.476.469.200;10,93;100
2018-05-05 05:00:21+00:00;44.369.717.683.126.400;16.659.109.517.485.400;14,38;75
2018-05-05 06:00:21+00:00;61.047.111.095.124.300;14.677.168.269.200.100;10,39;97
2018-05-05 07:00:21+00:00;1.935.914.854.096.860;17.098.886.071.625.600;16,68;69
2018-05-05 08:00:21+00:00;1.922.475.772.388.730;1.616.679.129.623.730;13,55;100
2018-05-05 09:00:21+00:00;3.552.282.081.553.100;13.054.885.007.427.100;9,10;39
2018-05-05 10:00:21+00:00;38.554.981.948.971.300;15.562.925.260.793.900;10,25;100
2018-05-05 11:00:21+00:00;4.390.142.216.276.050;1.717.303.810.105.630;13,27;70
2018-05-05 12:00:21+00:00;23.531.612.978.024.900;13.890.520.071.082.600;1,06;84
2018-05-05 13:00:21+00:00;2.641.475.066.141.500;15.157.935.194.529.200;13,00;87
2018-05-05 14:00:21+00:00;54.696.569.537.102.500;9.837.444.252.569.540;5,57;38
2018-05-05 15:00:21+00:00;41.166.814.777.112.100;12.453.970.969.409.700;8,76;100
2018-05-05 16:00:21+00:00;3.971.922.480.248.700;13.167.285.315.730.700;13,64;100
2018-05-05 17:00:21+00:00;3.085.878.796.229.670;11.043.179.343.638.400;5,82;100
2018-05-05 18:00:21+00:00;5.226.549.238.571.930;13.844.265.987.345.200;0,99;76
2018-05-05 19:00:21+00:00;4.748.763.505.832.180;17.640.260.539.283.700;11,75;65
2018-05-05 20:00:21+00:00;348.707.750.203.918;14.275.812.707.187.900;1,19;59
2018-05-05 21:00:21+00:00;12.963.740.116.930.400;16.769.621.794.501.300;14,90;9
2018-05-05 22:00:21+00:00;46.890.656.835.437.000;15.245.580.202.342.100;19,39;100
2018-05-05 23:00:21+00:00;40.723.052.925.737.500;17.699.192.847.304.300;16,16;100
2018-05-06 00:00:21+00:00;367.794.517.841.053;13.374.792.818.910.500;8,32;100
2018-05-06 01:00:21+00:00;5.117.955.070.769.800;11.901.592.518.222.300;10,69;100
2018-05-06 02:00:21+00:00;4.061.867.654.422.350;15.424.537.697.346.900;12,17;87
2018-05-06 03:00:21+00:00;3.326.207.690.665.190;9.721.852.167.108.930;6,88;98
2018-05-06 04:00:21+00:00;477.813.612.398.991;14.973.293.625.069.500;1,20;62
2018-05-06 05:00:21+00:00;4.051.345.257.036.510;8.169.320.059.300.980;8,32;80
2018-05-06 06:00:21+00:00;4.819.179.832.027.150;11.408.704.299.731.700;10,80;57
2018-05-06 07:00:21+00:00;3.702.045.239.949.020;14.375.205.139.702.100;8,80;100
2018-05-06 08:00:21+00:00;4.396.413.926.383.940;10.436.451.539.722.300;8,44;100
2018-05-06 09:00:21+00:00;5.486.431.119.268.280;12.531.129.716.344.200;0,80;38
2018-05-06 10:00:21+00:00;5.470.023.293.942.800;10.339.840.597.355.200;0,86;70
2018-05-06 11:00:21+00:00;28.030.855.887.241.000;1.525.110.283.296.390;11,32;100
2018-05-06 12:00:21+00:00;46.329.463.616.197.500;16.280.661.166.499.800;14,66;100
2018-05-06 13:00:21+00:00;277.595.881.806.563;13.533.002.278.231.500;1,03;45
2018-05-06 14:00:21+00:00;4.359.141.422.711.740;1.885.533.777.395.250;13,68;77
2018-05-06 15:00:21+00:00;3.408.715.113.298.280;12.956.734.793.551.700;10,49;87
2018-05-06 16:00:21+00:00;17.555.024.144.890.300;10.288.304.130.592.100;8,19;36
2018-05-06 17:00:21+00:00;40.645.721.047.402.300;10.059.738.113.896.700;0,77;6
2018-05-06 18:00:21+00:00;49.135.834.326.849.700;13.172.254.500.794.200;9,65;75
2018-05-06 19:00:21+00:00;4.295.666.909.573.850;1.430.964.534.280.860;6,52;13
2018-05-06 20:00:21+00:00;2.208.988.264.067.940;1.958.497.452.642.450;19,56;89
2018-05-06 21:00:21+00:00;4.003.945.591.906.150;10.929.700.373.533.900;6,06;100
2018-05-06 22:00:21+00:00;34.469.341.592.657.800;11.992.163.471.830.100;10,08;73
2018-05-06 23:00:21+00:00;4.547.573.973.182.270;14.684.296.066.248.700;12,50;100
2018-05-07 00:00:21+00:00;48.690.136.325.839.500;13.761.171.324.411.000;0,15;100
2018-05-07 01:00:21+00:00;195.757.458.217.587;12.064.204.686.135.200;14,28;96
2018-05-07 02:00:21+00:00;36.851.095.834.711.700;13.420.147.240.638.500;11,55;100
2018-05-07 03:00:21+00:00;25.118.405.534.697.700;1.077.438.928.042.970;0,66;100
2018-05-07 04:00:21+00:00;38.529.263.241.895.500;12.441.517.045.118.400;7,97;71
2018-05-07 05:00:21+00:00;18.895.287.860.655.900;1.083.021.181.257.180;7,42;66
2018-05-07 06:00:21+00:00;3.376.038.000.872.570;16.055.014.382.531.600;12,79;86
2018-05-07 07:00:21+00:00;384.608.363.481.919;15.324.465.479.756.900;11,33;100
2018-05-07 08:00:21+00:00;6.340.120.412.059.910;1.339.858.857.127.680;8,78;100
2018-05-07 09:00:21+00:00;3.211.124.164.485.270;13.563.601.034.664.200;11,03;100
2018-05-07 10:00:21+00:00;1.618.830.898.783.750;14.067.659.455.007.600;9,57;62
2018-05-07 11:00:21+00:00;4.661.566.154.842.340;12.420.498.727.980.500;12,70;100
2018-05-07 12:00:21+00:00;12.348.091.752.493.900;942.715.625.644.605;0,59;59
2018-05-07 13:00:21+00:00;31.364.700.504.376.000;12.699.304.038.586.100;8,79;100
2018-05-07 14:00:21+00:00;5.189.047.188.668.240;1.470.860.767.097.340;11,99;8
2018-05-07 15:00:21+00:00;2.124.353.377.609.610;1.583.557.527.798.130;10,06;73
2018-05-07 16:00:21+00:00;26.096.235.139.410.800;13.699.154.246.961.500;10,22;100
2018-05-07 17:00:21+00:00;3.518.017.913.337.150;12.061.819.992.921.100;6,64;6
2018-05-07 18:00:21+00:00;3.569.062.431.130.160;1.488.470.772.672.900;11,79;50
2018-05-07 19:00:21+00:00;5.664.336.824.070.080;1.394.728.864.840.590;9,50;100
2018-05-07 20:00:21+00:00;3.321.647.020.635.550;10.999.013.040.542.700;7,81;60
2018-05-07 21:00:21+00:00;4.617.494.463.348.410;915.908.351.207.792;7,61;100
2018-05-07 22:00:21+00:00;6.359.759.330.102.010;122.189.343.627.693;8,97;100
2018-05-07 23:00:21+00:00;2.433.030.408.874.150;17.223.718.483.209.200;15,25;100
2018-05-08 00:00:21+00:00;3.122.716.380.772.320;14.873.029.645.318.200;9,92;100
2018-05-08 01:00:21+00:00;3.931.342.700.563.290;1.712.577.790.953.810;12,76;95
2018-05-08 02:00:21+00:00;2.516.143.167.027.840;13.442.022.586.105.100;1,01;64
2018-05-08 03:00:21+00:00;54.547.781.541.756.300;1.343.234.317.211.320;12,36;100
2018-05-08 04:00:21+00:00;3.771.280.780.639.830;6.988.797.982.041.610;7,70;43
2018-05-08 05:00:21+00:00;40.230.729.796.005.900;8.882.342.552.759.110;5,16;55
2018-05-08 06:00:21+00:00;41.970.310.496.829.100;1.464.232.355.350.810;10,91;54
2018-05-08 07:00:21+00:00;13.480.798.531.333.200;13.989.429.877.754.300;50,00;76
2018-05-08 08:00:21+00:00;4.127.225.480.143.150;8.024.395.750.857.140;6,42;86
2018-05-08 09:00:21+00:00;2.735.817.204.058.940;13.845.409.834.356.200;11,17;15
2018-05-08 10:00:21+00:00;23.440.180.012.903.600;15.964.386.954.485.900;15,60;100
2018-05-08 11:00:21+00:00;4.112.388.223.090.530;14.287.568.195.026.200;11,08;95
2018-05-08 12:00:21+00:00;5.051.642.314.567.180;12.233.136.061.665.000;9,54;73
2018-05-08 13:00:21+00:00;3.795.982.945.954.650;74.842.294.008.231.800;5,10;79
2018-05-08 14:00:21+00:00;5.481.667.749.479.290;14.506.717.614.810.900;12,66;14
2018-05-08 15:00:21+00:00;3.340.791.184.867.600;1.136.605.960.627.380;9,61;83
2018-05-08 16:00:21+00:00;130.304.549.187.139;14.765.130.415.952.600;12,67;95
2018-05-08 17:00:21+00:00;19.972.733.301.260.700;15.219.030.611.540.400;1,65;100
2018-05-08 18:00:21+00:00;54.177.623.870.907.900;15.758.970.056.557.600;0,10;8
2018-05-08 19:00:21+00:00;57.983.575.796.390.300;14.449.628.009.105.400;0,61;68
2018-05-08 20:00:21+00:00;405.342.946.190.385;12.685.309.964.644.700;11,57;58
2018-05-08 21:00:21+00:00;27.097.718.480.446.200;14.946.463.085.096.200;11,86;69
2018-05-08 22:00:21+00:00;3.261.842.233.239.510;11.064.076.732.828.100;7,70;89
2018-05-08 23:00:21+00:00;3.372.231.219.301.810;16.728.868.832.477.600;15,41;89
2018-05-09 00:00:21+00:00;3.640.039.157.819.100;11.869.471.408.390.900;0,98;94
2018-05-09 01:00:21+00:00;40.934.906.347.542.900;17.920.538.365.727.200;13,52;60
2018-05-09 02:00:21+00:00;4.018.671.421.974.880;1.292.094.049.449.640;12,12;96
2018-05-09 03:00:21+00:00;19.828.926.670.837.600;14.725.076.233.753.900;13,28;98
2018-05-09 04:00:21+00:00;2.100.423.154.898.200;13.830.156.457.824.000;12,37;100
2018-05-09 05:00:21+00:00;4.425.751.405.152.350;9.155.581.124.719.980;4,78;11
2018-05-09 06:00:21+00:00;29.920.720.767.278.800;14.826.336.180.060.900;10,22;100
2018-05-09 07:00:21+00:00;3.527.093.199.158.670;11.659.021.453.475.800;9,92;86
2018-05-09 08:00:21+00:00;3.588.727.423.542.780;13.233.541.978.263.700;1,15;70
2018-05-09 09:00:21+00:00;28.578.176.943.515.400;1.363.967.947.438.930;13,72;8
2018-05-09 10:00:21+00:00;3.824.260.623.670.310;11.027.964.161.861.800;7,67;38
2018-05-09 11:00:21+00:00;449.658.391.036.328;12.058.575.517.271.900;9,64;65
2018-05-09 12:00:21+00:00;32.681.305.795.347.800;16.572.181.087.654.600;15,60;99
2018-05-09 13:00:21+00:00;5.438.054.492.362.170;10.330.214.073.543.700;7,99;100
2018-05-09 14:00:21+00:00;54.972.024.266.568.000;14.958.751.857.232.500;12,30;12
2018-05-09 15:00:21+00:00;2.511.046.033.453.460;1.260.680.772.446.250;10,00;30
2018-05-09 16:00:21+00:00;39.813.601.788.758.000;15.949.964.601.630.900;13,90;40
2018-05-09 17:00:21+00:00;31.809.159.502.320.200;15.237.986.037.354.200;1,32;55
2018-05-09 18:00:21+00:00;26.472.398.373.131.500;11.839.817.588.153.900;6,26;94
2018-05-09 19:00:21+00:00;3.441.640.950.474.310;15.186.408.770.629.200;13,44;8
2018-05-09 20:00:21+00:00;8.790.869.558.292.890;12.143.341.974.107.000;13,07;100
2018-05-09 21:00:21+00:00;43.844.402.227.491.000;1.767.509.969.462.990;1,14;100
2018-05-09 22:00:21+00:00;4.653.677.666.564.420;13.817.147.924.579.600;11,73;100
2018-05-09 23:00:21+00:00;3.882.030.192.182.880;12.704.118.277.214.900;1,13;100
2018-05-10 00:00:21+00:00;48.324.674.976.218.000;12.506.016.520.295.300;7,36;92
2018-05-10 01:00:21+00:00;2.696.366.903.419.890;12.662.488.126.013.500;8,61;100
2018-05-10 02:00:21+00:00;2,25028E+16;12.813.328.635.276.900;8,89;55
2018-05-10 03:00:21+00:00;28.699.350.923.433.600;15.267.556.215.488.400;12,65;30
2018-05-10 04:00:21+00:00;20.466.396.535.328.500;12.320.211.990.898.000;7,13;92
2018-05-10 05:00:21+00:00;3.650.601.811.283.290;11.488.579.866.955.400;7,82;100
2018-05-10 06:00:21+00:00;5.293.677.394.674.550;16.129.524.475.565.900;13,63;95
2018-05-10 07:00:21+00:00;3.801.352.256.925.930;16.826.643.618.393.100;15,18;68
2018-05-10 08:00:21+00:00;33.010.817.961.609.000;11.634.209.729.293.700;0,94;100
2018-05-10 09:00:21+00:00;5.005.059.925.647.530;12.816.868.494.058.700;8,15;43
2018-05-10 10:00:21+00:00;55.994.069.186.844.500;16.541.860.220.163.800;12,69;88
2018-05-10 11:00:21+00:00;40.789.550.834.685.100;14.638.765.271.256.700;1,21;100
2018-05-10 12:00:21+00:00;25.720.862.326.646.800;1.740.353.776.060.410;16,97;73
2018-05-10 13:00:21+00:00;36.453.749.057.619.300;15.219.551.884.782.000;13,03;85
2018-05-10 14:00:21+00:00;3.708.682.078.195.360;14.700.973.405.326.100;15,93;70
2018-05-10 15:00:21+00:00;3.349.345.014.748.550;1.264.628.064.778.720;11,77;100
2018-05-10 16:00:21+00:00;5.299.413.347.381.010;11.155.180.896.298.200;11,35;96
2018-05-10 17:00:21+00:00;4.753.631.934.658.820;10.597.773.280.095.900;7,18;98
2018-05-10 18:00:21+00:00;208.285.864.144.464;13.453.343.407.082.700;12,28;46
2018-05-10 19:00:21+00:00;18.026.815.683.629.200;1.694.258.435.387.900;13,91;94
2018-05-10 20:00:21+00:00;2.974.206.003.925.920;10.983.068.013.365.300;13,68;100
2018-05-10 21:00:21+00:00;22.959.596.400.800.000;13.225.472.259.675.300;9,89;100
2018-05-10 22:00:21+00:00;3.118.414.158.106.300;949.861.886.424.986;1,12;100
2018-05-10 23:00:21+00:00;3.419.531.292.220.400;16.883.516.086.762.500;16,94;100
2018-05-11 00:00:21+00:00;340.584.850.320.396;1.156.133.929.467.420;8,10;77
2018-05-11 01:00:21+00:00;3.554.501.173.658.570;190.280.725.603.396;15,85;100
2018-05-11 02:00:21+00:00;308.372.772.031.688;14.645.224.304.166.600;8,85;80
2018-05-11 03:00:21+00:00;16.200.902.770.547.500;17.269.343.140.566.100;17,44;100
2018-05-11 04:00:21+00:00;2.487.826.868.166.260;9.313.407.493.539.470;31,56;100
2018-05-11 05:00:21+00:00;24.470.265.484.866.300;7.515.001.154.948.030;0,03;65
2018-05-11 06:00:21+00:00;25.767.790.274.583.700;12.592.837.889.979.100;9,77;36
2018-05-11 07:00:21+00:00;40.708.253.856.140.300;13.625.270.847.164.300;0,90;90
2018-05-11 08:00:21+00:00;29.861.466.835.108.500;15.041.507.604.843.400;10,04;86
2018-05-11 09:00:21+00:00;22.168.447.100.306.000;17.261.634.458.035.100;13,13;92
2018-05-11 10:00:21+00:00;3.470.539.976.026.790;12.775.020.613.837.000;12,13;100
2018-05-11 11:00:21+00:00;3.968.743.564.623.580;12.493.318.174.377.500;11,99;100
2018-05-11 12:00:21+00:00;3.906.288.015.538.200;12.973.370.211.204.600;11,30;7
2018-05-11 13:00:21+00:00;6.598.020.288.239.680;14.413.041.933.576.400;1,25;34
2018-05-11 14:00:21+00:00;29.158.923.860.020.800;10.511.091.164.792.500;8,49;100
2018-05-11 15:00:21+00:00;4.208.861.665.676.280;9.166.969.079.823.520;9,41;53
2018-05-11 16:00:21+00:00;4.889.442.600.490.630;14.314.746.566.610.100;11,70;14
2018-05-11 17:00:21+00:00;568.818.921.713.433;1.024.634.900.293.780;6,63;39
2018-05-11 18:00:21+00:00;31.239.929.938.187.700;1.629.649.536.385.130;1,25;85
2018-05-11 19:00:21+00:00;14.693.212.750.347.700;8.166.206.519.249.090;50,00;19
2018-05-11 20:00:21+00:00;32.379.862.729.948.600;11.620.112.938.963.500;11,01;7
2018-05-11 21:00:21+00:00;4.140.875.875.881.990;10.244.470.452.243.300;8,85;100
2018-05-11 22:00:21+00:00;7.002.199.005.822.600;1.189.187.535.434.470;7,06;53
2018-05-11 23:00:21+00:00;1.864.919.462.354.560;11.390.960.796.142.100;10,80;98
2018-05-12 00:00:21+00:00;33.763.891.427.970.700;1.625.503.668.997.160;12,27;0
2018-05-12 01:00:21+00:00;24.148.347.015.640.500;2.034.016.343.657.620;17,32;88
2018-05-12 02:00:21+00:00;48.452.315.940.620.300;10.551.028.679.099.700;50,00;16
2018-05-12 03:00:21+00:00;2.833.021.656.820.430;11.843.656.537.849.200;10,63;36
2018-05-12 04:00:21+00:00;1.609.441.449.713.630;13.174.060.634.615.900;12,48;97
2018-05-12 05:00:21+00:00;10.261.068.770.756.800;10.954.640.693.457.200;0,77;100
2018-05-12 06:00:21+00:00;38.323.443.235.916.000;14.880.623.747.925.200;12,71;100
2018-05-12 07:00:21+00:00;3.790.369.439.192.450;10.163.427.128.881.200;8,53;100
2018-05-12 08:00:21+00:00;4.162.794.723.714.550;15.004.904.208.981.500;10,59;89
2018-05-12 09:00:21+00:00;3.719.298.472.116.330;13.741.300.304.438.300;12,90;97
2018-05-12 10:00:21+00:00;38.743.810.498.506.900;15.356.268.778.237.200;11,86;22
2018-05-12 11:00:21+00:00;41.484.091.770.064.700;13.497.192.611.926.800;1,00;100
2018-05-12 12:00:21+00:00;24.188.829.039.157.600;153.026.718.678.644;1,34;56
2018-05-12 13:00:21+00:00;3.503.962.141.152.760;14.814.337.920.394.500;12,26;77
2018-05-12 14:00:21+00:00;42.234.349.854.368.500;13.087.267.583.945.200;11,82;100
2018-05-12 15:00:21+00:00;228.175.143.139.825;1.487.943.778.222.180;1,22;10
2018-05-12 16:00:21+00:00;11.661.854.639.555.200;1.698.066.037.997.210;1,44;52
2018-05-12 17:00:21+00:00;4.173.437.756.566.330;9.190.838.407.348.140;7,22;5
2018-05-12 18:00:21+00:00;3.517.128.344.085.050;8.602.160.079.629.480;5,56;61
2018-05-12 19:00:21+00:00;5.142.149.024.114.260;166.748.565.653.647;1,19;79
2018-05-12 20:00:21+00:00;4.310.235.576.405.580;15.707.240.683.143.000;11,23;63
2018-05-12 21:00:21+00:00;3.010.842.399.541.370;1.699.337.039.147.620;12,57;68
2018-05-12 22:00:21+00:00;18.379.712.552.045.100;13.262.352.043.934.000;16,76;100
2018-05-12 23:00:21+00:00;5.107.544.036.881.650;1.777.968.957.044.670;15,32;64
2018-05-13 00:00:21+00:00;4.274.927.068.187.540;20.544.381.989.417.100;15,01;47
2018-05-13 01:00:21+00:00;5.091.101.484.356.140;16.322.443.136.118.900;1,51;100
2018-05-13 02:00:21+00:00;4.732.065.030.790.440;14.936.390.625.122.900;15,71;5
2018-05-13 03:00:21+00:00;19.251.517.417.665.000;15.306.959.731.072.100;11,21;64
2018-05-13 04:00:21+00:00;4.129.342.367.721.730;1.393.394.290.644.930;10,23;27
2018-05-13 05:00:21+00:00;4.743.614.145.808.180;14.305.279.240.399.000;7,85;100
2018-05-13 06:00:21+00:00;3.653.609.737.210.930;14.613.739.128.711.900;11,13;69
2018-05-13 07:00:21+00:00;29.209.639.769.182.700;1.903.839.359.696.870;16,83;100
2018-05-13 08:00:21+00:00;30.341.951.576.821.600;11.679.585.550.444.700;8,67;53
2018-05-13 09:00:21+00:00;25.994.786.637.517.300;12.985.306.341.682.100;0,83;62
2018-05-13 10:00:21+00:00;3.418.892.730.310.760;13.532.334.905.214.600;7,85;100
2018-05-13 11:00:21+00:00;1.892.795.627.771.570;15.046.496.098.598.300;12,66;5
2018-05-13 12:00:21+00:00;11.955.405.484.508.600;14.121.434.190.376.400;10,05;100
2018-05-13 13:00:21+00:00;2.976.611.527.501.220;10.402.863.376.630.800;12,38;91
2018-05-13 14:00:21+00:00;2.799.873.932.012.070;13.704.196.010.532.700;1,11;100
2018-05-13 15:00:21+00:00;6.428.568.362.580.960;1.327.010.863.408.210;9,06;100
2018-05-13 16:00:21+00:00;53.015.538.278.772.600;13.504.282.952.813.600;12,57;99
2018-05-13 17:00:21+00:00;321.313.309.415.301;15.562.951.387.742.800;16,53;100
2018-05-13 18:00:21+00:00;34.007.587.102.938.700;16.426.265.106.957.000;1,68;68
2018-05-13 19:00:21+00:00;4.982.434.696.895.600;11.487.986.188.672.200;7,35;1
2018-05-13 20:00:21+00:00;3.350.575.885.521.070;18.204.156.762.508.300;1,20;100
2018-05-13 21:00:21+00:00;34.597.954.427.230.500;9.893.834.372.588.250;5,33;100
2018-05-13 22:00:21+00:00;3.300.705.955.593.740;1.180.028.295.449.690;10,84;100
2018-05-13 23:00:21+00:00;3.392.143.947.524.000;12.986.545.634.907.900;9,81;100
2018-05-14 00:00:21+00:00;20.584.299.827.687.900;15.232.845.167.675.900;10,82;11
2018-05-14 01:00:21+00:00;5.190.642.692.073.360;93.300.380.479.313;9,11;100
2018-05-14 02:00:21+00:00;3.004.195.023.523.530;1.890.007.141.550.720;13,36;100
2018-05-14 03:00:21+00:00;53.398.848.128.960.400;916.604.570.287.836;9,37;100
2018-05-14 04:00:21+00:00;4.786.925.957.975.660;1.728.528.990.946.710;11,82;100
2018-05-14 05:00:21+00:00;4.197.336.453.327.450;12.519.991.868.455.700;9,32;100
2018-05-14 06:00:21+00:00;5.124.451.017.507.220;13.754.399.913.466.600;13,78;12
2018-05-14 07:00:21+00:00;3.506.334.596.418.080;8.136.284.588.722.080;6,76;77
2018-05-14 08:00:21+00:00;2.772.329.549.877.620;15.327.030.045.226.900;10,20;100
2018-05-14 09:00:21+00:00;27.419.915.827.587.900;13.150.829.098.057.900;13,55;100
2018-05-14 10:00:21+00:00;35.333.734.370.333.300;16.371.137.462.830.900;1,54;100
2018-05-14 11:00:21+00:00;4.582.582.664.336.020;10.150.050.865.664.800;11,00;100
2018-05-14 12:00:21+00:00;3.907.417.402.154.780;16.993.993.067.285.700;10,18;62
2018-05-14 13:00:21+00:00;6.174.771.535.116.230;9.361.410.977.289.380;8,09;66
2018-05-14 14:00:21+00:00;4.178.570.792.305.970;1.413.826.342.735.010;9,90;100
2018-05-14 15:00:21+00:00;29.929.391.100.841.000;9.984.467.456.556.340;6,78;100
2018-05-14 16:00:21+00:00;3.571.676.819.855.150;182.818.537.766.507;15,91;100
2018-05-14 17:00:21+00:00;4.615.882.571.424.840;15.831.689.438.531.300;9,17;100
2018-05-14 18:00:21+00:00;27.954.158.200.758.100;173.943.819.143.396;14,23;100
2018-05-14 19:00:21+00:00;2.771.586.379.588.340;1.288.500.022.404.700;13,37;100
2018-05-14 20:00:21+00:00;5.054.371.745.379.660;1.276.756.866.969.060;10,50;60
2018-05-14 21:00:21+00:00;4.551.061.058.040.810;13.426.533.705.842.800;1,29;100
2018-05-14 22:00:21+00:00;361.680.052.290.253;13.193.887.252.212.200;10,80;100
2018-05-14 23:00:21+00:00;2.933.454.903.845.920;12.568.521.229.362.700;8,35;62
2018-05-15 00:00:21+00:00;3.207.919.351.648.960;13.005.046.586.722.800;14,26;88
2018-05-15 01:00:21+00:00;38.216.780.404.495.500;1.637.608.290.825.230;12,72;100
2018-05-15 02:00:21+00:00;4.398.471.669.118.640;15.876.411.826.641.500;10,18;54
2018-05-15 03:00:21+00:00;49.956.542.057.325.400;10.681.828.499.470.800;5,77;56
2018-05-15 04:00:21+00:00;3.710.056.637.327.850;15.253.708.956.009.600;1,18;69
2018-05-15 05:00:21+00:00;2.148.247.095.899.300;10.133.226.131.900.500;9,85;88
2018-05-15 06:00:21+00:00;52.621.576.183.030.100;171.441.540.181.969;1,37;100
2018-05-15 07:00:21+00:00;5.160.673.599.236.350;11.211.710.350.251.500;5,97;34
2018-05-15 08:00:21+00:00;47.265.007.293.178.200;15.452.447.119.276.900;12,53;65
2018-05-15 09:00:21+00:00;52.440.040.539.139.500;1.507.057.142.921.550;14,24;100
2018-05-15 10:00:21+00:00;46.367.579.057.277.500;1.278.520.032.231.580;9,97;100
2018-05-15 11:00:21+00:00;37.411.924.970.922.900;12.595.711.956.386.200;12,99;66
2018-05-15 12:00:21+00:00;21.748.862.635.271.900;12.966.427.203.838.700;0,87;96
2018-05-15 13:00:21+00:00;25.133.580.260.891.200;14.710.990.348.116.700;13,56;100
2018-05-15 14:00:21+00:00;29.795.802.931.609.500;15.571.968.749.870.200;13,43;81
2018-05-15 15:00:21+00:00;4.337.656.155.491.190;18.891.689.373.869.100;1,62;8
2018-05-15 16:00:21+00:00;5.418.809.470.231.560;1.774.374.214.874.730;15,09;14
2018-05-15 17:00:21+00:00;52.703.307.463.472.000;14.931.450.589.803.500;11,29;100
2018-05-15 18:00:21+00:00;29.496.895.499.858.800;14.168.136.994.894.800;1,19;4
2018-05-15 19:00:21+00:00;34.444.967.558.780.300;12.220.646.307.369.900;8,92;100
2018-05-15 20:00:21+00:00;17.634.231.007.941.800;15.102.079.885.553.600;12,63;89
2018-05-15 21:00:21+00:00;55.558.761.151.435.800;1.686.030.988.162.760;0,14;46
2018-05-15 22:00:21+00:00;1.582.182.382.353.780;16.322.402.500.209.900;12,59;70
2018-05-15 23:00:21+00:00;33.051.765.980.089.200;14.214.133.290.897.100;1,11;100
2018-05-16 00:00:21+00:00;538.560.510.661.429;12.073.518.543.060.000;6,80;84
2018-05-16 01:00:21+00:00;40.446.629.086.111.400;13.863.134.616.521.800;11,20;54
2018-05-16 02:00:21+00:00;4.209.418.553.899.820;1.528.805.681.633.590;13,41;100
2018-05-16 03:00:21+00:00;375.726.967.439.292;1.640.601.930.255.860;13,61;65
2018-05-16 04:00:21+00:00;13.141.663.633.107.900;14.100.543.158.079.100;11,57;90
2018-05-16 05:00:21+00:00;40.336.691.598.654.800;15.842.215.852.174.900;9,80;100
2018-05-16 06:00:21+00:00;42.420.075.532.974.600;16.103.682.170.304.500;1,36;100
2018-05-16 07:00:21+00:00;28.637.360.615.039.700;12.820.336.837.812.600;50,00;88
2018-05-16 08:00:21+00:00;45.666.045.383.935.800;12.127.880.247.891.700;8,20;59
2018-05-16 09:00:21+00:00;2.798.745.173.187.450;176.380.451.771.441;11,80;93
2018-05-16 10:00:21+00:00;52.450.465.190.423.100;15.259.107.655.186.800;1,01;40
2018-05-16 11:00:21+00:00;3.447.418.196.434.780;14.885.111.497.755.200;12,19;66
2018-05-16 12:00:21+00:00;4.332.514.730.092.520;12.211.649.061.740.700;50,00;98
2018-05-16 13:00:21+00:00;41.349.129.801.984.400;854.327.034.811.614;4,37;94
2018-05-16 14:00:21+00:00;4.433.947.452.189.440;14.689.176.416.426.700;14,92;100
2018-05-16 15:00:21+00:00;3.647.780.487.695.370;1.470.425.076.386.910;1,55;93
2018-05-16 16:00:21+00:00;44.067.454.309.425.400;1.519.056.033.935.080;14,14;10
2018-05-16 17:00:21+00:00;4.461.902.880.939.160;13.528.494.924.887;10,22;2
2018-05-16 18:00:21+00:00;20.461.552.106.447.000;12.163.875.512.871.700;12,01;100
2018-05-16 19:00:21+00:00;4.365.570.646.570.660;1.417.948.433.027.730;12,41;11
2018-05-16 20:00:21+00:00;2.853.346.476.587.330;16.578.898.496.181.600;9,37;26
2018-05-16 21:00:21+00:00;330.133.473.390.984;148.586.119.942.215;14,21;84
2018-05-16 22:00:21+00:00;3.366.008.092.711.390;10.266.605.565.214.100;0,06;7
2018-05-16 23:00:21+00:00;30.547.931.528.746.300;13.085.906.654.976.600;9,44;6
2018-05-17 00:00:21+00:00;54.013.477.096.938.700;11.953.236.345.941.700;10,17;100
2018-05-17 01:00:21+00:00;16.436.701.152.083.500;17.396.437.956.444.400;14,51;100
2018-05-17 02:00:21+00:00;9,02774E+15;12.999.246.527.959.100;11,17;31
2018-05-17 03:00:21+00:00;2.694.702.396.258.610;17.158.218.307.962.900;1,61;100
2018-05-17 04:00:21+00:00;32.912.377.378.386.400;14.065.533.144.995.600;11,79;92
2018-05-17 05:00:21+00:00;25.612.571.469.575.100;12.530.004.351.826.100;10,34;87
2018-05-17 06:00:21+00:00;2.434.182.952.327.730;11.197.214.669.808.600;12,02;94
2018-05-17 07:00:21+00:00;4.476.639.189.164.970;12.669.603.779.549.800;9,98;6
2018-05-17 08:00:21+00:00;3.698.934.317.808.820;13.555.949.577.120.900;10,61;35
2018-05-17 09:00:21+00:00;6.893.553.228.125.070;10.813.033.481.027.200;9,55;100
2018-05-17 10:00:21+00:00;24.843.625.970.701.000;15.077.948.109.569.800;16,06;100
2018-05-17 11:00:21+00:00;41.285.117.094.851.100;11.467.958.505.576.600;50,00;41
2018-05-17 12:00:21+00:00;44.082.016.721.117.700;9.987.833.636.374.340;4,56;50
2018-05-17 13:00:21+00:00;3.314.627.218.133.040;10.321.788.826.569.900;8,24;11
2018-05-17 14:00:21+00:00;2.230.376.733.377.190;12.359.849.361.230.200;12,68;36
2018-05-17 15:00:21+00:00;3.381.212.648.514.900;14.854.344.302.925.600;13,05;100
2018-05-17 16:00:21+00:00;4.104.592.429.764.720;1.750.389.666.666.630;12,97;100
2018-05-17 17:00:21+00:00;2.728.400.350.060.680;1.294.287.552.099.190;10,37;100
2018-05-17 18:00:21+00:00;3.212.773.518.048.680;1.433.177.607.918.830;9,50;9
2018-05-17 19:00:21+00:00;3.399.933.649.538.720;13.353.868.461.506.700;7,12;78
2018-05-17 20:00:21+00:00;27.489.601.149.606.900;8.356.886.316.328.130;6,12;87
2018-05-17 21:00:21+00:00;5.171.519.625.856.620;14.441.354.266.563.200;9,56;100
2018-05-17 22:00:21+00:00;3.763.266.072.544.810;13.472.329.652.224.800;10,15;100
2018-05-17 23:00:21+00:00;3.451.959.561.356.010;9.700.078.311.206.040;0,48;100
2018-05-18 00:00:21+00:00;4.433.784.626.860.290;1.762.517.414.661.420;1,75;34
2018-05-18 01:00:21+00:00;3.693.028.478.512.040;14.980.819.480.447.200;13,88;61
2018-05-18 02:00:21+00:00;5.255.864.999.808.570;9.482.989.548.359.130;6,52;7
2018-05-18 03:00:21+00:00;23.828.106.461.687.300;14.795.315.264.081.600;11,93;93
2018-05-18 04:00:21+00:00;4.031.354.454.247.350;208.669.280.729.462;1,88;100
2018-05-18 05:00:21+00:00;35.240.691.842.944.900;1.354.094.645.614.740;11,45;15
2018-05-18 06:00:21+00:00;5.206.917.389.684.860;15.200.498.910.594.300;11,47;74
2018-05-18 07:00:21+00:00;4.846.749.446.410.510;12.146.740.870.605.000;10,66;100
2018-05-18 08:00:21+00:00;3.970.262.086.841.180;1.243.553.940.797.690;9,42;100
2018-05-18 09:00:21+00:00;3.786.758.255.998.590;1.731.953.664.515.660;13,57;59
2018-05-18 10:00:21+00:00;3.388.047.804.049.640;15.067.514.019.791.900;15,55;52
2018-05-18 11:00:21+00:00;4.901.050.759.448.490;16.120.406.937.154.000;13,75;1
2018-05-18 12:00:21+00:00;2.894.910.833.614.130;12.954.734.918.625.000;10,21;33
2018-05-18 13:00:21+00:00;3.434.771.261.362.230;1.462.224.617.148.590;0,97;30
2018-05-18 14:00:21+00:00;4.373.502.271.244.510;1.333.936.589.683.610;11,75;100
2018-05-18 15:00:21+00:00;25.479.079.182.873.400;15.015.799.786.804.600;14,08;85
2018-05-18 16:00:21+00:00;22.694.425.184.309.500;1.324.973.247.494.190;12,91;66
2018-05-18 17:00:21+00:00;4.544.652.342.921.830;17.839.181.732.873.200;1,94;100
2018-05-18 18:00:21+00:00;17.419.261.430.369.100;12.951.899.559.415.100;0,08;100
2018-05-18 19:00:21+00:00;4.704.778.697.462.060;14.557.758.944.169.900;7,64;46
2018-05-18 20:00:21+00:00;3.300.084.660.504.730;9.156.906.565.006.270;9,32;100
2018-05-18 21:00:21+00:00;1.890.701.967.444.200;1.641.450.816.702.010;10,73;100
2018-05-18 22:00:21+00:00;54.163.215.046.376.100;10.676.181.829.144.800;50,00;100
2018-05-18 23:00:21+00:00;13.168.695.338.277.100;1.195.717.134.995.090;10,68;100
2018-05-19 00:00:21+00:00;5.105.704.047.875.680;10.521.523.693.183.600;9,04;100
2018-05-19 01:00:21+00:00;7.388.039.053.761.490;10.068.413.457.047.100;6,77;100
2018-05-19 02:00:21+00:00;56.403.530.658.575.300;15.883.366.871.196.800;11,06;84
2018-05-19 03:00:21+00:00;3.238.018.951.088.470;11.607.554.111.105.100;9,35;66
2018-05-19 04:00:21+00:00;5.662.883.570.567.060;9.984.977.046.466.960;7,03;91
2018-05-19 05:00:21+00:00;5.159.245.402.995.840;9.838.333.530.419.280;8,12;98
2018-05-19 06:00:21+00:00;2.392.595.322.901.240;16.213.816.219.506.100;10,97;52
2018-05-19 07:00:21+00:00;234.363.849.550.735;12.644.346.691.133.200;8,36;57
2018-05-19 08:00:21+00:00;38.797.172.894.448.900;13.404.673.997.069.200;7,63;100
2018-05-19 09:00:21+00:00;416.255.089.040.869;15.762.010.162.332.000;13,34;100
2018-05-19 10:00:21+00:00;4.829.866.201.629.300;14.960.008.794.285.200;10,67;33
2018-05-19 11:00:21+00:00;4.811.155.008.946.610;13.992.127.675.385.600;1,27;100
2018-05-19 12:00:21+00:00;37.166.914.968.615.300;16.608.147.001.308.700;8,88;100
2018-05-19 13:00:21+00:00;30.392.705.043.992.900;10.403.421.820.271.300;5,55;96
2018-05-19 14:00:21+00:00;4.750.899.156.870.450;12.778.716.774.072.700;9,87;1
2018-05-19 15:00:21+00:00;4.909.970.759.726.670;15.726.412.151.433.500;11,23;62
2018-05-19 16:00:21+00:00;3.556.402.807.780.380;18.000.971.006.150.300;12,24;86
2018-05-19 17:00:21+00:00;31.237.441.253.880.800;18.268.244.749.398.200;14,05;1
2018-05-19 18:00:21+00:00;30.570.440.044.742.800;10.623.006.531.799.900;7,93;100
2018-05-19 19:00:21+00:00;1.654.249.209.393.330;13.705.675.753.874.600;1,27;92
2018-05-19 20:00:21+00:00;25.807.750.972.983.200;14.719.803.013.484.700;1,23;54
2018-05-19 21:00:21+00:00;54.212.063.797.702.000;1.312.835.529.230.150;12,76;95
2018-05-19 22:00:21+00:00;354.061.476.747.228;15.211.200.730.532.300;15,24;91
2018-05-19 23:00:21+00:00;2.577.119.274.033.390;19.006.753.268.934.300;13,94;12
2018-05-20 00:00:21+00:00;3.608.994.458.179.360;11.341.836.565.475.100;11,28;8
2018-05-20 01:00:21+00:00;3.208.309.232.521.280;1.048.113.611.927.600;10,13;60
2018-05-20 02:00:21+00:00;4.056.404.017.580.120;15.070.439.777.026.400;11,97;100
2018-05-20 03:00:21+00:00;3.148.065.674.497.920;12.398.002.802.119.000;10,97;100
2018-05-20 04:00:21+00:00;34.252.526.250.803.400;15.165.168.706.763.200;12,52;100
2018-05-20 05:00:21+00:00;931.074.789.203.107;13.996.431.383.426.000;11,08;95
2018-05-20 06:00:21+00:00;23.157.061.473.387.800;13.073.116.825.099.400;10,98;100
2018-05-20 07:00:21+00:00;4.018.475.676.165.140;11.849.769.550.215.200;10,13;66
2018-05-20 08:00:21+00:00;3.355.274.599.336.520;13.758.889.029.912.400;13,05;100
2018-05-20 09:00:21+00:00;43.396.434.294.279.700;12.576.413.475.231.200;7,97;100
2018-05-20 10:00:21+00:00;37.674.263.310.289.900;1.623.328.944.504.870;14,51;100
2018-05-20 11:00:21+00:00;5.341.154.758.733.660;1.377.868.043.361.030;8,72;7
2018-05-20 12:00:21+00:00;-3,71791E+16;10.432.975.983.615.600;8,18;75
2018-05-20 13:00:21+00:00;33.426.364.219.897.400;169.204.275.652.978;14,06;4
2018-05-20 14:00:21+00:00;4.388.333.680.740.360;13.191.358.215.753.900;5,53;10
2018-05-20 15:00:21+00:00;3.455.960.842.205.000;18.583.861.202.358.800;14,28;39
2018-05-20 16:00:21+00:00;3.249.840.223.407.110;12.870.477.321.559.200;11,19;100
2018-05-20 17:00:21+00:00;30.717.476.636.753.300;1.158.720.517.656.840;9,05;70
2018-05-20 18:00:21+00:00;2.761.332.759.245.350;12.800.097.645.924.800;8,40;8
2018-05-20 19:00:21+00:00;30.024.259.573.147.900;13.280.128.858.232.500;12,07;6
2018-05-20 20:00:21+00:00;2.406.202.510.750.810;12.901.722.977.445.700;8,74;100
2018-05-20 21:00:21+00:00;3.276.320.053.917.970;11.990.122.243.772.000;10,01;86
2018-05-20 22:00:21+00:00;25.334.420.038.787.900;1.241.962.797.368.290;9,71;55
2018-05-20 23:00:21+00:00;47.987.477.092.762.800;17.528.554.460.796.800;13,85;77
2018-05-21 00:00:21+00:00;24.789.884.665.444.300;1.291.410.049.833.360;10,67;100
2018-05-21 01:00:21+00:00;5.359.558.806.979.340;1.873.066.011.395.290;13,75;100
2018-05-21 02:00:21+00:00;4.674.646.110.385.860;16.059.320.587.093.600;14,66;72
2018-05-21 03:00:21+00:00;5.069.577.028.231.550;1.337.214.129.912.770;9,07;100
2018-05-21 04:00:21+00:00;3.451.660.027.419.000;1.512.175.172.031.170;1,38;100
2018-05-21 05:00:21+00:00;21.551.129.962.082.300;1.223.880.920.515.280;9,05;100
2018-05-21 06:00:21+00:00;12.770.964.233.984.500;1.611.213.608.119.720;8,91;92
2018-05-21 07:00:21+00:00;4.499.255.798.892.030;16.750.534.311.160.200;1,18;100
2018-05-21 08:00:21+00:00;3.374.151.724.760.150;14.972.223.147.381.300;14,60;32
2018-05-21 09:00:21+00:00;30.316.229.685.456.300;12.298.036.104.724.000;12,15;100
2018-05-21 10:00:21+00:00;43.375.746.817.767.100;14.968.892.814.568.200;8,07;57
2018-05-21 11:00:21+00:00;699.301.527.322.872;11.837.097.030.849.500;7,99;80
2018-05-21 12:00:21+00:00;3.739.401.781.514.720;10.163.903.645.557.800;42,47;100
2018-05-21 13:00:21+00:00;4.946.685.181.002.850;14.157.978.778.865.500;11,53;6
2018-05-21 14:00:21+00:00;3.513.661.170.912.670;9.570.754.812.894.590;6,30;68
2018-05-21 15:00:21+00:00;4.831.214.012.703.460;12.517.558.088.135.900;10,72;100
2018-05-21 16:00:21+00:00;3.648.820.985.451.880;14.417.781.649.326.200;12,88;95
2018-05-21 17:00:21+00:00;456.365.413.804.226;17.319.626.575.568.100;1,69;100
2018-05-21 18:00:21+00:00;44.123.377.277.210.300;11.974.136.220.327.400;13,03;35
2018-05-21 19:00:21+00:00;28.324.746.434.691.500;11.069.000.362.595.200;12,70;67
2018-05-21 20:00:21+00:00;17.079.287.924.382.800;15.439.418.230.459.200;1,42;100
2018-05-21 21:00:21+00:00;651.954.309.665.573;14.052.612.672.159.500;1,09;81
2018-05-21 22:00:21+00:00;40.786.984.182.556.300;13.706.419.150.394.000;7,33;34
2018-05-21 23:00:21+00:00;5.427.625.934.186.770;9.916.265.109.868.950;50,00;27
2018-05-22 00:00:21+00:00;4.203.197.349.845.380;16.160.823.321.027.700;10,21;40
2018-05-22 01:00:21+00:00;5.527.380.054.110.830;8.406.303.788.717.830;7,64;73
2018-05-22 02:00:21+00:00;5.674.174.946.872.190;13.998.503.862.457.700;1,54;100
2018-05-22 03:00:21+00:00;4.089.651.125.534.860;1.649.941.349.187.970;11,41;70
2018-05-22 04:00:21+00:00;6.916.619.264.829.940;13.802.360.667.512.800;8,08;79
2018-05-22 05:00:21+00:00;20.866.759.937.997.700;12.926.853.015.888.000;8,28;100
2018-05-22 06:00:21+00:00;27.892.579.668.749.100;11.008.859.209.823.000;12,34;100
2018-05-22 07:00:21+00:00;18.389.342.244.447.300;1.213.822.017.883.430;12,23;83
2018-05-22 08:00:21+00:00;12.307.146.990.724.700;18.845.526.531.370.300;1,72;100
2018-05-22 09:00:21+00:00;35.607.272.890.259;12.195.715.741.887.500;7,06;84
2018-05-22 10:00:21+00:00;20.203.763.278.212.700;1.463.056.927.301.260;13,55;100
2018-05-22 11:00:21+00:00;2.619.579.161.867.620;11.502.564.303.532.800;9,31;100
2018-05-22 12:00:21+00:00;39.366.833.041.789.400;12.791.184.318.293.000;11,95;69
2018-05-22 13:00:21+00:00;26.004.134.803.674.700;9.573.527.526.669.790;5,53;33
2018-05-22 14:00:21+00:00;36.444.177.464.889.400;13.404.717.604.986.100;10,67;87
2018-05-22 15:00:21+00:00;3.238.548.668.944.460;12.647.200.962.026.600;8,94;67
2018-05-22 16:00:21+00:00;47.988.600.965.765.300;168.000.471.236.166;14,82;100
2018-05-22 17:00:21+00:00;28.105.698.323.530.400;11.474.988.795.921.500;13,58;70
2018-05-22 18:00:21+00:00;186.373.772.120.334;12.485.387.317.464.200;7,38;13
2018-05-22 19:00:21+00:00;30.631.173.254.677.100;15.719.436.747.711.600;12,15;68
2018-05-22 20:00:21+00:00;6.309.507.947.373.550;1.344.403.408.261.120;12,83;100
2018-05-22 21:00:21+00:00;5.536.552.644.062.150;13.128.103.380.489.000;0,97;100
2018-05-22 22:00:21+00:00;5.678.975.175.442.310;13.104.673.471.326.200;8,84;100
2018-05-22 23:00:21+00:00;4.188.550.015.755.120;1.112.260.140.906.230;9,09;98
2018-05-23 00:00:21+00:00;38.404.643.442.507.300;12.474.082.593.908.100;9,17;86
2018-05-23 01:00:21+00:00;2.261.116.925.193.790;13.719.298.909.143.400;14,48;93
2018-05-23 02:00:21+00:00;4.255.422.196.325.690;1.070.505.737.640.050;9,20;100
2018-05-23 03:00:21+00:00;1.922.057.451.955.630;10.946.428.238.927.000;9,76;77
2018-05-23 04:00:21+00:00;31.923.522.404.808.600;16.474.850.922.414.700;1,14;85
2018-05-23 05:00:21+00:00;40.263.917.748.512.700;14.739.844.890.856.000;12,07;46
2018-05-23 06:00:21+00:00;27.542.184.242.680.100;14.257.706.534.575.300;1,13;100
2018-05-23 07:00:21+00:00;4.161.764.538.086.090;12.205.944.626.811.300;11,14;100
2018-05-23 08:00:21+00:00;285.483.832.918.662;14.060.835.130.892.600;12,58;39
2018-05-23 09:00:21+00:00;4.587.219.803.647.530;7.694.840.336.584.200;5,03;79
2018-05-23 10:00:21+00:00;4.653.768.430.582.040;10.596.556.542.125.900;8,74;71
2018-05-23 11:00:21+00:00;4.303.675.862.942.390;15.041.950.551.173.300;13,98;6
2018-05-23 12:00:21+00:00;28.539.305.805.365.400;11.887.769.181.805.200;0,83;100
2018-05-23 13:00:21+00:00;34.638.163.639.724.900;13.015.977.551.504.700;14,22;100
2018-05-23 14:00:21+00:00;6.705.106.329.421.310;14.394.857.882.133.500;9,17;100
2018-05-23 15:00:21+00:00;4.540.150.343.917.840;11.699.990.279.575.700;0,88;100
2018-05-23 16:00:21+00:00;282.584.912.086.366;12.021.777.356.261.400;7,82;100
2018-05-23 17:00:21+00:00;4.039.932.321.385.480;12.653.895.354.056.200;11,14;88
2018-05-23 18:00:21+00:00;4.286.710.405.443.920;13.892.189.713.262.500;11,14;100
2018-05-23 19:00:21+00:00;3.304.503.034.331.230;9.570.233.682.628.740;4,97;68
2018-05-23 20:00:21+00:00;33.125.420.536.925.000;1.425.694.477.903.380;15,57;100
2018-05-23 21:00:21+00:00;1.329.053.578.265.850;13.467.940.730.154.700;9,61;100
2018-05-23 22:00:21+00:00;3.342.786.711.061.680;13.790.713.293.718.600;0,71;60
2018-05-23 23:00:21+00:00;1.983.736.710.051.760;11.728.507.460.591.000;9,86;97
2018-05-24 00:00:21+00:00;20.345.658.493.937.900;13.401.642.042.034.800;10,97;6
2018-05-24 01:00:21+00:00;29.093.617.196.466.900;15.844.813.738.839.900;0,11;100
2018-05-24 02:00:21+00:00;4.092.282.913.592.920;15.177.111.770.801.200;10,46;49
2018-05-24 03:00:21+00:00;9.148.262.795.837.790;16.501.874.658.010.800;13,16;41
2018-05-24 04:00:21+00:00;32.104.096.466.487.900;11.340.933.001.281.100;0,70;61
2018-05-24 05:00:21+00:00;1.621.263.589.049.170;15.181.830.953.198.800;0,14;100
2018-05-24 06:00:21+00:00;63.357.778.719.743.000;12.011.518.498.100.600;11,15;11
2018-05-24 07:00:21+00:00;18.947.875.686.483.500;80.210.086.034.178;6,56;76
2018-05-24 08:00:21+00:00;3.345.718.766.300.430;15.786.671.905.622.800;10,32;100
2018-05-24 09:00:21+00:00;1.905.303.584.157.370;15.398.674.946.399.200;10,07;94
2018-05-24 10:00:21+00:00;3.886.479.173.491.000;17.127.329.128.198.700;14,42;49
2018-05-24 11:00:21+00:00;7.802.551.495.849.820;9.975.181.198.133.970;8,82;10
2018-05-24 12:00:21+00:00;53.513.349.569.759;1.392.308.853.190.590;11,19;44
2018-05-24 13:00:21+00:00;6.697.715.504.253.360;12.983.894.282.318.300;1,14;100
2018-05-24 14:00:21+00:00;4.907.885.183.221.470;16.300.277.881.814.700;14,10;8
2018-05-24 15:00:21+00:00;3.843.916.521.857.290;10.154.638.819.875.400;8,17;96
2018-05-24 16:00:21+00:00;30.674.561.880.081.900;12.910.525.975.870.200;10,49;99
2018-05-24 17:00:21+00:00;22.410.626.822.765.100;13.752.728.601.059.000;0,77;75
2018-05-24 18:00:21+00:00;1.853.293.856.504.460;15.324.213.832.055.400;12,32;100
2018-05-24 19:00:21+00:00;27.051.274.248.925.700;14.531.027.086.294.700;11,31;10
2018-05-24 20:00:21+00:00;4.254.685.265.512.980;1.344.671.532.107.680;9,14;100
2018-05-24 21:00:21+00:00;29.053.658.201.601.000;12.770.847.328.842.700;11,39;9
2018-05-24 22:00:21+00:00;3.309.451.626.565.180;13.309.237.791.722.000;10,52;100
2018-05-24 23:00:21+00:00;3.817.270.870.978.460;15.349.478.088.453.800;1,29;45
2018-05-25 00:00:21+00:00;4.864.442.392.500.710;11.522.005.130.975.800;5,26;99
2018-05-25 01:00:21+00:00;59.765.668.554.406.700;12.956.926.890.287.600;10,01;100
2018-05-25 02:00:21+00:00;14.994.136.539.900.200;1.295.742.634.902.610;11,65;19
2018-05-25 03:00:21+00:00;6.280.326.516.387.770;846.334.260.464.787;6,01;91
2018-05-25 04:00:21+00:00;55.009.318.791.970.300;8.779.437.441.357.270;6,67;100
2018-05-25 05:00:21+00:00;4.702.092.769.547.180;9.906.917.766.081.290;8,40;12
2018-05-25 06:00:21+00:00;31.568.061.007.265.100;13.007.858.819.055.900;1,04;11
2018-05-25 07:00:21+00:00;2.952.403.600.456.340;14.740.254.352.816.100;14,42;32
2018-05-25 08:00:21+00:00;4.964.979.116.227.600;12.027.772.720.821.800;10,69;23
2018-05-25 09:00:21+00:00;32.540.992.628.340.400;958.337.458.207.409;8,60;100
2018-05-25 10:00:21+00:00;9.549.202.076.316.660;15.815.047.491.519.100;13,30;85
2018-05-25 11:00:21+00:00;33.389.876.614.392.400;14.205.277.719.687.100;13,86;96
2018-05-25 12:00:21+00:00;27.959.298.528.118.600;12.979.460.536.837.000;11,25;100
2018-05-25 13:00:21+00:00;4.889.178.847.118.620;14.115.623.290.044.400;9,12;100
2018-05-25 14:00:21+00:00;18.976.122.873.628.100;10.965.824.001.391.200;10,85;54
2018-05-25 15:00:21+00:00;6.581.408.248.691.540;16.028.978.416.765.600;11,28;59
2018-05-25 16:00:21+00:00;34.393.690.471.976.300;1.429.849.042.781.040;12,58;41
2018-05-25 17:00:21+00:00;13.809.706.517.969.500;13.166.950.072.580.600;8,22;100
2018-05-25 18:00:21+00:00;36.337.670.160.339.600;12.699.555.540.379.500;6,84;100
2018-05-25 19:00:21+00:00;41.051.344.286.523.600;13.698.073.986.399.600;10,41;98
2018-05-25 20:00:21+00:00;51.015.152.910.883.400;14.695.688.045.235.400;15,09;100
2018-05-25 21:00:21+00:00;38.127.026.789.375.400;929.725.128.602.767;5,44;12
2018-05-25 22:00:21+00:00;3.834.610.974.240.430;1.162.655.787.677.130;7,12;100
2018-05-25 23:00:21+00:00;3.688.059.149.982.680;12.722.172.782.437.600;8,75;75
2018-05-26 00:00:21+00:00;20.489.814.198.290.500;1.262.487.335.659.580;0,62;9
2018-05-26 01:00:21+00:00;3.662.821.647.929.700;11.797.806.392.134.800;12,09;87
2018-05-26 02:00:21+00:00;3.443.527.920.137.090;1.541.146.819.028.560;16,08;43
2018-05-26 03:00:21+00:00;27.272.748.792.277.600;11.850.011.032.592.400;9,13;9
2018-05-26 04:00:21+00:00;12.376.058.376.555.200;10.930.592.437.220.800;50,00;100
2018-05-26 05:00:21+00:00;3.108.613.246.886.480;12.389.312.668.656.300;8,95;37
2018-05-26 06:00:21+00:00;4.185.565.871.580.040;17.179.525.160.416.700;11,72;88
2018-05-26 07:00:21+00:00;5.437.128.405.886.460;13.557.434.015.682.900;11,04;78
2018-05-26 08:00:21+00:00;333.713.933.280.912;12.355.244.134.548.400;11,66;99
2018-05-26 09:00:21+00:00;3.402.182.898.599.620;12.723.721.836.003.800;1,36;52
2018-05-26 10:00:21+00:00;3.363.932.464.739.060;927.396.417.052.659;5,86;100
2018-05-26 11:00:21+00:00;3.966.695.545.728.210;13.070.321.774.230.900;0,87;100
2018-05-26 12:00:21+00:00;29.081.505.295.294.800;14.100.075.617.504.300;12,48;100
2018-05-26 13:00:21+00:00;4.231.065.259.786.020;145.874.283.542.295;11,14;47
2018-05-26 14:00:21+00:00;62.773.682.620.217.300;13.139.865.062.052.600;10,38;9
2018-05-26 15:00:21+00:00;43.299.827.983.686.500;11.712.741.978.706.500;8,80;100
2018-05-26 16:00:21+00:00;29.008.088.582.244.600;15.719.413.539.215.900;0,13;5
2018-05-26 17:00:21+00:00;3.435.156.472.180.590;12.616.976.541.160.700;11,12;100
2018-05-26 18:00:21+00:00;15.989.471.329.458.000;1.114.490.431.536.240;8,90;49
2018-05-26 19:00:21+00:00;35.907.897.955.709.900;11.659.205.755.628.900;7,89;39
2018-05-26 20:00:21+00:00;42.593.573.370.406.300;12.707.816.533.981.900;12,24;17
2018-05-26 21:00:21+00:00;50.295.264.460.876.700;12.808.950.686.997.800;9,94;100
2018-05-26 22:00:21+00:00;3.622.397.135.193.290;1.221.144.231.295.270;12,62;68
2018-05-26 23:00:21+00:00;3.939.793.902.128.840;14.280.887.380.400.700;9,33;100
2018-05-27 00:00:21+00:00;4.356.332.223.570.700;13.312.668.588.132.100;9,66;18
2018-05-27 01:00:21+00:00;2.501.446.317.234.640;15.668.730.124.770.900;0,97;100
2018-05-27 02:00:21+00:00;5.197.176.184.244.460;13.715.621.485.768.800;12,39;100
2018-05-27 03:00:21+00:00;18.540.536.535.922.600;1.266.064.942.781.240;10,96;100
2018-05-27 04:00:21+00:00;4.643.208.068.342.400;1.229.698.766.659.070;10,95;100
2018-05-27 05:00:21+00:00;2.146.163.181.560.370;12.557.191.356.646.800;0,93;100
2018-05-27 06:00:21+00:00;18.867.954.810.224.300;10.912.663.383.716.000;10,28;29
2018-05-27 07:00:21+00:00;250.522.918.152.488;12.951.485.747.610.900;11,47;14
2018-05-27 08:00:21+00:00;4.270.084.129.777.700;14.687.671.926.271.100;1,07;85
2018-05-27 09:00:21+00:00;21.469.388.862.293.900;15.411.977.204.959.700;16,16;89
2018-05-27 10:00:21+00:00;4.638.376.078.145.480;13.959.055.128.783.600;11,23;47
2018-05-27 11:00:21+00:00;3.270.634.688.003.390;2.173.416.890.073.530;1,78;48
2018-05-27 12:00:21+00:00;20.430.621.224.974.500;14.310.462.217.006.300;13,21;100
2018-05-27 13:00:21+00:00;3.402.347.689.523.680;9.318.476.538.145.970;5,94;12
2018-05-27 14:00:21+00:00;45.085.809.020.250.700;14.530.494.204.748.100;11,60;100
2018-05-27 15:00:21+00:00;50.978.025.265.055.000;16.267.743.147.704.400;11,64;25
2018-05-27 16:00:21+00:00;45.231.134.629.994.600;12.880.821.853.979.100;7,87;9
2018-05-27 17:00:21+00:00;49.228.505.579.747.200;9.972.510.303.382.570;9,06;8
2018-05-27 18:00:21+00:00;3.745.023.111.882.550;9.134.001.479.993.260;20,83;100
2018-05-27 19:00:21+00:00;30.240.379.292.713.400;13.291.431.348.933.100;7,56;71
2018-05-27 20:00:21+00:00;339.145.275.147.938;1.106.445.934.710.800;10,35;46
2018-05-27 21:00:21+00:00;54.009.884.467.220.200;13.016.437.845.709.200;7,38;7
2018-05-27 22:00:21+00:00;25.037.116.447.318.800;1.261.421.539.605.420;8,88;6
2018-05-27 23:00:21+00:00;3.479.405.175.736.540;17.085.700.918.047.700;1,42;69
2018-05-28 00:00:21+00:00;39.735.305.199.260.700;15.554.733.084.348.000;13,45;1
2018-05-28 01:00:21+00:00;33.157.805.816.761.100;12.156.638.018.523.800;1,07;100
2018-05-28 02:00:21+00:00;5.281.189.314.800.540;12.516.381.972.356.800;11,37;65
2018-05-28 03:00:21+00:00;3.938.293.925.304.720;15.782.240.388.828.900;10,50;100
2018-05-28 04:00:21+00:00;3.804.001.512.266.820;13.814.180.952.332.900;12,07;46
2018-05-28 05:00:21+00:00;3.790.550.545.746.860;1.429.360.293.635.270;10,49;12
2018-05-28 06:00:21+00:00;4.901.031.562.472.170;16.389.894.418.713.100;7,76;86
2018-05-28 07:00:21+00:00;31.280.362.739.836.900;11.652.908.404.475.700;12,61;87
2018-05-28 08:00:21+00:00;26.074.543.789.347.100;15.834.290.346.564.300;11,77;100
2018-05-28 09:00:21+00:00;4.194.727.588.193.770;12.569.180.133.057.500;10,06;6
2018-05-28 10:00:21+00:00;45.467.711.727.579.400;8.079.698.269.062.040;0,49;100
2018-05-28 11:00:21+00:00;4.377.675.203.154.590;10.691.437.045.508.300;9,60;100
2018-05-28 12:00:21+00:00;670.231.696.562.617;1.127.397.161.645.790;8,18;96
2018-05-28 13:00:21+00:00;3.404.393.608.085.130;16.777.113.082.797.800;11,90;10
2018-05-28 14:00:21+00:00;3.655.575.193.322.390;13.221.513.132.727.200;15,62;29
2018-05-28 15:00:21+00:00;44.754.639.154.691.200;1.278.712.437.006.240;4,58;100
2018-05-28 16:00:21+00:00;2.024.632.116.410.110;1.715.321.285.824.940;12,66;100
2018-05-28 17:00:21+00:00;4.417.524.193.396.100;11.637.169.685.624.800;9,69;88
2018-05-28 18:00:21+00:00;28.060.762.739.279.000;12.567.042.717.846.300;0,77;100
2018-05-28 19:00:21+00:00;34.650.557.186.744.500;13.598.192.460.632.500;9,36;100
2018-05-28 20:00:21+00:00;5.343.427.102.171.940;13.397.670.827.634.400;1,12;78
2018-05-28 21:00:21+00:00;37.888.568.604.864.300;1.434.358.828.991.800;6,38;100
2018-05-28 22:00:21+00:00;3.756.194.225.117.320;14.854.295.347.650.200;0,15;1
2018-05-28 23:00:21+00:00;4.374.119.328.215.060;11.513.516.087.132.800;9,57;100
2018-05-29 00:00:21+00:00;4.639.613.309.488.840;8.984.729.084.929.260;7,47;6
2018-05-29 01:00:21+00:00;2,90411E+15;14.487.518.902.150.200;11,53;81
2018-05-29 02:00:21+00:00;4.844.312.306.199.730;90.321.095.319.031;50,00;100
2018-05-29 03:00:21+00:00;51.363.386.677.673.900;14.307.060.591.119.700;10,82;14
2018-05-29 04:00:21+00:00;36.473.225.592.620.300;1.530.409.772.035.160;12,45;100
2018-05-29 05:00:21+00:00;11.315.218.541.240.200;16.255.618.632.034.300;11,88;2
2018-05-29 06:00:21+00:00;26.618.830.626.377.400;1.320.920.772.588.850;9,79;100
2018-05-29 07:00:21+00:00;1.866.830.358.665.750;18.395.938.362.669.800;15,53;100
2018-05-29 08:00:21+00:00;376.047.378.889.612;1.015.077.829.542.260;5,26;67
2018-05-29 09:00:21+00:00;3.590.117.855.230.870;1.705.625.707.277.450;14,76;61
2018-05-29 10:00:21+00:00;5.079.469.101.523.110;11.664.918.729.903.300;14,04;100
2018-05-29 11:00:21+00:00;53.490.872.247.435.300;13.612.544.938.569.600;14,92;85
2018-05-29 12:00:21+00:00;6.789.625.107.618.970;13.905.714.528.155.500;11,71;69
2018-05-29 13:00:21+00:00;25.400.728.993.496.700;1.679.534.148.072.710;10,94;69
2018-05-29 14:00:21+00:00;3.667.564.815.438.270;10.862.346.043.531.900;11,46;91
2018-05-29 15:00:21+00:00;3.327.986.958.710.300;18.706.916.199.406.600;14,58;56
2018-05-29 16:00:21+00:00;290.101.716.937.295;8.324.680.612.842.230;9,51;100
2018-05-29 17:00:21+00:00;39.205.299.018.307.000;13.331.240.498.608.100;9,14;79
2018-05-29 18:00:21+00:00;4.453.514.686.790.710;14.917.225.484.964.100;1,08;100
2018-05-29 19:00:21+00:00;6.408.746.534.325.390;16.031.751.000.613.800;13,79;100
2018-05-29 20:00:21+00:00;4.500.182.466.382.520;10.059.678.888.168.600;6,67;87
2018-05-29 21:00:21+00:00;2.369.570.628.037.550;874.660.132.077.495;1,08;100
2018-05-29 22:00:21+00:00;17.211.134.224.156.800;1.670.616.052.999.600;14,49;100
2018-05-29 23:00:21+00:00;2.486.098.375.072.710;14.115.301.477.298.400;14,84;60
2018-05-30 00:00:21+00:00;4.603.114.656.188.220;8.903.507.874.099.770;4,85;15
2018-05-30 01:00:21+00:00;3.699.865.552.273.550;1.228.902.456.394.650;0,81;100
2018-05-30 02:00:21+00:00;19.775.204.455.538.700;11.733.140.530.162.700;14,83;10
2018-05-30 03:00:21+00:00;23.358.251.636.636.400;16.276.939.762.289.300;9,81;66
2018-05-30 04:00:21+00:00;49.744.388.752.486.000;12.646.389.773.513.900;1,28;100
2018-05-30 05:00:21+00:00;52.185.316.472.166.400;13.081.659.890.774.500;1,09;100
2018-05-30 06:00:21+00:00;7.623.707.708.475.310;12.904.934.299.824.600;9,47;61
2018-05-30 07:00:21+00:00;3.748.881.267.235.570;17.579.586.873.736.200;1,61;100
2018-05-30 08:00:21+00:00;45.641.675.912.188.200;15.726.713.057.965.900;15,84;5
2018-05-30 09:00:21+00:00;30.643.053.039.014.800;1.520.210.033.082.700;12,31;100
2018-05-30 10:00:21+00:00;4.861.067.868.127.780;14.016.319.701.855.100;11,78;19
2018-05-30 11:00:21+00:00;58.065.377.091.227.900;13.991.751.806.657.800;1,15;100
2018-05-30 12:00:21+00:00;49.644.062.525.828.700;11.318.753.719.827.800;8,91;7
2018-05-30 13:00:21+00:00;40.193.641.330.167.700;15.638.043.468.152.100;9,18;100
2018-05-30 14:00:21+00:00;24.664.458.892.431.900;12.613.226.507.641.100;0,84;100
2018-05-30 15:00:21+00:00;5.885.632.077.172.890;10.417.631.259.919.200;10,82;100
2018-05-30 16:00:21+00:00;23.769.453.448.978.100;13.168.161.187.938.400;9,49;80
2018-05-30 17:00:21+00:00;42.666.175.774.766.100;13.557.478.987.130.300;8,78;100
2018-05-30 18:00:21+00:00;26.355.634.295.997.800;16.790.318.142.464.100;12,72;35
2018-05-30 19:00:21+00:00;2.160.362.082.673.230;15.603.006.704.527.000;11,99;74
2018-05-30 20:00:21+00:00;5.360.298.813.964;111.284.698.392.205;6,04;90
2018-05-30 21:00:21+00:00;5.243.680.255.077.440;160.445.784.493.081;12,51;100
2018-05-30 22:00:21+00:00;2.424.707.053.129.460;72.266.822.938.223.300;50,00;100
2018-05-30 23:00:21+00:00;4.140.068.776.777.190;14.535.566.313.185.000;1,02;1
2018-05-31 00:00:21+00:00;3.439.185.021.675.180;11.855.794.769.003.300;10,12;69
2018-05-31 01:00:21+00:00;2.190.326.837.546.700;10.118.607.538.622.700;13,67;100
2018-05-31 02:00:21+00:00;25.408.413.654.252.400;1.066.337.529.796.420;7,91;100
2018-05-31 03:00:21+00:00;29.194.275.542.880.400;17.079.426.733.895.500;11,20;33
2018-05-31 04:00:21+00:00;3.837.331.476.477.650;14.621.040.573.164.900;13,80;79
2018-05-31 05:00:21+00:00;6.101.729.450.859.860;14.441.448.054.769.400;13,49;100
2018-05-31 06:00:21+00:00;4.776.782.359.681.320;15.878.024.146.826.200;15,01;1
2018-05-31 07:00:21+00:00;3.909.609.481.867.960;12.956.109.255.470.200;11,07;100
2018-05-31 08:00:21+00:00;32.808.048.475.652.600;16.867.821.510.269.200;12,32;32
2018-05-31 09:00:21+00:00;15.024.962.722.592.900;1.298.616.685.986.980;10,70;37
2018-05-31 10:00:21+00:00;30.693.699.919.922.700;58.834.428.306.282.100;35,65;63
2018-05-31 11:00:21+00:00;4.859.339.820.629.870;17.425.685.235.175.200;16,63;100
2018-05-31 12:00:21+00:00;50.583.731.175.632.000;6.369.730.958.146.430;7,10;51
2018-05-31 13:00:21+00:00;19.560.383.722.189.300;12.878.185.858.804.400;7,14;91
2018-05-31 14:00:21+00:00;31.097.555.925.928.400;1.535.163.825.060.480;1,14;67
2018-05-31 15:00:21+00:00;20.784.012.315.534.800;7.823.168.018.165.420;7,93;97
2018-05-31 16:00:21+00:00;4.464.232.337.595.190;1.317.220.093.929.040;8,09;10
2018-05-31 17:00:21+00:00;408.468.794.082.453;13.130.435.194.485.000;10,56;100
2018-05-31 18:00:21+00:00;1.638.075.230.419.740;15.751.198.446.335.200;0,09;100
2018-05-31 19:00:21+00:00;42.807.091.072.830.100;14.696.769.742.621.300;10,95;82
2018-05-31 20:00:21+00:00;48.096.794.769.063.700;10.273.648.525.442.700;8,15;76
2018-05-31 21:00:21+00:00;4.593.125.088.139.440;11.950.757.078.358.300;7,21;100
2018-05-31 22:00:21+00:00;3.354.150.976.425.810;10.923.530.915.963.700;9,00;100
2018-05-31 23:00:21+00:00;4.497.594.587.813.040;9.020.428.689.551.240;8,27;100
2018-06-01 00:00:21+00:00;485.014.511.818.436;11.945.968.348.568.000;7,71;100
2018-06-01 01:00:21+00:00;6.791.245.460.201.460;1.712.373.581.476.530;15,14;100
2018-06-01 02:00:21+00:00;4.329.568.342.594.100;14.604.077.652.673.600;13,74;6
2018-06-01 03:00:21+00:00;11.221.439.361.643.100;1.455.965.224.066.000;11,25;100
2018-06-01 04:00:21+00:00;30.366.890.864.959.900;10.589.086.039.727.000;4,91;15
2018-06-01 05:00:21+00:00;3.443.785.363.156.250;8.793.087.506.564.820;5,75;82
2018-06-01 06:00:21+00:00;42.385.831.660.347.100;14.903.858.100.591.800;12,48;67
2018-06-01 07:00:21+00:00;3.341.023.555.854.350;15.973.891.002.629.300;10,47;100
2018-06-01 08:00:21+00:00;44.366.921.863.260.100;1.392.067.731.503.630;10,82;100
2018-06-01 09:00:21+00:00;28.444.841.887.102.800;15.367.941.226.253.600;10,58;100
2018-06-01 10:00:21+00:00;4.453.360.030.131.530;12.714.042.969.101.900;10,14;100
2018-06-01 11:00:21+00:00;41.792.603.108.182.700;13.660.217.525.384.200;10,48;16
2018-06-01 12:00:21+00:00;392.462.838.159.776;11.774.452.481.291.200;9,33;44
2018-06-01 13:00:21+00:00;30.760.863.815.841.100;14.461.582.251.171.700;12,54;100
2018-06-01 14:00:21+00:00;3.305.946.224.468.400;13.074.479.238.283.400;9,91;9
2018-06-01 15:00:21+00:00;3.432.533.793.980.240;14.994.287.421.646.600;15,31;10
2018-06-01 16:00:21+00:00;2.529.515.127.416.040;15.423.038.077.002.200;15,16;92
2018-06-01 17:00:21+00:00;3.505.732.586.959.340;12.668.019.631.305.300;11,02;41
2018-06-01 18:00:21+00:00;3.883.755.866.640.910;14.771.467.092.869.500;1,28;100
2018-06-01 19:00:21+00:00;3.680.965.032.242.810;11.836.647.892.417.000;8,36;75
2018-06-01 20:00:21+00:00;2.044.138.659.965.460;17.882.064.234.410.900;15,05;100
2018-06-01 21:00:21+00:00;3.082.190.399.951.160;1.694.976.229.867.250;14,64;30
2018-06-01 22:00:21+00:00;3.614.606.141.772.970;1.423.987.367.398.720;12,51;100
2018-06-01 23:00:21+00:00;30.780.029.237.620.900;11.682.837.275.098.300;11,44;10
2018-06-02 00:00:21+00:00;3.795.095.888.384.800;14.118.658.579.106.500;12,10;55
2018-06-02 01:00:21+00:00;30.226.693.282.144.600;10.583.150.455.168.700;9,11;100
2018-06-02 02:00:21+00:00;3.737.767.743.218.020;14.517.934.086.250.500;14,16;22
2018-06-02 03:00:21+00:00;46.202.946.332.983.900;8.354.667.321.701.240;6,88;100
2018-06-02 04:00:21+00:00;3.211.652.568.640.090;1.090.940.645.558.330;7,53;100
2018-06-02 05:00:21+00:00;3.995.093.922.041.240;14.418.256.806.036.300;1,27;100
2018-06-02 06:00:21+00:00;4.945.599.583.949.760;16.904.021.984.956.800;14,84;12
2018-06-02 07:00:21+00:00;3.309.621.148.850.040;14.415.371.480.832.400;10,79;33
2018-06-02 08:00:21+00:00;44.018.145.276.770.000;1.275.035.516.834.770;9,45;100
2018-06-02 09:00:21+00:00;293.138.367.315.426;11.185.164.964.348.400;9,21;27
2018-06-02 10:00:21+00:00;3.925.718.408.469.700;12.283.872.235.182.500;12,38;69
2018-06-02 11:00:21+00:00;3.293.184.702.217.510;9.237.603.304.600.540;6,40;99
2018-06-02 12:00:21+00:00;11.858.623.029.217.800;12.561.909.343.294.900;7,27;15
2018-06-02 13:00:21+00:00;52.124.805.126.383.700;18.868.624.395.515.200;1,22;53
2018-06-02 14:00:21+00:00;3.085.124.892.337.040;13.833.588.411.210.000;0,85;30
2018-06-02 15:00:21+00:00;4.128.962.140.195.410;1.453.740.388.314.310;9,26;100
2018-06-02 16:00:21+00:00;3.434.151.215.546.100;9.013.411.007.366.480;6,16;10
2018-06-02 17:00:21+00:00;20.744.608.778.016.600;1.693.421.955.416.920;12,51;100
2018-06-02 18:00:21+00:00;50.166.847.310.421.500;1.721.533.152.985.690;14,76;58
2018-06-02 19:00:21+00:00;4.384.928.629.831.420;14.046.755.919.644.900;13,76;100
2018-06-02 20:00:21+00:00;2.395.455.218.904.090;15.015.421.299.848.800;1,38;80
2018-06-02 21:00:21+00:00;46.783.408.061.372.300;11.902.651.750.271.000;8,10;100
2018-06-02 22:00:21+00:00;56.449.308.451.476.600;12.855.187.676.248.100;9,09;8
2018-06-02 23:00:21+00:00;36.627.925.823.587.600;2.005.970.117.543.070;21,01;37
2018-06-03 00:00:21+00:00;4.822.255.209.404.310;1.239.022.924.469.760;6,89;100
2018-06-03 01:00:21+00:00;509.869.704.288.057;1.796.533.725.353.860;0,16;68
2018-06-03 02:00:21+00:00;2.353.616.116.124.820;185.079.104.924.895;13,10;100
2018-06-03 03:00:21+00:00;42.789.270.441.004.900;14.598.256.746.479.600;13,24;91
2018-06-03 04:00:21+00:00;18.220.543.115.971.100;1.323.281.966.480.010;12,96;68
2018-06-03 05:00:21+00:00;3.581.800.875.019.720;10.310.786.054.329.600;8,64;100
2018-06-03 06:00:21+00:00;28.543.077.448.301.800;14.832.426.889.068.900;14,02;1
2018-06-03 07:00:21+00:00;29.675.220.473.153.000;13.561.698.223.817.800;17,48;79
2018-06-03 08:00:21+00:00;25.198.156.845.953.700;13.267.468.719.311.000;7,91;100
2018-06-03 09:00:21+00:00;24.754.831.870.725.000;12.366.999.412.798.100;12,04;77
2018-06-03 10:00:21+00:00;2.090.582.427.045.780;14.255.649.076.625.300;1,38;10
2018-06-03 11:00:21+00:00;1.389.459.309.780.140;1.465.883.303.249.570;8,86;85
2018-06-03 12:00:21+00:00;3.049.943.199.816.550;13.444.096.605.388.400;11,49;100
2018-06-03 13:00:21+00:00;16.333.795.919.556.900;1.638.073.722.591.190;12,80;100
2018-06-03 14:00:21+00:00;2.601.184.230.147.040;13.479.038.989.971.100;12,09;39
2018-06-03 15:00:21+00:00;2.351.318.806.413.780;1.316.095.376.385.060;11,00;29
2018-06-03 16:00:21+00:00;18.119.790.091.503.100;10.798.416.260.774.300;1,04;100
2018-06-03 17:00:21+00:00;3.966.707.757.594.190;13.015.913.755.382.200;8,68;97
2018-06-03 18:00:21+00:00;3.669.466.046.184.460;1.336.684.701.491.200;15,04;100
2018-06-03 19:00:21+00:00;4.106.256.350.386.490;756.305.670.981.106;6,49;100
2018-06-03 20:00:21+00:00;3.562.643.048.816.250;14.769.219.866.689.100;15,10;100
2018-06-03 21:00:21+00:00;426.586.389.640.865;15.746.599.881.269.900;13,54;12
2018-06-03 22:00:21+00:00;30.496.482.642.518.900;18.861.389.035.105.700;17,76;100
2018-06-03 23:00:21+00:00;56.593.280.084.798;1.126.910.093.846.680;0,91;72
2018-06-04 00:00:21+00:00;18.308.514.026.429.800;13.261.925.131.428.900;13,08;100
2018-06-04 01:00:21+00:00;1.609.075.152.181.930;14.625.875.755.491.200;9,73;100
2018-06-04 02:00:21+00:00;8.438.274.910.130.110;13.391.148.413.063.200;12,79;100
2018-06-04 03:00:21+00:00;12.365.256.712.276.800;11.708.758.917.005.400;0,79;55
2018-06-04 04:00:21+00:00;3.109.465.452.484.530;9.960.727.906.715.950;7,64;76
2018-06-04 05:00:21+00:00;3.215.988.636.046.190;13.700.250.933.542.400;8,82;11
2018-06-04 06:00:21+00:00;4.660.100.631.042.500;1.650.949.009.620.860;11,91;7
2018-06-04 07:00:21+00:00;3.175.006.867.716.990;13.536.950.192.480.100;10,25;100
2018-06-04 08:00:21+00:00;55.303.016.950.414.600;1.337.526.077.356.100;11,93;83
2018-06-04 09:00:21+00:00;3.843.635.995.820.170;14.461.227.855.649.200;12,30;94
2018-06-04 10:00:21+00:00;4.147.380.567.782.800;15.354.460.724.665.100;11,54;100
2018-06-04 11:00:21+00:00;46.550.653.425.028.800;1.432.191.684.245.550;12,65;72
2018-06-04 12:00:21+00:00;31.799.029.409.362.100;10.523.435.388.615.900;9,39;8
2018-06-04 13:00:21+00:00;5.657.516.887.567.060;14.638.890.424.788.200;11,04;89
2018-06-04 14:00:21+00:00;41.254.056.912.836.400;1.200.304.016.415.900;8,83;100
2018-06-04 15:00:21+00:00;5.755.219.415.232.610;11.779.104.266.199.700;8,75;100
2018-06-04 16:00:21+00:00;4.982.256.392.838.480;10.904.978.572.923.700;12,80;100
2018-06-04 17:00:21+00:00;4.284.811.147.690.390;13.315.105.079.040.400;9,39;35
2018-06-04 18:00:21+00:00;31.511.720.075.328.800;12.220.097.624.832.300;11,99;57
2018-06-04 19:00:21+00:00;3.480.400.911.966.960;1.281.387.571.200.020;8,75;90
2018-06-04 20:00:21+00:00;4.090.092.971.139.880;11.105.018.588.582.000;8,03;78
2018-06-04 21:00:21+00:00;2.009.552.389.326.630;15.697.040.901.103.700;13,52;100
2018-06-04 22:00:21+00:00;7.184.346.293.929.750;12.575.843.338.651.900;11,43;96
2018-06-04 23:00:21+00:00;31.189.250.265.871.500;11.762.885.550.581.400;10,09;40
2018-06-05 00:00:21+00:00;3.295.812.254.276.710;9.426.033.575.632.200;8,96;88
2018-06-05 01:00:21+00:00;40.549.538.137.157.000;1.760.620.342.071.490;15,38;100
2018-06-05 02:00:21+00:00;5.432.177.230.522.530;9.753.987.668.411.220;9,06;57
2018-06-05 03:00:21+00:00;35.101.820.252.109.000;14.221.292.274.119.100;10,34;94
2018-06-05 04:00:21+00:00;1.961.723.243.115.380;1.513.092.254.560.900;11,48;19
2018-06-05 05:00:21+00:00;3.604.203.184.465.600;125.847.193.025.015;10,08;58
2018-06-05 06:00:21+00:00;3.720.677.898.903.500;14.542.097.566.417.500;13,89;100
2018-06-05 07:00:21+00:00;32.214.773.399.299;14.727.580.230.783.400;1,32;88
2018-06-05 08:00:21+00:00;23.065.444.119.423.500;15.564.467.457.512.100;12,67;100
2018-06-05 09:00:21+00:00;6.027.029.051.513.900;14.989.546.975.455.500;12,36;100
2018-06-05 10:00:21+00:00;4.597.984.580.578.870;12.765.437.504.668.900;8,08;49
2018-06-05 11:00:21+00:00;43.985.978.283.555.000;12.554.025.701.984.300;0,96;96
2018-06-05 12:00:21+00:00;10.551.861.949.668.100;1.849.634.989.129.130;1,38;5
2018-06-05 13:00:21+00:00;18.846.046.561.846.600;16.178.425.158.743.300;14,71;49
2018-06-05 14:00:21+00:00;16.626.475.271.106.600;1.183.172.709.481.310;0,99;100
2018-06-05 15:00:21+00:00;31.527.931.731.769.500;14.325.808.831.093.300;13,92;18
2018-06-05 16:00:21+00:00;5.019.773.931.791.880;14.482.729.997.341.300;16,23;8
2018-06-05 17:00:21+00:00;33.044.515.689.543.200;13.480.529.178.615.000;12,46;100
2018-06-05 18:00:21+00:00;29.693.229.293.359.300;17.785.975.308.891.600;12,36;31
2018-06-05 19:00:21+00:00;14.402.628.441.176.800;13.274.348.159.132.900;10,23;100
2018-06-05 20:00:21+00:00;3.949.309.951.029.030;13.325.109.590.146.900;7,40;17
2018-06-05 21:00:21+00:00;2.850.823.996.610.380;15.520.736.581.162.300;15,98;18
2018-06-05 22:00:21+00:00;50.546.264.930.431.200;1.123.280.176.964.750;13,57;72
2018-06-05 23:00:21+00:00;25.965.586.037.778.600;12.245.805.285.265.800;7,93;44
2018-06-06 00:00:21+00:00;31.778.130.606.461.400;17.090.215.998.385.200;12,85;100
2018-06-06 01:00:21+00:00;28.002.680.331.054.900;1.345.369.727.674.460;9,64;100
2018-06-06 02:00:21+00:00;31.752.546.043.346.300;11.573.653.519.963.400;7,57;36
2018-06-06 03:00:21+00:00;4.438.266.821.918.390;13.949.317.339.485.200;8,24;56
2018-06-06 04:00:21+00:00;202.456.821.506.279;13.872.408.219.519.400;12,80;17
2018-06-06 05:00:21+00:00;31.820.150.188.574.400;1.676.769.515.546.100;11,27;100
2018-06-06 06:00:21+00:00;33.900.276.514.857.200;16.164.068.632.116.200;1,29;100
2018-06-06 07:00:21+00:00;4.322.720.479.419.750;14.021.743.682.501.200;9,66;100
2018-06-06 08:00:21+00:00;29.018.874.655.317.500;1.754.706.076.703.540;10,62;55
2018-06-06 09:00:21+00:00;47.625.821.919.297.600;1.662.068.547.287.560;12,05;100
2018-06-06 10:00:21+00:00;9.349.655.743.698.850;14.392.459.273.253.600;8,66;87
2018-06-06 11:00:21+00:00;42.267.870.457.936.100;11.471.418.783.755.200;0,92;1
2018-06-06 12:00:21+00:00;33.553.244.623.095.800;17.870.161.212.388.900;15,50;60
2018-06-06 13:00:21+00:00;46.697.935.704.669.400;16.601.909.611.858.200;14,44;100
2018-06-06 14:00:21+00:00;2.351.252.493.613.680;10.586.549.661.117.000;8,98;100
2018-06-06 15:00:21+00:00;577.711.427.206.101;120.822.811.828.297;10,96;100
2018-06-06 16:00:21+00:00;543.012.290.936.003;10.289.617.508.568.800;6,36;96
2018-06-06 17:00:21+00:00;30.659.463.191.013.600;10.920.380.122.853.800;8,11;100
2018-06-06 18:00:21+00:00;3.978.648.636.576.130;1.660.289.594.931.390;12,66;100
2018-06-06 19:00:21+00:00;2.140.744.185.847.730;13.743.535.741.606.000;0,81;39
2018-06-06 20:00:21+00:00;4.410.884.702.232.820;1.191.268.073.993.920;7,90;69
2018-06-06 21:00:21+00:00;2.413.482.158.093.470;15.358.815.226.892.800;1,01;14
2018-06-06 22:00:21+00:00;3.868.912.478.826.690;15.564.747.998.564.600;12,16;19
2018-06-06 23:00:21+00:00;2.145.081.490.267.760;16.766.464.551.660.500;14,55;100
2018-06-07 00:00:21+00:00;5.003.516.852.024.340;1.500.480.468.067.940;11,15;100
2018-06-07 01:00:21+00:00;4.223.147.381.007.960;15.078.743.336.570.100;10,14;99
2018-06-07 02:00:21+00:00;617.690.907.155.054;11.528.347.253.912.300;9,44;100
2018-06-07 03:00:21+00:00;3.770.620.034.010.780;13.762.076.496.206.900;10,15;0
2018-06-07 04:00:21+00:00;16.062.393.676.089.300;1.344.952.730.892.370;9,39;96
2018-06-07 05:00:21+00:00;4.143.463.965.425.700;7.830.798.611.671.490;9,40;100
2018-06-07 06:00:21+00:00;6.777.856.371.873.840;14.393.283.092.162.600;13,62;43
2018-06-07 07:00:21+00:00;3.419.124.211.403.190;9.381.035.359.501.800;7,79;100
2018-06-07 08:00:21+00:00;4.118.761.707.391.010;15.273.764.385.219.300;11,20;100
2018-06-07 09:00:21+00:00;44.026.067.051.205.900;12.589.113.152.694.900;9,18;66
2018-06-07 10:00:21+00:00;19.795.364.830.793.300;12.630.719.370.477.100;8,44;73
2018-06-07 11:00:21+00:00;393.587.301.666.523;12.309.060.727.910.300;8,42;4
2018-06-07 12:00:21+00:00;451.666.289.911.261;1.204.574.759.991.710;9,43;91
2018-06-07 13:00:21+00:00;4.507.231.795.693.150;12.970.326.474.564.200;5,42;76
2018-06-07 14:00:21+00:00;2.955.345.177.518.550;15.774.936.334.020.800;1,54;100
2018-06-07 15:00:21+00:00;24.729.277.283.742.200;10.894.613.496.443.400;9,51;100
2018-06-07 16:00:21+00:00;26.041.536.192.420.200;13.552.181.138.346.800;9,11;35
2018-06-07 17:00:21+00:00;30.348.442.521.522.100;1.864.722.805.127.140;1,78;28
2018-06-07 18:00:21+00:00;376.547.075.808.152;11.895.831.873.642.200;1,08;40
2018-06-07 19:00:21+00:00;18.484.486.687.193.800;13.485.993.354.859.800;1,23;100
2018-06-07 20:00:21+00:00;4.818.971.722.113.360;15.566.677.516.871.600;11,76;72
2018-06-07 21:00:21+00:00;4.465.376.211.178.030;18.824.851.012.149.800;16,11;99
2018-06-07 22:00:21+00:00;6.598.601.687.408.720;17.290.060.564.642.700;10,48;100
2018-06-07 23:00:21+00:00;3.952.697.962.633.030;13.184.488.043.328.900;11,18;100
2018-06-08 00:00:21+00:00;3.284.983.354.206.630;14.477.979.696.415.500;1,09;12
2018-06-08 01:00:21+00:00;1.633.635.233.704.390;13.020.423.950.780.700;12,33;100
2018-06-08 02:00:21+00:00;15.025.988.756.472.200;16.175.377.584.338.500;12,18;99
2018-06-08 03:00:21+00:00;22.328.086.352.698.800;13.235.491.011.180.400;9,47;100
2018-06-08 04:00:21+00:00;17.466.658.748.284.400;1.765.491.214.526.080;16,48;84
2018-06-08 05:00:21+00:00;31.248.485.474.636.300;8.841.660.012.428.360;0,93;94
2018-06-08 06:00:21+00:00;2.532.227.121.840.950;15.013.016.709.895.900;1,36;100
2018-06-08 07:00:21+00:00;489.696.152.096.134;15.339.378.953.763.200;1,32;100
2018-06-08 08:00:21+00:00;44.785.750.755.394.800;7.415.003.864.035.500;7,30;100
2018-06-08 09:00:21+00:00;4.536.516.598.534.020;955.929.990.467.121;7,16;68
2018-06-08 10:00:21+00:00;1.370.627.843.724.640;1.671.423.000.058.150;11,64;100
2018-06-08 11:00:21+00:00;3.549.158.777.637.430;14.784.580.347.700.400;12,48;96
2018-06-08 12:00:21+00:00;13.752.489.109.395.700;15.446.447.349.037.200;8,91;97
2018-06-08 13:00:21+00:00;4.150.988.931.351.170;1.759.769.318.732.540;16,74;54
2018-06-08 14:00:21+00:00;26.502.627.310.551.200;12.684.833.589.712.000;9,96;100
2018-06-08 15:00:21+00:00;16.944.103.338.988.900;1.757.892.852.891.520;13,74;10
2018-06-08 16:00:21+00:00;27.160.933.270.697.300;2.062.281.475.991.020;14,63;100
2018-06-08 17:00:21+00:00;26.146.241.451.210.800;16.595.302.111.376.100;15,90;49
2018-06-08 18:00:21+00:00;4.449.923.869.069.520;14.576.115.707.620.900;13,08;74
2018-06-08 19:00:21+00:00;2.860.979.122.679.240;13.390.077.653.174.400;11,22;16
2018-06-08 20:00:21+00:00;3.564.580.235.755.040;1.403.461.425.668.790;12,33;100
2018-06-08 21:00:21+00:00;23.672.898.477.131.600;1.395.016.009.210.260;11,38;71
2018-06-08 22:00:21+00:00;28.736.234.072.187.000;1.359.168.328.868.120;1,25;100
2018-06-08 23:00:21+00:00;2.370.902.560.058.800;10.851.607.126.622.500;7,99;31
2018-06-09 00:00:21+00:00;3.036.145.436.182.570;14.559.598.258.471.900;11,69;100
2018-06-09 01:00:21+00:00;4.200.007.081.570.580;14.089.250.336.234.000;12,37;100
2018-06-09 02:00:21+00:00;3.841.716.493.486.000;16.838.461.598.797.400;1,07;94
2018-06-09 03:00:21+00:00;5.184.865.043.742.190;14.909.816.493.907.300;9,36;100
2018-06-09 04:00:21+00:00;19.132.836.592.418.900;1.175.076.607.671.300;13,08;78
2018-06-09 05:00:21+00:00;34.896.286.910.192.000;10.865.413.065.240.600;6,96;100
2018-06-09 06:00:21+00:00;2.832.841.197.848.630;13.511.425.711.602.100;13,87;73
2018-06-09 07:00:21+00:00;3.751.619.989.979.050;11.418.541.102.082.000;8,42;47
2018-06-09 08:00:21+00:00;3.688.310.309.314.830;13.876.724.730.916.700;0,09;9
2018-06-09 09:00:21+00:00;24.563.560.868.487.500;1.188.347.419.502.790;11,90;47
2018-06-09 10:00:21+00:00;379.542.907.860.163;16.624.873.763.734.500;1,45;41
2018-06-09 11:00:21+00:00;331.406.064.789.372;1.494.601.936.712.400;13,40;72
2018-06-09 12:00:21+00:00;5.180.052.838.331.300;15.933.381.184.577.600;10,37;100
2018-06-09 13:00:21+00:00;17.269.188.627.536.500;13.125.689.882.313.500;11,39;100
2018-06-09 14:00:21+00:00;27.874.596.402.948.300;14.006.135.224.224.500;5,12;63
2018-06-09 15:00:21+00:00;5.133.341.908.880.180;15.751.392.692.458.100;13,40;56
2018-06-09 16:00:21+00:00;37.765.504.223.883.100;14.412.855.611.579.800;9,74;92
2018-06-09 17:00:21+00:00;23.074.675.672.443.100;15.243.573.570.311.700;15,06;48
2018-06-09 18:00:21+00:00;3.538.758.985.889.240;1.187.351.616.592.940;1,14;100
2018-06-09 19:00:21+00:00;10.325.439.218.779.800;15.606.109.313.881.800;12,85;100
2018-06-09 20:00:21+00:00;4.417.828.733.669.090;12.105.973.109.280.000;11,84;37
2018-06-09 21:00:21+00:00;22.447.576.116.659.800;18.585.837.241.609.700;1,97;100
2018-06-09 22:00:21+00:00;3.580.629.971.907.990;1.399.787.189.186.530;11,10;100
2018-06-09 23:00:21+00:00;3.654.841.956.942.700;1.620.499.051.121.310;13,65;100
2018-06-10 00:00:21+00:00;3.224.767.719.652.900;1.245.294.574.361.120;0,75;48
2018-06-10 01:00:21+00:00;28.573.019.386.290.600;13.004.919.675.094.200;8,67;8
2018-06-10 02:00:21+00:00;31.764.597.472.910.600;12.885.659.829.797.100;8,48;10
2018-06-10 03:00:21+00:00;52.811.042.939.178.700;925.465.945.421.867;7,51;100
2018-06-10 04:00:21+00:00;5.812.330.862.040.980;7.128.687.034.020.210;6,46;100
2018-06-10 05:00:21+00:00;3.183.818.149.279.220;12.825.867.543.065.100;8,91;100
2018-06-10 06:00:21+00:00;2.577.011.928.869.790;8.943.798.492.324.200;7,73;38
2018-06-10 07:00:21+00:00;8.449.947.544.832.600;1.421.912.377.042.740;13,37;9
2018-06-10 08:00:21+00:00;432.401.558.909.045;13.139.187.472.988.900;10,87;47
2018-06-10 09:00:21+00:00;43.689.170.761.005.400;6.687.383.083.807.680;50,00;100
2018-06-10 10:00:21+00:00;33.584.928.031.609.200;12.233.487.428.078.300;6,28;100
2018-06-10 11:00:21+00:00;3.470.925.007.210.330;13.464.461.371.332.800;7,61;100
2018-06-10 12:00:21+00:00;23.515.204.858.063.800;16.948.656.841.066.600;14,83;100
2018-06-10 13:00:21+00:00;258.775.452.679.292;1.241.680.162.535.260;10,43;53
2018-06-10 14:00:21+00:00;52.656.901.938.290.400;9.542.566.045.236.320;7,80;96
2018-06-10 15:00:21+00:00;3.231.163.881.669.540;9.232.153.567.573.410;7,62;100
2018-06-10 16:00:21+00:00;4.043.215.290.265.900;12.260.066.483.748.300;50,00;1
2018-06-10 17:00:21+00:00;31.466.073.784.213.400;11.135.203.625.622.800;5,50;35
2018-06-10 18:00:21+00:00;3.333.566.190.114.160;13.024.266.753.357.400;12,28;100
2018-06-10 19:00:21+00:00;6.220.241.109.227.030;13.939.176.697.793.000;1,33;79
2018-06-10 20:00:21+00:00;5.237.669.084.552.390;14.827.168.566.253.900;10,49;7
2018-06-10 21:00:21+00:00;4.391.961.800.342.320;148.983.785.469.033;7,69;100
2018-06-10 22:00:21+00:00;34.960.252.321.903.400;12.069.227.387.781.200;0,94;60
2018-06-10 23:00:21+00:00;450.926.379.803.207;1.505.213.407.727.670;10,69;48
2018-06-11 00:00:21+00:00;14.361.541.028.523.400;9.818.983.491.936.310;9,52;100
2018-06-11 01:00:21+00:00;34.473.580.248.294.400;1.385.626.353.372.050;9,17;100
2018-06-11 02:00:21+00:00;2.574.811.892.545.670;1.404.246.928.542.010;12,66;16
2018-06-11 03:00:21+00:00;4.432.422.986.563.840;13.829.809.569.743.700;11,28;91
2018-06-11 04:00:21+00:00;4.680.467.035.563.540;11.010.637.311.300.700;11,42;82
2018-06-11 05:00:21+00:00;5.123.345.961.409.090;11.274.538.228.218.200;1,01;100
2018-06-11 06:00:21+00:00;3.401.176.440.928.040;1.509.354.193.963.940;11,29;100
2018-06-11 07:00:21+00:00;3.481.814.510.521.270;12.510.795.226.441.800;10,76;36
2018-06-11 08:00:21+00:00;4.278.729.845.477.470;14.955.747.280.402.100;11,98;100
2018-06-11 09:00:21+00:00;52.426.952.200.778.900;1.204.786.534.755.830;6,59;90
2018-06-11 10:00:21+00:00;14.541.479.627.774.800;20.446.929.386.783.100;1,76;13
2018-06-11 11:00:21+00:00;33.759.356.349.079;12.847.055.447.023.000;10,19;42
2018-06-11 12:00:21+00:00;5.099.722.433.864.640;16.421.532.763.943.000;8,88;100
2018-06-11 13:00:21+00:00;4.576.356.711.505.360;1.929.063.510.310.600;1,26;58
2018-06-11 14:00:21+00:00;25.505.458.768.403.400;1.621.938.508.022.370;11,85;90
2018-06-11 15:00:21+00:00;41.205.600.039.097.600;1.266.808.659.655.890;0,12;100
2018-06-11 16:00:21+00:00;18.480.501.197.134.300;13.288.517.214.867.600;9,36;52
2018-06-11 17:00:21+00:00;37.667.160.816.397.100;550.120.898.769.751;5,90;70
2018-06-11 18:00:21+00:00;31.148.023.463.215.500;7.845.984.924.910.260;7,86;83
2018-06-11 19:00:21+00:00;2.569.577.927.153.830;13.482.887.341.283.900;10,42;38
2018-06-11 20:00:21+00:00;4.846.189.119.854.820;12.112.882.524.668.200;11,22;100
2018-06-11 21:00:21+00:00;2.514.251.110.920.330;10.812.732.966.714.900;8,55;71
